sentence_key,source_file,source_id,word,example_number,example_en,tense_name_zh,formula,highlights_json,confidence,reviewed_at
409f55642ccef0062f457978c860e5c88cad30b81b0e8db26a72147401d7a87e,EMC航電詞彙整合1.csv,1,consultant,1,We would like to consult with an experienced aerospace Electromagnetic Compatibility (EMC) consultant.,特殊句型/需確認,S + would like + (to + V1),"[""would like""]",0.98,2026-07-26
e977fbd7d88a59c35f33d2b4dffafe818830a0293d37df9ea229dc41d918da09,EMC航電詞彙整合1.csv,1,consultant,2,The consultant should review our grounding and shielding concept.,特殊句型/需確認,S + modal + V1,"[""should review""]",0.98,2026-07-26
8a7bcf2e2235c75bae01f1a73e1aa789472ee8ca783361f00e2ae172aa93606b,EMC航電詞彙整合1.csv,2,system-level,1,This is a system-level Electromagnetic Compatibility (EMC) integration issue.,現在簡單式,S + am / is / are + complement,"[""is""]",0.97,2026-07-26
0a4b8c60201001df978d99d1c25ed40f4fcbf2b9dfc2854bf335f5743c6e76a8,EMC航電詞彙整合1.csv,2,system-level,2,"We need a system-level grounding architecture, not only box-level compliance.",現在簡單式,S + V1 / V-s(es),"[""need""]",0.97,2026-07-26
e5b884d239d7be5622abcf8013ae6ebe33a7f734eb16a7d7191d63c19230a2aa,EMC航電詞彙整合1.csv,3,Electromagnetic Compatibility (EMC),1,Electromagnetic Compatibility (EMC) problems often appear during system integration.,現在簡單式,S + V1 / V-s(es),"[""appear""]",0.97,2026-07-26
12a8823c75f8ded02ede6d9b68febf6025f80d4b5da653cfaf186d1dd8937ad8,EMC航電詞彙整合1.csv,3,Electromagnetic Compatibility (EMC),2,The avionics ring must be designed with Electromagnetic Compatibility (EMC) in mind.,特殊句型/需確認,S + modal + be + past participle,"[""must be designed""]",0.98,2026-07-26
d066064cf37aa6c85aa5b1e4cb343327efae4c3ecdcb693adec6a2acd742ee2e,EMC航電詞彙整合1.csv,4,Electromagnetic Environmental Effects (E3),1,MIL-STD-464 focuses on system-level Electromagnetic Environmental Effects (E3) requirements.,現在簡單式,S + V1 / V-s(es),"[""focuses""]",0.94,2026-07-26
7c2bd8e039ecc8821b69a2f02cbd474d5852f9deb64e87ffab0ef2e30f03d747,EMC航電詞彙整合1.csv,4,Electromagnetic Environmental Effects (E3),2,We need to control Electromagnetic Environmental Effects (E3) risks before vehicle integration.,現在簡單式,S + V1 / V-s(es),"[""need""]",0.97,2026-07-26
d46adf48e95e6fa0bd670c59d2018dbaf51e48d276117de128b5a43925b0804f,EMC航電詞彙整合1.csv,5,integration,1,The issue becomes critical during avionics integration.,現在簡單式,S + V1 / V-s(es),"[""becomes""]",0.97,2026-07-26
c4cf52fc63e2acb75d8a6feb39f23f30f93898f1441efa1043b972247f2ea40b,EMC航電詞彙整合1.csv,5,integration,2,Integration testing may reveal grounding weaknesses.,特殊句型/需確認,S + modal + V1,"[""may reveal grounding""]",0.98,2026-07-26
34821445125bf1c272fef427beeade0d7ff82cf87dd75d40f7976f2ec948817d,EMC航電詞彙整合1.csv,6,compliance,1,Our goal is to support MIL-STD-464 compliance.,現在簡單式,S + am / is / are + complement,"[""is""]",0.97,2026-07-26
aeb4431a1b7e8ffad496492eed6007dee4a70b25dadded308bbe6c1624599119,EMC航電詞彙整合1.csv,6,compliance,2,Box-level compliance does not guarantee system-level compliance.,現在簡單式,S + do / does not + V1,"[""does""]",0.97,2026-07-26
f20b1a7d4f45f3e01cf25101098262ebe1c6e604bcecd61b3b9c551a6d33a842,EMC航電詞彙整合1.csv,7,requirement,1,We need to understand the applicable Electromagnetic Compatibility (EMC) requirements.,現在簡單式,S + V1 / V-s(es),"[""need""]",0.97,2026-07-26
db6ec89f9b5e48aab979b9724dc0112d1333d5333c22a0e8fdfc40410eb369a7,EMC航電詞彙整合1.csv,7,requirement,2,The grounding design should meet vehicle-level requirements.,特殊句型/需確認,S + modal + V1,"[""should meet""]",0.98,2026-07-26
50508c8c83645158da40cd7acae72de86f382a83ddc3e3272830d9274420d242,EMC航電詞彙整合1.csv,17,high-frequency,1,High-frequency currents are very sensitive to layout.,現在簡單式,S + am / is / are + complement,"[""are""]",0.97,2026-07-26
a08ff96135899787262844fda22ff1b9c3acc82ddfab2f6462ea506d57a07a6b,EMC航電詞彙整合1.csv,17,high-frequency,2,DC resistance alone does not represent high-frequency behavior.,現在簡單式,S + do / does not + V1,"[""does""]",0.97,2026-07-26
2fa22af90ccdce9bb76e41f59eb4119614bbd471b9b00873591e09cb65be2f06,EMC航電詞彙整合1.csv,73,susceptibility,1,Susceptibility tests evaluate how equipment reacts to external fields.,現在簡單式,S + V1 / V-s(es),"[""evaluate""]",0.97,2026-07-26
c1f2c2cc367969ced56bc5ea008e2f93332256a3cc8fcbda42de9ac3b9032c59,EMC航電詞彙整合1.csv,73,susceptibility,2,Poor shielding increases system susceptibility.,現在簡單式,S + V1 / V-s(es),"[""increases""]",0.94,2026-07-26
a68fc892a67a66127b0684a9c85b7ca4a5a75c357587c87c66c840a2cd401862,EMC航電詞彙整合1.csv,74,radiated emission,1,Radiated emission may increase after harness integration.,特殊句型/需確認,S + modal + V1,"[""may increase""]",0.98,2026-07-26
5274c38fc081e0351a68619bea62629483e1f0757e7cd023724c1ae52ba2d43a,EMC航電詞彙整合1.csv,74,radiated emission,2,The avionics assembly should be checked for radiated emission issues.,特殊句型/需確認,S + modal + be + past participle,"[""should be checked""]",0.98,2026-07-26
9643def35cdbc4df22d3782e589b674bf54d6f81d5f63f6f1f52363c3b3c246b,EMC航電詞彙整合1.csv,75,conducted emission,1,Conducted emission can travel through power lines.,特殊句型/需確認,S + modal + V1,"[""can travel""]",0.98,2026-07-26
be9d51fca6b765a9bca984565a7570f59f7caec256b9066dd97c120901712ac9,EMC航電詞彙整合1.csv,75,conducted emission,2,Power filters help reduce conducted emission.,現在簡單式,S + V1 / V-s(es),"[""help""]",0.97,2026-07-26
2496bc0dc09ecc55d8c5646dcfaf45d21b47656d1a8fc39a6b278d154af249eb,EMC航電詞彙整合1.csv,23,avionics ring,1,The avionics ring supports multiple flight subsystems.,現在簡單式,S + V1 / V-s(es),"[""supports""]",0.94,2026-07-26
e37097678f08c7ade1ca29f27bf93332a60e2f79409d93dbf05de4944ac77c8c,EMC航電詞彙整合1.csv,23,avionics ring,2,The avionics ring does not provide a natural metal reference.,現在簡單式,S + do / does not + V1,"[""does not provide""]",0.97,2026-07-26
95ec51aad84cb5e96388d550304cd7a376a6c8a71d7cc004c5ad95ec6b55eb8b,EMC航電詞彙整合1.csv,25,enclosure,1,Each subsystem enclosure should be bonded to the reference network.,特殊句型/需確認,S + modal + be + past participle,"[""should be bonded""]",0.98,2026-07-26
b4b6fdb92d0e18ef899398fb3f13af28103a6041f805e4549dcf077c0f13399d,EMC航電詞彙整合1.csv,25,enclosure,2,A floating enclosure may increase radiated emissions.,特殊句型/需確認,S + modal + V1,"[""may increase radiated""]",0.98,2026-07-26
45ad4259ce257ff7b73deb426d8bda5a00b298950727fd5612bb1623b18c6f5d,EMC航電詞彙整合1.csv,8,grounding,1,Grounding is difficult when the structure is non-conductive.,現在簡單式,S + am / is / are + complement,"[""is""]",0.97,2026-07-26
285014299bb3ffc5ecb5aeb227aad38f8447e9752e6a40df16b480e5f1172316,EMC航電詞彙整合1.csv,8,grounding,2,We need a clear grounding strategy for the avionics rings.,現在簡單式,S + V1 / V-s(es),"[""need""]",0.97,2026-07-26
910a7aab5ee891c0b22425d005347cdbbf8a75667b10436c2b5421fce78809e5,EMC航電詞彙整合1.csv,9,bonding,1,Bonding provides a low-impedance path between metal parts.,現在簡單式,S + V1 / V-s(es),"[""provides""]",0.97,2026-07-26
caafb4b90bfc053379c881a42281dcedcff789902588c0d46d110b88d71ef926,EMC航電詞彙整合1.csv,9,bonding,2,Each enclosure should have a defined bonding path.,特殊句型/需確認,S + modal + have + past participle,"[""should have""]",0.98,2026-07-26
6774a85fec496cb581b5bffb92b7439c9c8bc8bf5011d1a195fccfbfb1ede212,EMC航電詞彙整合1.csv,10,shielding,1,Shielding reduces radiated emissions and susceptibility.,現在簡單式,S + V1 / V-s(es),"[""reduces""]",0.97,2026-07-26
318a2b0334ecf5b3b07d3bfc129c661932529ac24f0e26e63eb721c5b18c2604,EMC航電詞彙整合1.csv,10,shielding,2,The composite ring does not naturally provide shielding.,現在簡單式,S + do / does not + V1,"[""does not naturally provide""]",0.97,2026-07-26
6b11a4ff10139d3dd3b42b0df5bf80d0d8fcbe0dc5591492ed2d43837967c154,EMC航電詞彙整合1.csv,11,ground reference,1,The system needs a stable ground reference.,現在簡單式,S + V1 / V-s(es),"[""needs""]",0.97,2026-07-26
09cebf83fa7ad12f53609863232cb7ef1446fbf5d849f3c91f286f5d0f1c2ed0,EMC航電詞彙整合1.csv,11,ground reference,2,Cable shields must be terminated to a proper ground reference.,特殊句型/需確認,S + modal + be + past participle,"[""must be terminated""]",0.98,2026-07-26
54c88a1bf540e8167d575108c25cd0af2bc73a4ef38b7855b51f195e1401d4b7,EMC航電詞彙整合1.csv,14,ground plane,1,A ground plane can provide a local return path.,特殊句型/需確認,S + modal + V1,"[""can provide""]",0.98,2026-07-26
b6bda0925b64495405ba009f9a49c0da6f7713046aa9a99f8150f3dcf1cd48e6,EMC航電詞彙整合1.csv,14,ground plane,2,We may need to add a metallic ground plane to each composite panel.,特殊句型/需確認,S + modal + V1,"[""may need""]",0.98,2026-07-26
6ec57ab385a7349d21e771ec382bf7c88464eb79f5a3117d01c990e94e87f7de,EMC航電詞彙整合1.csv,15,return path,1,High-frequency current follows the lowest impedance return path.,現在簡單式,S + V1 / V-s(es),"[""follows""]",0.97,2026-07-26
cfd9b7e0dc7366096f2b78588ac7a613da28dab478a9633b26f9750c0481d12a,EMC航電詞彙整合1.csv,15,return path,2,An uncontrolled return path may cause Electromagnetic Compatibility (EMC) problems.,特殊句型/需確認,S + modal + V1,"[""may cause""]",0.98,2026-07-26
e4413c35a90419669532cf9645c024ea36b4ab4eddb0671180a0e786bd39e2b3,EMC航電詞彙整合1.csv,16,low-impedance path,1,Bonding straps should provide a low-impedance path.,特殊句型/需確認,S + modal + V1,"[""should provide""]",0.98,2026-07-26
fb08edbeac5cb34fc835b3bfe68bf799c71977a16f5788d16b14bf5c6b78b1ba,EMC航電詞彙整合1.csv,16,low-impedance path,2,A long wire is not a low-impedance path at high frequency.,現在簡單式,S + am / is / are + complement,"[""is not""]",0.97,2026-07-26
8908164da8532dbad0f1dfc5bf135c3051894b3850421ee75356274739324236,EMC航電詞彙整合1.csv,18,ground loop,1,A ground loop can introduce noise into sensor signals.,特殊句型/需確認,S + modal + V1,"[""can introduce""]",0.98,2026-07-26
3ffd170f1cca4cd7306c7e116130f26f2903fcd46c8aa4461833196bd8a82c97,EMC航電詞彙整合1.csv,18,ground loop,2,We need to avoid large uncontrolled ground loops.,現在簡單式,S + V1 / V-s(es),"[""need""]",0.97,2026-07-26
6b7312c7c47674f615f386dd62a7d93f0a7a8eba98da96b1437ad019471fbfda,EMC航電詞彙整合1.csv,19,controlled point,1,Power return may be connected to chassis at a controlled point.,特殊句型/需確認,S + modal + be + past participle,"[""may be connected""]",0.98,2026-07-26
b524cff430478479fa4c139cb7124df28a372bf18525d499d82702c2b1810a5f,EMC航電詞彙整合1.csv,19,controlled point,2,A controlled point helps manage return current flow.,現在簡單式,S + V1 / V-s(es),"[""helps""]",0.97,2026-07-26
13752ec4a8b36da25572d664b7582a8f6175389e6816ef692650e9482709da5e,EMC航電詞彙整合1.csv,20,multi-point bonding,1,Multi-point bonding is often preferred for high-frequency Electromagnetic Compatibility (EMC) control.,現在簡單式,S + am / is / are + past participle,"[""is often preferred""]",0.97,2026-07-26
1c929b35569ea4ee6c0fedbab90b04bb96373c47fb6828bf0193280e91fb8993,EMC航電詞彙整合1.csv,20,multi-point bonding,2,The rings may require multi-point bonding around the circumference.,特殊句型/需確認,S + modal + V1,"[""may require""]",0.98,2026-07-26
fb5312cdd733df63c343a3838ea9303314db1cec8ed71f9d25f33754c2b68196,EMC航電詞彙整合1.csv,30,bonding strap,1,A bonding strap should be short and wide.,特殊句型/需確認,S + modal + V1,"[""should be""]",0.98,2026-07-26
a079e12bc055abf6d5f0dc18ef423e5a96377465bf4b10f051148b4b27c31204,EMC航電詞彙整合1.csv,30,bonding strap,2,Long bonding straps are ineffective at high frequency.,現在簡單式,S + am / is / are + complement,"[""are""]",0.97,2026-07-26
e8e73f6a172e497bfc0eb04c0c7e9e70df9a75839530bd91fb7c27a6d512cbf3,EMC航電詞彙整合1.csv,31,bonding hub,1,A central bonding hub may connect the three panels together.,特殊句型/需確認,S + modal + V1,"[""may connect""]",0.98,2026-07-26
e1359a306731dd1e6b88ee22bccef10789c8c0904f89f765370c9272fbc11048,EMC航電詞彙整合1.csv,31,bonding hub,2,The consultant should review whether a bonding hub is appropriate.,特殊句型/需確認,S + modal + V1,"[""should review""]",0.98,2026-07-26
102c756ce112170334ac474fda991864a9352fae62c8445156f31e3eb87a926a,EMC航電詞彙整合1.csv,40,Faraday cage,1,A true Faraday cage requires a continuous conductive enclosure.,現在簡單式,S + V1 / V-s(es),"[""requires""]",0.97,2026-07-26
c2459d71936840d3ea0ddc26f5486a255ff6d2703479aa7a4c406a08da0d36e1,EMC航電詞彙整合1.csv,40,Faraday cage,2,We need to ask whether a full Faraday cage is required.,現在簡單式,S + am / is / are + complement,"[""is""]",0.97,2026-07-26
3fa76c522406e09499b05c8a462f37f84f94f2db220173a108cffeee720174ca,EMC航電詞彙整合1.csv,57,chassis ground,1,Chassis ground is used as a bonding reference.,現在簡單式,S + am / is / are + past participle,"[""is used""]",0.97,2026-07-26
8e7ac1581f663c9cd9683187347d59a28b6622728e2db7d1ba3c7bd6cb0029ed,EMC航電詞彙整合1.csv,57,chassis ground,2,"In our design, there is no natural chassis ground.",現在簡單式,S + am / is / are + complement,"[""is""]",0.97,2026-07-26
e03a608cf84f2c6b8e8c3a0dbbfb06fb239c50e229a26b2b6f7a6d2bfeeab406,EMC航電詞彙整合1.csv,13,conductive chassis,1,The avionics ring does not have a conductive chassis.,現在簡單式,S + do / does not + V1,"[""does not have""]",0.97,2026-07-26
368aab7e7318fe027ea3033dddfe3a600eea1ba907da2eda8bbb01b2aa713bbe,EMC航電詞彙整合1.csv,13,conductive chassis,2,"Without a conductive chassis, shield termination becomes more difficult.",現在簡單式,S + V1 / V-s(es),"[""becomes""]",0.97,2026-07-26
87dece6fb7013985a78b228f6defe94a8f80b3a016b811f62922de6ad2fe15a3,EMC航電詞彙整合1.csv,21,non-conductive,1,The avionics ring is made of non-conductive composite material.,現在簡單式,S + am / is / are + past participle,"[""is made""]",0.97,2026-07-26
9602131ac44f4df9f6e154b6e86e6ceb37e4b573048c5cafee66a012f6449579,EMC航電詞彙整合1.csv,21,non-conductive,2,Non-conductive structures require additional bonding design.,現在簡單式,S + V1 / V-s(es),"[""require""]",0.97,2026-07-26
b966a18ccf45f16baf4944aa56d220603404a47c7f6186fce64d0caf8d2032aa,EMC航電詞彙整合1.csv,22,composite material,1,Composite material is lightweight but may not provide conductivity.,特殊句型/需確認,S + modal + V1,"[""may not provide""]",0.98,2026-07-26
1d54f0ce4bcd1a6257491c496ce21c2b49008c0a97bd0ee694956e38f7e129be,EMC航電詞彙整合1.csv,22,composite material,2,The grounding design must consider the composite material interface.,特殊句型/需確認,S + modal + V1,"[""must consider""]",0.98,2026-07-26
c751198467a51038e10c4b52dd1396f7974ec3988e20f368a7174e751bf1af4b,EMC航電詞彙整合1.csv,24,mounting panel,1,The subsystems are mounted on vertical composite mounting panels.,現在簡單式,S + am / is / are + past participle,"[""are mounted""]",0.97,2026-07-26
e6075d3e01636a9010608eccd5e1e1d691aae711871a497d2c0c400e28cea1d3,EMC航電詞彙整合1.csv,24,mounting panel,2,Each mounting panel may need a local ground plane.,特殊句型/需確認,S + modal + V1,"[""may need""]",0.98,2026-07-26
e43e5a136ad4725a2eb0e2ce42b97b193563a562b273c7d5d4b5abcd842f7a46,EMC航電詞彙整合1.csv,26,metallic liner,1,A metallic liner can improve shielding effectiveness.,特殊句型/需確認,S + modal + V1,"[""can improve shielding""]",0.98,2026-07-26
ee1e52e7565f3122e252d4a085df32fe456459594e19030e3e9d565dd9797168,EMC航電詞彙整合1.csv,26,metallic liner,2,We need to ask whether a metallic liner is necessary.,現在簡單式,S + am / is / are + complement,"[""is""]",0.97,2026-07-26
050d59168960dbfe574c857093fcb6888cb2ff8699d373d029da2100ef302e20,EMC航電詞彙整合1.csv,27,conductive foil,1,Conductive foil may be applied to the composite panel.,特殊句型/需確認,S + modal + be + past participle,"[""may be applied""]",0.98,2026-07-26
e5097c6ccef0a3a4f911035e04556f5803071768dcb2a2f226417523f7cd1590,EMC航電詞彙整合1.csv,27,conductive foil,2,The seams of conductive foil must be electrically continuous.,特殊句型/需確認,S + modal + V1,"[""must be electrically""]",0.98,2026-07-26
6c218d9dcc4e578e37be84c7f5f4b229b7ce1be3ceffa378b9f2c5fd91154cfb,EMC航電詞彙整合1.csv,28,copper foil,1,Copper foil can create a local shielding surface.,特殊句型/需確認,S + modal + V1,"[""can create""]",0.98,2026-07-26
744e113e2ee6a5859d8e9211adc4d7b0b042161937761fac8e1d3816a4545748,EMC航電詞彙整合1.csv,28,copper foil,2,Copper foil must be bonded to the main grounding network.,特殊句型/需確認,S + modal + be + past participle,"[""must be bonded""]",0.98,2026-07-26
862161c2b60da22eb405ae3b141761bd18510143e807dafb3c9feffdc89b1508,EMC航電詞彙整合1.csv,29,copper bar,1,A copper bar can serve as a low-impedance bonding bus.,特殊句型/需確認,S + modal + V1,"[""can serve""]",0.98,2026-07-26
7a2c85c359f9c8be5be99615a7455e72883980cc1255007b53273d514ab10b4f,EMC航電詞彙整合1.csv,29,copper bar,2,Subsystem enclosures can be bonded to the copper bar.,特殊句型/需確認,S + modal + be + past participle,"[""can be bonded""]",0.98,2026-07-26
8be69003008dd4619449c075a57b2859849f3f93b44e1ee2445734f418ac1659,EMC航電詞彙整合1.csv,32,conductive mesh,1,Conductive mesh can be embedded in composite structures.,特殊句型/需確認,S + modal + be + past participle,"[""can be embedded""]",0.98,2026-07-26
a1a63cb740da38c180d33428b55a56c9a67c8ced1994e85ffea8eab9ddac839d,EMC航電詞彙整合1.csv,32,conductive mesh,2,Conductive mesh improves shielding continuity.,現在簡單式,S + V1 / V-s(es),"[""improves""]",0.97,2026-07-26
dc58f4a255985d9b077a2d4d3beccd18a19b2a80f7dc3fe8b723e564699da83e,EMC航電詞彙整合1.csv,33,conductive tape,1,Conductive tape may be used to bridge seams.,特殊句型/需確認,S + modal + be + past participle,"[""may be used to bridge""]",0.98,2026-07-26
3b5dcc1a76847db77d9935ec6fde93748e26606c701e4b3cbf41eab5e28d21eb,EMC航電詞彙整合1.csv,33,conductive tape,2,The adhesive must maintain electrical conductivity.,特殊句型/需確認,S + modal + V1,"[""must maintain""]",0.98,2026-07-26
8bc3d19bcb73cf6b6336d6ebb9f9bee2a00a75acb3ca128575c801a02fc36efd,EMC航電詞彙整合1.csv,34,seam,1,Gaps and seams can reduce shielding effectiveness.,特殊句型/需確認,S + modal + V1,"[""can reduce shielding""]",0.98,2026-07-26
3bc25f1d26605eb5b7c0f09f2de0e4d0018ce89cfc0ccd5ee2ae99aed6a6444d,EMC航電詞彙整合1.csv,34,seam,2,Each seam should be bonded or overlapped properly.,特殊句型/需確認,S + modal + be + past participle,"[""should be bonded""]",0.98,2026-07-26
390a2dcfd3819e7ac65ab5727dd3bc81cf582470fd2f27e193c1edb962dfa01d,EMC航電詞彙整合1.csv,35,gap,1,Small gaps can become leakage paths for RF energy.,特殊句型/需確認,S + modal + V1,"[""can become""]",0.98,2026-07-26
a01614b4fec2f87a8e4bd513c12b7fb4266aef77c08b0dc8fb42b065db24c48e,EMC航電詞彙整合1.csv,35,gap,2,We should minimize gaps in the shielding structure.,特殊句型/需確認,S + modal + V1,"[""should minimize""]",0.98,2026-07-26
15e12c9e40e74a2d8ec28dc1e487d7faaf8962c4a3ca4d783b4df0ffc362e07c,EMC航電詞彙整合1.csv,36,fastener,1,Fasteners can be used as bonding points if properly treated.,特殊句型/需確認,S + modal + be + past participle,"[""can be used""]",0.98,2026-07-26
c0500bef7c2a809425dade04bdc984f34fc99bdae475841e15ac45c1326a4fa1,EMC航電詞彙整合1.csv,36,fastener,2,Paint or coating under fasteners may increase resistance.,特殊句型/需確認,S + modal + V1,"[""may increase""]",0.98,2026-07-26
c35664ef8ba272e779d4df32927b67a3a49b24ed8742e6947ad7edea8d48340a,EMC航電詞彙整合1.csv,37,bonding stud,1,Each panel may need dedicated bonding studs.,特殊句型/需確認,S + modal + V1,"[""may need dedicated bonding""]",0.98,2026-07-26
fc12a8ca297a8eedc17a78c56d3ff79208b2c96d9dd4bd2b336b4205333830e5,EMC航電詞彙整合1.csv,37,bonding stud,2,Bonding studs should be inspected during integration.,特殊句型/需確認,S + modal + be + past participle,"[""should be inspected""]",0.98,2026-07-26
0b1bf182bc36abcda17013352d726eabce013f15bce51bd4bd3369293af5057a,EMC航電詞彙整合1.csv,38,star washer,1,A star washer helps break through surface coating.,現在簡單式,S + V1 / V-s(es),"[""helps""]",0.97,2026-07-26
758184145100e61a5862910ac4b368b81ee9cf52ea521959e81eaf69f536df87,EMC航電詞彙整合1.csv,38,star washer,2,Star washers can improve electrical bonding at fasteners.,特殊句型/需確認,S + modal + V1,"[""can improve""]",0.98,2026-07-26
3b07059f390f7d0e56895ff3480591f4d536374d307e75d65ab058c403cd185d,EMC航電詞彙整合1.csv,39,conductive insert,1,Conductive inserts may be installed in composite panels.,特殊句型/需確認,S + modal + be + past participle,"[""may be installed""]",0.98,2026-07-26
f6791e73ff50a47d8529d86e4f729d5225af2c9b6724bf20a4310c72162c21f7,EMC航電詞彙整合1.csv,39,conductive insert,2,The insert must be connected to the bonding network.,特殊句型/需確認,S + modal + be + past participle,"[""must be connected""]",0.98,2026-07-26
8ccc6a26644ab02c22c96c339c07d35781c5cc81a9024deff0e3c989f4ac923f,EMC航電詞彙整合1.csv,41,harness,1,The avionics harnesses are shielded.,現在簡單式,S + am / is / are + past participle,"[""are shielded""]",0.97,2026-07-26
6d65d4a605762c15308daa24fb9963eeab1b210514384e3a0443f8cfb81a033f,EMC航電詞彙整合1.csv,41,harness,2,Harness routing is critical for Electromagnetic Compatibility (EMC) performance.,現在簡單式,S + am / is / are + complement,"[""is""]",0.97,2026-07-26
f8d791cf05a223ce8cb0278669c61a3329f57a6cb9321a32200ff1a4bbc93be8,EMC航電詞彙整合1.csv,42,connector,1,Each connector should have a defined shield termination method.,特殊句型/需確認,S + modal + have + past participle,"[""should have""]",0.98,2026-07-26
7e0f785ea077d6048489ec129c7820040147586d17b3fff03a85fea870a3bdad,EMC航電詞彙整合1.csv,42,connector,2,Connector backshell bonding must be reviewed.,特殊句型/需確認,S + modal + be + past participle,"[""must be reviewed""]",0.98,2026-07-26
4febb62233f50da61952c12bdf92c88355de07761ed34eaa5cd425cf382331e7,EMC航電詞彙整合1.csv,43,backshell,1,A metal backshell supports 360-degree shield termination.,現在簡單式,S + V1 / V-s(es),"[""supports""]",0.97,2026-07-26
d60b1cbb4f2a2a514ce30f3c850e640adc5c3d062936301fcbbfa366f1a2874f,EMC航電詞彙整合1.csv,43,backshell,2,The backshell should be bonded to the local reference plane.,特殊句型/需確認,S + modal + be + past participle,"[""should be bonded""]",0.98,2026-07-26
c91b98260264224911955dad909fba7fdc4594fccca76f065836d284945b5f7d,EMC航電詞彙整合1.csv,44,cable shield,1,The cable shield must not be left floating.,特殊句型/需確認,S + modal + V1,"[""must not be""]",0.98,2026-07-26
446f0a43c661bad98ba40f1e4bca179d2e930cecf4b9e5e29efaf6b290b85b29,EMC航電詞彙整合1.csv,44,cable shield,2,Cable shields should be terminated consistently across the system.,特殊句型/需確認,S + modal + be + past participle,"[""should be terminated consistently""]",0.98,2026-07-26
9245aeed1ab87db79ed791b8e174a3ee83d2efd8c218c5ad9cc77082496ac229,EMC航電詞彙整合1.csv,45,shield termination,1,Poor shield termination reduces shielding effectiveness.,現在簡單式,S + V1 / V-s(es),"[""reduces""]",0.97,2026-07-26
f2e0e21d0cfb58b1c4285f89eb916c7cfd36f6df9dc7f0a91e20777ef0110f60,EMC航電詞彙整合1.csv,45,shield termination,2,We need to define shield termination rules for each cable type.,現在簡單式,S + V1 / V-s(es),"[""need""]",0.97,2026-07-26
8e2ff1c2e436ef24cedbb44d479077c8c4e1069d6e3d8c54c70ce7cfb7f8be7d,EMC航電詞彙整合1.csv,46,360-degree termination,1,360-degree termination is preferred for high-frequency shielding.,現在簡單式,S + am / is / are + past participle,"[""is preferred""]",0.97,2026-07-26
eed597a576cf813ba32662b738fc4a627b0fc3ed9b3123f8847f3a693bbde12f,EMC航電詞彙整合1.csv,46,360-degree termination,2,Pigtail termination is less effective than 360-degree termination.,現在簡單式,S + am / is / are + complement,"[""is""]",0.97,2026-07-26
da25fdd6ee19d110e6761e22a69f1ac470117134b6bea45ce1f4c214cb06e606,EMC航電詞彙整合1.csv,47,pigtail,1,A long pigtail increases inductance.,現在簡單式,S + V1 / V-s(es),"[""increases""]",0.97,2026-07-26
ae5fbfa74f721d3c594c30f4d0a80bcb6bdc8ec773c218e3dbb46ab794dc646a,EMC航電詞彙整合1.csv,47,pigtail,2,We should avoid pigtails for high-frequency shield termination.,特殊句型/需確認,S + modal + V1,"[""should avoid""]",0.98,2026-07-26
a9a9d2ffd8fa4500b19b7d5922bbd6c1c47662d6ee019d677389bdb9a7e30584,EMC航電詞彙整合1.csv,53,inter-ring harness,1,The inter-ring harness connects A1 and A4.,現在簡單式,S + V1 / V-s(es),"[""connects""]",0.97,2026-07-26
39297d43f79afb088e0a1d54b3c44a8f5622973e26b62e4a9fcde6b144eb94ef,EMC航電詞彙整合1.csv,53,inter-ring harness,2,Inter-ring harness shields should be terminated at both ends if the reference is well controlled.,特殊句型/需確認,S + modal + be + past participle,"[""should be terminated""]",0.98,2026-07-26
37823c7fe27561fc543880aecd1c721aa7866a1cc2b3f1961a029ff3a860a365,EMC航電詞彙整合1.csv,54,feedthrough,1,Antenna feedthroughs should be bonded to the RF reference.,特殊句型/需確認,S + modal + be + past participle,"[""should be bonded""]",0.98,2026-07-26
8b25e2bab557c764d4e99317afdbd2a9be067b72ff85eb129fa190e321fee2ed,EMC航電詞彙整合1.csv,54,feedthrough,2,Power feedthroughs may require filtering.,特殊句型/需確認,S + modal + V1,"[""may require filtering""]",0.98,2026-07-26
475e68236bfa88efc222fad7a68140a7ff89a3661dc42ee6b52d0e181809438f,EMC航電詞彙整合1.csv,55,coax shield,1,The coax shield should be bonded at the antenna interface.,特殊句型/需確認,S + modal + be + past participle,"[""should be bonded""]",0.98,2026-07-26
23f2e79039deabfe073b28102c7ee5359a77a63109aed209a3c6bd1c05a77786,EMC航電詞彙整合1.csv,55,coax shield,2,Poor coax shield bonding may cause RF leakage.,特殊句型/需確認,S + modal + V1,"[""may cause""]",0.98,2026-07-26
737829e587b6c52b26fe1d6e60d13739807903cd450b16a7fd7408d7fa8f0010,EMC航電詞彙整合1.csv,48,Ethernet,1,Most subsystems communicate through Ethernet.,現在簡單式,S + V1 / V-s(es),"[""communicate""]",0.97,2026-07-26
597914ac7a8a3f498220de88f12fafb283896c95ebd99c7c3b74b0d0e3a5721b,EMC航電詞彙整合1.csv,48,Ethernet,2,Shielded Ethernet cables need proper grounding rules.,現在簡單式,S + V1 / V-s(es),"[""need""]",0.97,2026-07-26
b53c081a05d1f2db9ffb8336b4ee3d0d042e8a7883ec40187e79771cb4df28cc,EMC航電詞彙整合1.csv,49,RS-422,1,RS-422 is used for differential communication.,現在簡單式,S + am / is / are + past participle,"[""is used""]",0.97,2026-07-26
7fda3d0d6d2b048fc472e4830701c091cfd66bec7bda3fbbece47aceda95c539,EMC航電詞彙整合1.csv,49,RS-422,2,RS-422 cable shields should be handled carefully in a composite structure.,特殊句型/需確認,S + modal + be + past participle,"[""should be handled carefully""]",0.98,2026-07-26
a46614542739106dbd896e88ccedabd4e4c52b03c8dac1da01cfca3a0c5a00e7,EMC航電詞彙整合1.csv,50,CAN bus,1,CAN bus is widely used in embedded control systems.,特殊句型/需確認,Modal + S + V1,"[""CAN""]",0.98,2026-07-26
bacd90b573a4bda4a689e114458b6f7c0f0145f5969198b9e20ea48755051806,EMC航電詞彙整合1.csv,50,CAN bus,2,CAN bus routing should be separated from high-current power cables.,特殊句型/需確認,Modal + S + V1,"[""CAN"", ""should be separated""]",0.98,2026-07-26
09ddcd804799dd0fbd77ff3e86ccc4d877b4c6b28049099d4694c6aa53de5a53,EMC航電詞彙整合1.csv,51,EtherCAN,1,EtherCAN may be used for inter-subsystem communication.,特殊句型/需確認,S + modal + be + past participle,"[""may be used""]",0.98,2026-07-26
6687e4b17b1ebc73122c6931cd3ab0d2615d5311bddf363c8c8e76a22439a3fb,EMC航電詞彙整合1.csv,51,EtherCAN,2,EtherCAN shielding should follow the overall bonding strategy.,特殊句型/需確認,S + modal + V1,"[""should follow""]",0.98,2026-07-26
07a67bd4f1faebf0651848db5c2728d83d76ab3974ff081f2c815ed24734a9a5,EMC航電詞彙整合1.csv,56,power return,1,Power return should not be confused with chassis bonding.,特殊句型/需確認,S + modal + V1,"[""should not be""]",0.98,2026-07-26
ff3da87095338d12b01bdb182d6050b6049c605073f9d12177aa099dfcdcf310,EMC航電詞彙整合1.csv,56,power return,2,High-current power return paths must be carefully controlled.,特殊句型/需確認,S + modal + V1,"[""must be carefully controlled""]",0.98,2026-07-26
b79ed23398050628fd2e73da6b100ca91dafa73fe1eb7ac35252c89f588b7dc4,EMC航電詞彙整合1.csv,58,power electronics,1,Power electronics can generate strong Electromagnetic Interference (EMI).,特殊句型/需確認,S + modal + V1,"[""can generate""]",0.98,2026-07-26
ee1981e1220c957ddf99df64da5ceb40bb1d91a719fa60b99c6f99f6034f7cfc,EMC航電詞彙整合1.csv,59,high-current load,1,Valve controllers and jet vane drivers are high-current loads.,現在簡單式,S + am / is / are + complement,"[""are""]",0.97,2026-07-26
38ba05b224eb5e16a98cf4ff2b3ce5f17b7838dd98811130fbce783942211695,EMC航電詞彙整合1.csv,59,high-current load,2,High-current loads should not share uncontrolled return paths with sensors.,特殊句型/需確認,S + modal + V1,"[""should not share""]",0.98,2026-07-26
e8f037e6badd8bc5bdb45c64f7285378d7434e89ec59a76e5f6833ff0f1e8e4b,EMC航電詞彙整合1.csv,60,Electronic Power Distribution System (EPDS),1,"The Electronic Power Distribution System (EPDS) distributes 48 V, 28 V, and 5 V power.",現在簡單式,S + V1 / V-s(es),"[""distributes""]",0.94,2026-07-26
c5ef78606a8aaf07cfa446fa2078e530de2a6411879b345f7beace0489e7da9d,EMC航電詞彙整合1.csv,60,Electronic Power Distribution System (EPDS),2,The Electronic Power Distribution System (EPDS) bonding point should be reviewed during Electromagnetic Compatibility (EMC) design.,特殊句型/需確認,S + modal + be + past participle,"[""should be reviewed""]",0.98,2026-07-26
63f2331199e1a2de4fd979e6c576489e9a181c47a8d5de3e6a8f4a184ef95f50,EMC航電詞彙整合1.csv,61,battery power system,1,The battery power system supplies high-current loads.,現在簡單式,S + V1 / V-s(es),"[""supplies""]",0.97,2026-07-26
053f4fde260ed2562803d14012bd94944b4bd44e7d6c1da50990e465e7056768,EMC航電詞彙整合1.csv,61,battery power system,2,Battery return and chassis bonding must be clearly defined.,特殊句型/需確認,S + modal + V1,"[""must be clearly defined""]",0.98,2026-07-26
53d547e122a3de945450f8a0ee417092636036c6eccc88798a47faca466714a8,EMC航電詞彙整合1.csv,62,feedthrough capacitor,1,A feedthrough capacitor can reduce conducted noise at the interface.,特殊句型/需確認,S + modal + V1,"[""can reduce conducted""]",0.98,2026-07-26
7e1d150dfc90e59745e46f937446f8d19f15aa8c23c76b69f29056fcd74f4e31,EMC航電詞彙整合1.csv,62,feedthrough capacitor,2,The consultant should advise whether feedthrough capacitors are needed.,特殊句型/需確認,S + modal + V1,"[""should advise""]",0.98,2026-07-26
c7825437fd66605662c160b1830adfe53483ede6f9a8dce1f3a4ce6cf9013350,EMC航電詞彙整合1.csv,63,common-mode choke,1,A common-mode choke can suppress common-mode noise.,特殊句型/需確認,S + modal + V1,"[""can suppress""]",0.98,2026-07-26
5d97bbcc369be0f9fb3496b8a745d99eeb6ae3c2f7e42f0e2243a87faa18adf5,EMC航電詞彙整合1.csv,63,common-mode choke,2,Power and communication lines may require common-mode chokes.,特殊句型/需確認,S + modal + V1,"[""may require""]",0.98,2026-07-26
b04ecb02c443e8b9f89f43dc1d80cf9491749d49ec527d7352599e29744a3e3a,EMC航電詞彙整合1.csv,64,transient suppression,1,Transient suppression protects equipment from voltage spikes.,現在簡單式,S + V1 / V-s(es),"[""protects""]",0.97,2026-07-26
4e45d42856b688ec2c4497542d85a85455d776e0069d41fae7b6900f1bd3b5f7,EMC航電詞彙整合1.csv,64,transient suppression,2,Power entry points should include transient suppression devices.,特殊句型/需確認,S + modal + V1,"[""should include""]",0.98,2026-07-26
032ed0f94a01a8db692254a4a9d55739ead97cc3cffda050bb05341fe3493406,EMC航電詞彙整合1.csv,52,sensor cable,1,Sensor cables are sensitive to conducted and radiated noise.,現在簡單式,S + am / is / are + complement,"[""are""]",0.97,2026-07-26
e724604f4df8439623c1958689129f9a0ae9750a6b37ae8264c32d82fa3fe6d4,EMC航電詞彙整合1.csv,52,sensor cable,2,Sensor cables should be routed away from power electronics.,特殊句型/需確認,S + modal + be + past participle,"[""should be routed away""]",0.98,2026-07-26
0f0f2cbf93ee20af1c324fb18a22456d86ce2eb795acc697e36a97786035af02,EMC航電詞彙整合1.csv,66,IEPE sensor,1,IEPE sensors require low-noise signal wiring.,現在簡單式,S + V1 / V-s(es),"[""require""]",0.97,2026-07-26
442f53bc1eeada04891cd9f9470ace96b2972911b6f7c4201421f33bf17ca71b,EMC航電詞彙整合1.csv,67,strain gauge,1,Strain gauge signals are very small and noise-sensitive.,現在簡單式,S + am / is / are + complement,"[""are""]",0.97,2026-07-26
ae9ca88a25dbb5c7774eb15a8b636cc6f3b232880be17969fd599ec57d65b568,EMC航電詞彙整合1.csv,67,strain gauge,2,Strain gauge wiring must be separated from high-current cables.,特殊句型/需確認,S + modal + be + past participle,"[""must be separated""]",0.98,2026-07-26
8e050153b2fb336bcf8c52ffbec081ac34221df6d9da0ca75a498d91457d0805,EMC航電詞彙整合1.csv,68,bridge excitation,1,Strain gauges often require bridge excitation.,現在簡單式,S + V1 / V-s(es),"[""require""]",0.97,2026-07-26
dcf6c68b6ff67e7db1522791faf993b361ca298e615d2b6da6eb19e3a6e6d5e2,EMC航電詞彙整合1.csv,68,bridge excitation,2,Bridge excitation return should be carefully controlled.,特殊句型/需確認,S + modal + V1,"[""should be carefully controlled""]",0.98,2026-07-26
4696dd8afd7f747f4ef5deb6337b894cef3ede7ff236d470ea577fc28b7fab7a,EMC航電詞彙整合1.csv,69,sensor return,1,Sensor return should be separated from noisy power return.,特殊句型/需確認,S + modal + be + past participle,"[""should be separated""]",0.98,2026-07-26
fafc8d3ac06eed6df5985295e195cb10edac793a84479f6222bb82272adf900f,EMC航電詞彙整合1.csv,69,sensor return,2,Uncontrolled sensor return may create measurement error.,特殊句型/需確認,S + modal + V1,"[""may create""]",0.98,2026-07-26
232f492fe18f5b9a445d6d43da32ba0e89c741289533c9bc56b82d51301c76c6,EMC航電詞彙整合1.csv,12,RF reference,1,A metal chassis often acts as an RF reference.,現在簡單式,S + V1 / V-s(es),"[""acts""]",0.97,2026-07-26
a4ed294efaddd157f98653f502915e4fb837c50185deb49f3875555ac881b995,EMC航電詞彙整合1.csv,12,RF reference,2,We need to create an RF reference inside the composite structure.,現在簡單式,S + V1 / V-s(es),"[""need""]",0.97,2026-07-26
7d16fefa1476043f7da154465d6d3c82c5c4ee562f19e3d7cee876971296ef1e,EMC航電詞彙整合1.csv,70,RF compatibility,1,RF compatibility is critical for communication modules.,現在簡單式,S + am / is / are + complement,"[""is""]",0.97,2026-07-26
3b93c9fb4813b1bbab9f6790df663c04930042c8759d4517e28a099c25946f6e,EMC航電詞彙整合1.csv,70,RF compatibility,2,"We need to verify RF compatibility between S-band, UHF, and C-band systems.",現在簡單式,S + V1 / V-s(es),"[""need""]",0.97,2026-07-26
b2371e9e3c2cd2707775342f516d0daf0750093eaad755399c0368e44acad3ed,EMC航電詞彙整合1.csv,71,receiver desensitization,1,Receiver desensitization can reduce communication range.,特殊句型/需確認,S + modal + V1,"[""can reduce""]",0.98,2026-07-26
a11a6ee87a6011dcd74fcd84741ec36641e97e6d5dae949d1c830c4ae6e54a38,EMC航電詞彙整合1.csv,71,receiver desensitization,2,Strong nearby transmitters may cause receiver desensitization.,特殊句型/需確認,S + modal + V1,"[""may cause""]",0.98,2026-07-26
cc0bccf155574b7170e687801667868e00c9b8e0ddf3c4e385c46d02fe25778a,EMC航電詞彙整合1.csv,72,self-interference,1,Multiple RF modules may create self-interference.,特殊句型/需確認,S + modal + V1,"[""may create""]",0.98,2026-07-26
c9c40305f30ddb159433c73ced9a927d2c9fd7941e54df261a490c0c4696c8a7,EMC航電詞彙整合1.csv,72,self-interference,2,RF self-interference should be tested during integration.,特殊句型/需確認,S + modal + be + past participle,"[""should be tested""]",0.98,2026-07-26
011a9212de580fc9b6a176403f9969848edb53a687fde143b20660c05281a2ec,EMC航電詞彙整合1.csv,76,verification,1,We need a verification plan for the bonding network.,現在簡單式,S + V1 / V-s(es),"[""need""]",0.97,2026-07-26
f55b871bf0a66f706929012fb3d3a077618c49f97f4db2dd0c922ee00c0ff98a,EMC航電詞彙整合1.csv,76,verification,2,Verification should be performed before formal qualification.,特殊句型/需確認,S + modal + be + past participle,"[""should be performed""]",0.98,2026-07-26
53c145fe9b6c87d58669f9e76eafd7d1bf3258e84d334b9f21914760ee3fea76,EMC航電詞彙整合1.csv,77,qualification,1,Qualification testing confirms compliance with requirements.,現在簡單式,S + V1 / V-s(es),"[""confirms""]",0.97,2026-07-26
9d1ece24bfe62a25fe85b4590100c3dd9540647dba88c123cdccca065362667a,EMC航電詞彙整合1.csv,77,qualification,2,We should reduce integration risks before qualification testing.,特殊句型/需確認,S + modal + V1,"[""should reduce""]",0.98,2026-07-26
0f88306a9d0f7a24df8f8cd309287590275571a8d62d77bf681eb0f59a2997a9,EMC航電詞彙整合1.csv,78,acceptance criteria,1,The consultant should help define acceptance criteria.,特殊句型/需確認,S + modal + V1,"[""should help""]",0.98,2026-07-26
dbfbc46675d1145226201be05446926bdd10b528b47a7fa2ce6201514d7aef4a,EMC航電詞彙整合1.csv,78,acceptance criteria,2,Bonding resistance limits should be part of the acceptance criteria.,特殊句型/需確認,S + modal + V1,"[""should be""]",0.98,2026-07-26
c2446fa61f043372bb8622e728191e8c498495acfdaae1839cd9df24a429e03f,EMC航電詞彙整合1.csv,79,bonding resistance,1,Bonding resistance should be measured at every critical interface.,特殊句型/需確認,S + modal + be + past participle,"[""should be measured""]",0.98,2026-07-26
597b0c7b2d42fd3b0ac62d00d4d35d44e032a567aa7e4e01b67cbd65f7c9cc40,EMC航電詞彙整合1.csv,79,bonding resistance,2,Low DC bonding resistance does not guarantee good RF bonding.,現在簡單式,S + do / does not + V1,"[""does not guarantee""]",0.97,2026-07-26
81930e81fe50938a0eaeb1e7f936409ae854b539c187529e942ff87d324711c0,EMC航電詞彙整合1.csv,80,transfer impedance,1,Transfer impedance is important for shield performance.,現在簡單式,S + am / is / are + complement,"[""is""]",0.97,2026-07-26
1e581ce9b2fd1a952d6372e425ed5a77683d31d953bf5183bf172338e1774c1c,EMC航電詞彙整合1.csv,80,transfer impedance,2,Cable shields with lower transfer impedance provide better protection.,現在簡單式,S + V1 / V-s(es),"[""provide""]",0.97,2026-07-26
62ca0b2b11560c9730ad3c84cf36fe938e1d5360ff9dc8de57f145944acb2296,EMC航電詞彙整合1.csv,81,pre-scan,1,A pre-scan can identify Electromagnetic Compatibility (EMC) issues before formal testing.,特殊句型/需確認,S + modal + V1,"[""can identify""]",0.98,2026-07-26
af94300b6bcd59f3bbc1778c2ed5bb6f265d29781f3880ce76e760178a323895,EMC航電詞彙整合1.csv,81,pre-scan,2,We should perform pre-scan testing in an Electromagnetic Compatibility (EMC) chamber.,特殊句型/需確認,S + modal + V1,"[""should perform""]",0.98,2026-07-26
30d4bae174382f90ab617b8091537eb39cbd50d08de225362c540d4150e6ff30,EMC航電詞彙整合1.csv,82,Electromagnetic Compatibility (EMC) chamber,1,The integrated avionics system should be tested in an Electromagnetic Compatibility (EMC) chamber.,特殊句型/需確認,S + modal + be + past participle,"[""should be tested""]",0.98,2026-07-26
348c64b31a27198a7e500793ad734642e160a6c2720e6b3648ee5fcdc0b3d5c6,EMC航電詞彙整合1.csv,82,Electromagnetic Compatibility (EMC) chamber,2,Chamber testing helps reveal radiated emission problems.,現在簡單式,S + V1 / V-s(es),"[""helps""]",0.97,2026-07-26
b7df4d9eeb91fce3fe74bf0205de5b9b72f0265fdeeda93b80904f33f81f1453,EMC航電詞彙整合1.csv,83,test plan,1,We need a test plan for system-level Electromagnetic Compatibility (EMC) verification.,現在簡單式,S + V1 / V-s(es),"[""need""]",0.97,2026-07-26
292166b073138d2ca2e9a1802788c5879d1202e20264658dec8c4c22449d8eb1,EMC航電詞彙整合1.csv,83,test plan,2,The test plan should include bonding checks and RF self-compatibility tests.,特殊句型/需確認,S + modal + V1,"[""should include bonding""]",0.98,2026-07-26
1eb1d67d52f81d3d63ca7a86beeaa4ddacf2da4a029c40131da0d355ae4d458d,EMC航電詞彙整合1.csv,84,design review,1,Grounding and shielding should be reviewed during design review.,特殊句型/需確認,S + modal + be + past participle,"[""should be reviewed""]",0.98,2026-07-26
c8fa38e395e6847184104f8dc3ffd4f11b55c400ed203821a8840a4e50508fe4,EMC航電詞彙整合1.csv,84,design review,2,The consultant can support the Electromagnetic Compatibility (EMC) design review.,特殊句型/需確認,S + modal + V1,"[""can support""]",0.98,2026-07-26
4014a1f23cb89da8273b00d66469a4db35f62a9d73b9059521c24877558fc62b,EMC航電詞彙整合1.csv,85,checklist,1,A checklist helps ensure consistent bonding inspection.,現在簡單式,S + V1 / V-s(es),"[""helps""]",0.97,2026-07-26
a785fdab0cd2ecb797d6b9bfb2c3552fe2ab1f64a603f2b91bc9a2346d9d50f7,EMC航電詞彙整合1.csv,85,checklist,2,We should prepare a grounding and shielding checklist.,特殊句型/需確認,S + modal + V1,"[""should prepare""]",0.98,2026-07-26
0ee2d8358df48bd5188fc6336646469d08cfa890f226731d69f6a77c49813920,EMC航電詞彙整合1.csv,86,failure mode,1,Ground loops are a common Electromagnetic Compatibility (EMC) failure mode.,現在簡單式,S + am / is / are + complement,"[""are""]",0.97,2026-07-26
c0125416c0a3966018867d899b2133f6670b39187946b4a8c74d6b4e09b6edb3,EMC航電詞彙整合1.csv,86,failure mode,2,We should ask the consultant about common integration failure modes.,特殊句型/需確認,S + modal + V1,"[""should ask""]",0.98,2026-07-26
a792caa46944eba459e6ce0e45425b01bb42a437ac20f019006fb67407cfa416,EMC航電詞彙整合1.csv,87,risk,1,The main risk is poor shielding continuity.,現在簡單式,S + am / is / are + complement,"[""is""]",0.97,2026-07-26
956f2686f471c1f900c40ebad01a761b58e01e686c0d2d132f98d5636dd6e6c2,EMC航電詞彙整合1.csv,87,risk,2,Early testing can reduce Electromagnetic Compatibility (EMC) integration risk.,特殊句型/需確認,S + modal + V1,"[""can reduce""]",0.98,2026-07-26
70e55c9b3b3e8b91083df0d567fcd6da050b39b9ab4cc18eab4b3d0c2aa69c85,EMC航電詞彙整合1.csv,88,inspection,1,Bonding inspection should be performed after installation.,特殊句型/需確認,S + modal + be + past participle,"[""should be performed""]",0.98,2026-07-26
1cc1f7d6391aaad5c8c4bd4620282b675fe09edcd8c770800ea7abfd745e88e9,EMC航電詞彙整合1.csv,88,inspection,2,Visual inspection alone is not sufficient for bonding verification.,現在簡單式,S + am / is / are + complement,"[""is not""]",0.97,2026-07-26
e04dce768531f65c125b7b7a031a5efcb31dd3208dd4ec0f98533b4302460eb8,EMC航電詞彙整合1.csv,89,measurement,1,Resistance measurement is required for bonding verification.,現在簡單式,S + am / is / are + past participle,"[""is required""]",0.97,2026-07-26
a527776aa656e81269f17678b768b41b86731d85cb556aed89d4402a797b371f,EMC航電詞彙整合1.csv,89,measurement,2,Measurement points should be defined in the test procedure.,特殊句型/需確認,S + modal + be + past participle,"[""should be defined""]",0.98,2026-07-26
116ec88be59b18cef13ceb0d6967c07d34ac767c583c5198171abdea6cbc9897,EMC航電詞彙整合1.csv,90,test procedure,1,The test procedure should describe how to measure bonding resistance.,特殊句型/需確認,S + modal + V1,"[""should describe""]",0.98,2026-07-26
9b681148a4fb58bd9b53f6d9b899ba8347aeec0309ef7928b4d1f56e67b1abba,EMC航電詞彙整合1.csv,90,test procedure,2,A clear test procedure reduces ambiguity during integration.,現在簡單式,S + V1 / V-s(es),"[""reduces""]",0.97,2026-07-26
68e7bd7595973b1be72cca0b9aa4e0fb3a3cd5be5b035d1c3eff8474f6ef1015,EMC航電詞彙整合2.csv,3,introduction,1,The introduction explains the purpose of the Electromagnetic Compatibility (EMC) plan.,現在簡單式,S + V1 / V-s(es),"[""explains""]",0.97,2026-07-26
895ed3ca89af994e53210a3a67d3a99df9fb71b599c3522748e952cf323722b9,EMC航電詞彙整合2.csv,3,introduction,2,The introduction summarizes the scope and applicable standards.,現在簡單式,S + V1 / V-s(es),"[""summarizes""]",0.97,2026-07-26
f5db7a6290f9a909e350b9ac68bb7e1e4275513147ae321919ecb60a71236416,EMC航電詞彙整合2.csv,4,scope,1,The scope of this document covers vehicle-level Electromagnetic Compatibility (EMC) risks.,現在簡單式,S + V1 / V-s(es),"[""covers""]",0.97,2026-07-26
413a43db710fbe20bdacf6af676f14e238a226b29f3644542c154c25df909b2a,EMC航電詞彙整合2.csv,4,scope,2,The scope must clearly define what is included and excluded.,特殊句型/需確認,S + modal + V1,"[""must clearly define""]",0.98,2026-07-26
5708f6f9a4c03d42a1a3657423a42e83a6ef26807989ab1628413bf8ddb3d9d8,EMC航電詞彙整合2.csv,8,table of contents,1,The table of contents lists all major Electromagnetic Compatibility (EMC) topics.,現在簡單式,S + V1 / V-s(es),"[""lists""]",0.97,2026-07-26
1bd2dab2e14139b6d7668119173fdbccfa9d1a09b82e3f5bab6d39a1ca9ce084,EMC航電詞彙整合2.csv,8,table of contents,2,A clear table of contents helps reviewers find each section quickly.,現在簡單式,S + V1 / V-s(es),"[""helps""]",0.97,2026-07-26
64c72483d4dbfdb48171a5f97da2b027ec4cf24584be41cffb27a3756137c752,EMC航電詞彙整合2.csv,1,integration-stage,1,Electromagnetic Compatibility (EMC) problems often appear during the integration stage.,現在簡單式,S + V1 / V-s(es),"[""appear""]",0.97,2026-07-26
f2e71922e6ab15d0c523994a311f180b1cd885af000927ccec1dc512b2a26077,EMC航電詞彙整合2.csv,1,integration-stage,2,Integration-stage verification should include bonding and power checks.,特殊句型/需確認,S + modal + V1,"[""should include bonding""]",0.98,2026-07-26
a477adeb922804abd0600d47bf55f43f543297226e5de66924e67e6afc40e49f,EMC航電詞彙整合2.csv,5,issue,1,Grounding issues may cause unexpected noise.,特殊句型/需確認,S + modal + V1,"[""may cause""]",0.98,2026-07-26
4d798319e5407a59e7b7defb97fc50ce722b087495e8f6b39a2d575a673f7250,EMC航電詞彙整合2.csv,5,issue,2,The team should record each Electromagnetic Compatibility (EMC) issue during integration.,特殊句型/需確認,S + modal + V1,"[""should record""]",0.98,2026-07-26
44aa5e529a6733c53ac8893bdd310458f8e79386bbc3a0b04f006d177edeba70,EMC航電詞彙整合2.csv,6,surface,1,Many Electromagnetic Compatibility (EMC) issues surface only after full integration.,現在簡單式,S + V1 / V-s(es),"[""surface""]",0.97,2026-07-26
ba0618da0d2741c5e75b4302b7ac57444a268a55effa4555f14da0d932d0e56f,EMC航電詞彙整合2.csv,6,surface,2,Converter noise may surface when all avionics boxes are powered.,特殊句型/需確認,S + modal + V1,"[""may surface""]",0.98,2026-07-26
e0d44f087317cf102eb3a8c2470ba422ee0504a591403d13a60fcf75d277b8ce,EMC航電詞彙整合2.csv,7,applicable standards,1,Military Standard 461 (MIL-STD-461) and MIL-STD-464 are applicable standards.,現在簡單式,S + am / is / are + complement,"[""are""]",0.97,2026-07-26
f43b53841d9f0ab443d13859d49e833b09187be3cf4e067c94d097dcc2d0d361,EMC航電詞彙整合2.csv,7,applicable standards,2,Applicable standards should be listed before test planning begins.,特殊句型/需確認,S + modal + be + past participle,"[""should be listed""]",0.98,2026-07-26
ab7017665d5a8326afdc63af9ee01352630604982342b3d7fd27369039da0cae,EMC航電詞彙整合2.csv,2,Electromagnetic Compatibility (EMC),1,Electromagnetic Compatibility (EMC) must be considered before system-level testing.,特殊句型/需確認,S + modal + be + past participle,"[""must be considered""]",0.98,2026-07-26
cb3af2644d58238c4473af62cdc576da442dc9f6d6d377f1cd23fea227be3930,EMC航電詞彙整合2.csv,2,Electromagnetic Compatibility (EMC),2,The Electromagnetic Compatibility (EMC) plan defines how noise risks are controlled.,現在簡單式,S + am / is / are + complement,"[""are""]",0.97,2026-07-26
3c9175868fdff43c945b599ffaa9395c3537a6c7a8e0732690925ce61b458942,EMC航電詞彙整合2.csv,92,although,1,"Although each subsystem passed Military Standard 461 (MIL-STD-461), system-level integration still needs to be verified.",特殊句型/需確認,Mixed tense: past simple + present simple,"[""passed"", ""needs""]",0.88,2026-07-26
a6af4f255e3980a1caf20895df88846d414d724d911a64ba04fe4610b8fbe6d2,EMC航電詞彙整合2.csv,92,although,2,"Although the ring is lightweight, it does not provide a natural conductive reference.",現在簡單式,S + am / is / are + complement,"[""is""]",0.97,2026-07-26
a5c4b3cdb3f6f75a2840c2324fb94c7a3e253dab3bbf9982ae1005070b860a83,EMC航電詞彙整合2.csv,98,approximately,1,The A1 avionics ring is approximately 110 cm in diameter.,現在簡單式,S + am / is / are + complement,"[""is""]",0.97,2026-07-26
9af0defabb9b1b3e6f812ce602202def16e9e2a69aef3c01cc4a392d104b5d04,EMC航電詞彙整合2.csv,98,approximately,2,Each composite panel is approximately 50 cm by 40 cm.,現在簡單式,S + am / is / are + complement,"[""is""]",0.97,2026-07-26
3b138a04af0d939e9c14c3ff496243e378b6c6ebcf579163f6da3ab0da3b51a8,EMC航電詞彙整合2.csv,105,category,1,"The subsystems are grouped by category, such as power, Data Acquisition (DAQ), and Radio Frequency (RF).",現在簡單式,S + am / is / are + past participle,"[""are grouped""]",0.97,2026-07-26
cbd347c912bc51a7c7548acfdfd7e885bc7d3b82708ca932470500d93290a419,EMC航電詞彙整合2.csv,105,category,2,Each category may require different grounding and shielding rules.,特殊句型/需確認,S + modal + V1,"[""may require""]",0.98,2026-07-26
45ab4a79bf31e9aeb5c73b53c53a173709fd2048ec487de107c4ccca1de25c7b,EMC航電詞彙整合2.csv,109,dimensions,1,The dimensions of the composite panel are approximately 50 cm by 40 cm.,現在簡單式,S + am / is / are + complement,"[""are""]",0.97,2026-07-26
afd079a3e6bef1fe1160003e88e6893bb784c6a39947bb617bbec7046ce7aae5,EMC航電詞彙整合2.csv,109,dimensions,2,Please confirm the ring dimensions before preparing the layout diagram.,特殊句型/需確認,(Please) + V1 + ...,"[""confirm""]",0.97,2026-07-26
fb5d947c4d81ee367ceeeb1f4d683cc60f694e6e2b43222b6a184ffd73afe39b,EMC航電詞彙整合2.csv,115,Mercedes-star,1,The A1 mounting panels are arranged in a Mercedes-star configuration.,現在簡單式,S + am / is / are + past participle,"[""are arranged""]",0.97,2026-07-26
30a64a7853929de2c547cef7452ce39cfd540af623122c23c5eda7c9ae74da56,EMC航電詞彙整合2.csv,115,Mercedes-star,2,The Mercedes-star layout provides three vertical mounting surfaces inside the ring.,現在簡單式,S + V1 / V-s(es),"[""provides""]",0.97,2026-07-26
33ad0151cf0b841a0179600a3013430bc81f4df957c892ac567334f11d6c5e42,EMC航電詞彙整合2.csv,9,requirement,1,Each subsystem must meet the Electromagnetic Compatibility (EMC) requirements.,特殊句型/需確認,S + modal + V1,"[""must meet""]",0.98,2026-07-26
1bd646201e499661d517a964b8c9a24d01cd36cede8fb8d8f009031eb1b4cdc7,EMC航電詞彙整合2.csv,9,requirement,2,"The requirement should include limits, methods, and verification criteria.",特殊句型/需確認,S + modal + V1,"[""should include""]",0.98,2026-07-26
b4ed504c6b80625f595c1258a9d19d36f9ac7614bce4806f3cac5f109b736f2b,EMC航電詞彙整合2.csv,10,flow-down,1,Vehicle-level requirements are flowed down to each box.,現在簡單式,S + am / is / are + past participle,"[""are flowed""]",0.97,2026-07-26
d7ad203391a0d6ac5d047279fe82e86be2ed7b8ec9a2056c9addfecb11bfa488,EMC航電詞彙整合2.csv,10,flow-down,2,Requirement flow-down prevents gaps between system and subsystem design.,現在簡單式,S + V1 / V-s(es),"[""prevents""]",0.97,2026-07-26
3374e44b341b8db918a17b0b1ef5728ce9e486052b854bf88e24f9d69b728f91,EMC航電詞彙整合2.csv,11,vehicle-level,1,Vehicle-level Electromagnetic Compatibility (EMC) testing verifies the complete system.,現在簡單式,S + V1 / V-s(es),"[""verifies""]",0.97,2026-07-26
2410381eb6550f0c3085895562f846df10262af11b0dca78efde8dd04c04fcb3,EMC航電詞彙整合2.csv,11,vehicle-level,2,Vehicle-level limits are usually stricter than informal bench checks.,現在簡單式,S + am / is / are + complement,"[""are""]",0.97,2026-07-26
ee77c664833c27c289e08e1c26d80b3969a6742563cbd6ba1883dcc90c309a0d,EMC航電詞彙整合2.csv,12,box-level,1,Box-level tests are performed before integration.,現在簡單式,S + am / is / are + past participle,"[""are performed""]",0.97,2026-07-26
989f4deddf6ce7c3f1c6982dc97ce005b8e94baccca801ab113cf5266765ed63,EMC航電詞彙整合2.csv,12,box-level,2,Box-level compliance does not guarantee vehicle-level compatibility.,現在簡單式,S + do / does not + V1,"[""does not guarantee""]",0.97,2026-07-26
b0d692e96fd947d52fc40ebf712478cce0d23a3b079c7268838dc2083c6b089a,EMC航電詞彙整合2.csv,13,allocation,1,Noise limits must be allocated to each subsystem.,特殊句型/需確認,S + modal + be + past participle,"[""must be allocated""]",0.98,2026-07-26
dc2b37a644901ed9e4d9a28dabbf7ea757f5538b45b4995d506804921a76c42c,EMC航電詞彙整合2.csv,13,allocation,2,Proper allocation helps avoid exceeding the total Electromagnetic Compatibility (EMC) margin.,現在簡單式,S + V1 / V-s(es),"[""helps""]",0.97,2026-07-26
ea622290e0003b84ab29807246c84cd9c6d2e5ad42790e61cf4f30dbcf3997d3,EMC航電詞彙整合2.csv,14,tailoring,1,Electromagnetic Compatibility (EMC) tailoring is needed for mission-specific conditions.,現在簡單式,S + am / is / are + past participle,"[""is needed""]",0.97,2026-07-26
a573c81a540e86298f90163f1376da979ea3226085d8a710e4c1b9f33dd4c62f,EMC航電詞彙整合2.csv,14,tailoring,2,Tailoring should be justified and documented in the control plan.,特殊句型/需確認,S + modal + be + past participle,"[""should be justified""]",0.98,2026-07-26
e3b35cbda217ff7e7602cf7f1667e3cffa829fb339740533f3571f69ee1e49ee,EMC航電詞彙整合2.csv,15,range requirements,1,Range requirements may add extra safety constraints.,特殊句型/需確認,S + modal + V1,"[""may add""]",0.98,2026-07-26
80bc99e847cb5d2ad43a020aa03154caf3d2e5dee4787627e6d8c85725a92371,EMC航電詞彙整合2.csv,15,range requirements,2,Range requirements can affect RF operations during countdown.,特殊句型/需確認,S + modal + V1,"[""can affect""]",0.98,2026-07-26
32f953ff7ccddafd49050193718311648a1bf23ce9abb74c34c704fae910f303,EMC航電詞彙整合2.csv,16,compliance,1,Compliance with Military Standard 461 (MIL-STD-461) is required.,現在簡單式,S + am / is / are + complement,"[""is""]",0.97,2026-07-26
c5070d1b0cc58c5dcc53f7095f5d7c3f8e94ab06a398975aaf498e8dfd238376,EMC航電詞彙整合2.csv,16,compliance,2,Compliance must be supported by test data and analysis.,特殊句型/需確認,S + modal + be + past participle,"[""must be supported""]",0.98,2026-07-26
a23dc4a6bef8209d9ad48f75ee922a8fa09b78c188dbc2239332bc73e0f7a055,EMC航電詞彙整合2.csv,17,compliance matrix,1,A compliance matrix tracks every Electromagnetic Compatibility (EMC) requirement.,現在簡單式,S + V1 / V-s(es),"[""tracks""]",0.97,2026-07-26
bfbcff1f452f80f1176a49d1f7ff33a4b4f189c65bc13b67a883c2681156dd85,EMC航電詞彙整合2.csv,17,compliance matrix,2,The compliance matrix should identify verification status and evidence.,特殊句型/需確認,S + modal + V1,"[""should identify""]",0.98,2026-07-26
80cb5d617ce8a89c5b97b8df9333d324e9a342adbc54986708da3b35c95350b0,EMC航電詞彙整合2.csv,99,sufficient,1,The structure may not provide a sufficient Radio Frequency (RF) reference.,特殊句型/需確認,S + modal + V1,"[""may not provide""]",0.98,2026-07-26
2b72f2a813032956e9aed488553d3baf477d432491cf752a9d037b4910f3a9ca,EMC航電詞彙整合2.csv,99,sufficient,2,We need sufficient bonding points around the avionics ring.,現在簡單式,S + V1 / V-s(es),"[""need""]",0.97,2026-07-26
34f32707c6379fdd83b63ef5e4af8c7e8712d7c5790de63ec4e96150bb5b2c5b,EMC航電詞彙整合2.csv,18,grounding,1,Poor grounding can increase conducted noise.,特殊句型/需確認,S + modal + V1,"[""can increase conducted""]",0.98,2026-07-26
e797e91c39e36412cd2adeb31c529f73533345516e6f2e4c3ec58b9e74e64dcf,EMC航電詞彙整合2.csv,18,grounding,2,Grounding design must consider both safety and Electromagnetic Compatibility (EMC) performance.,特殊句型/需確認,S + modal + V1,"[""must consider""]",0.98,2026-07-26
65648cef3f2071fee0664e8acab638a1c342ff50cfa926efa9b0a3ccf6be64c8,EMC航電詞彙整合2.csv,19,bonding,1,Bonding reduces voltage differences between metal parts.,現在簡單式,S + V1 / V-s(es),"[""reduces""]",0.97,2026-07-26
77ec1e721dc9a5f4c8339d8a00270cd5c4039a12765c872d11f686c694abb58d,EMC航電詞彙整合2.csv,19,bonding,2,All equipment cases should have a controlled bonding path.,特殊句型/需確認,S + modal + have + past participle,"[""should have""]",0.98,2026-07-26
2ee1aea038761b714227595fdef2479e2815598de69e12eaaf57f17cb797f0d5,EMC航電詞彙整合2.csv,20,grounding philosophy,1,The grounding philosophy must be defined early.,特殊句型/需確認,S + modal + be + past participle,"[""must be defined early""]",0.98,2026-07-26
6c7d377b24feb2d46536c803083d7f889be1382a44ff88ec4855878516ee9b91,EMC航電詞彙整合2.csv,20,grounding philosophy,2,A mixed grounding philosophy can create unpredictable noise paths.,特殊句型/需確認,S + modal + V1,"[""can create""]",0.98,2026-07-26
bbfe97e46a183f76728013489a234c932bb732ae2c364accabb2d593919c12a9,EMC航電詞彙整合2.csv,21,bonding requirement,1,The bonding requirement defines the maximum resistance.,現在簡單式,S + V1 / V-s(es),"[""defines""]",0.97,2026-07-26
504fad33658859b892b1b4bf287bc483241cac07799a681cab6b2c5d2ed68770,EMC航電詞彙整合2.csv,21,bonding requirement,2,Each bonding requirement should include an inspection method.,特殊句型/需確認,S + modal + V1,"[""should include""]",0.98,2026-07-26
dbda36c1af051279e58c6bebfbfcf2129405e01abe3be531de9b0f11c7f7a315,EMC航電詞彙整合2.csv,22,verification,1,Bonding verification is performed before Electromagnetic Compatibility (EMC) testing.,現在簡單式,S + am / is / are + past participle,"[""is performed""]",0.97,2026-07-26
d24f2db54f29467c8aa79094e52fddb23a29c205b477ad2abe075d771ea9c894,EMC航電詞彙整合2.csv,22,verification,2,Verification confirms that the installed system meets the requirement.,現在簡單式,S + V1 / V-s(es),"[""confirms""]",0.97,2026-07-26
89fbd253a56139232209dfce0e9a2e082964ec03e3ed914f5e3dbcc96ab6df54,EMC航電詞彙整合2.csv,23,common pitfall,1,A common pitfall is grounding a shield at the wrong location.,現在簡單式,S + am / is / are + complement,"[""is""]",0.97,2026-07-26
29e6f7394abbc1fe43d040647aa300947d938e4ca26b3eb6f49d2d3de7176f7a,EMC航電詞彙整合2.csv,23,common pitfall,2,Another common pitfall is assuming metal contact always provides good bonding.,現在簡單式,S + am / is / are + complement,"[""is""]",0.97,2026-07-26
af9295df18e35d11f02cd5a8987fb23d5028c5dccde9cf016cdf422c71bb1439,EMC航電詞彙整合2.csv,24,ground loop,1,A ground loop can introduce low-frequency noise.,特殊句型/需確認,S + modal + V1,"[""can introduce""]",0.98,2026-07-26
e224cf90a4804eb9872067cd79696d4afb16e5f4192b1fd0ef60e0856bd131db,EMC航電詞彙整合2.csv,24,ground loop,2,Ground loops often appear when multiple return paths exist.,現在簡單式,S + V1 / V-s(es),"[""appear""]",0.97,2026-07-26
00bd0dda46ecc849bc61127e10eba1985ba06b6933f60c6bd56d5ce1b771a3d0,EMC航電詞彙整合2.csv,25,bonding audit,1,A bonding audit checks all grounding paths.,現在簡單式,S + V1 / V-s(es),"[""checks""]",0.97,2026-07-26
49a65ac06b14feb3f3fef5acbbc56381a45f9a7a4fe3b8bfd9221db16b98d11e,EMC航電詞彙整合2.csv,25,bonding audit,2,The bonding audit should include torque marks and resistance records.,特殊句型/需確認,S + modal + V1,"[""should include""]",0.98,2026-07-26
f094dfbffb87607489c56590df22cf563834fbcfe2eb116b61b92bb0b2c5496b,EMC航電詞彙整合2.csv,114,arranged at,1,The three composite panels are arranged at 120 degrees.,現在簡單式,S + am / is / are + past participle,"[""are arranged""]",0.97,2026-07-26
a7459deb9e6a1f06bb13003e644557b91ca65cdf6a0293407194857a5bdfb89c,EMC航電詞彙整合2.csv,114,arranged at,2,The bonding points should be arranged at regular intervals around the ring.,特殊句型/需確認,S + modal + be + past participle,"[""should be arranged""]",0.98,2026-07-26
7057709cd452b55cf081969bc53b2367cf675aaeff6b53807156a3f6a1283917,EMC航電詞彙整合2.csv,26,harness,1,The power harness should be separated from signal cables.,特殊句型/需確認,S + modal + be + past participle,"[""should be separated""]",0.98,2026-07-26
c1ae781aeec42e7db9a5d2a5d9a0d9d8a6cf5a32cb120ebaf3b8314d7d07abf9,EMC航電詞彙整合2.csv,26,harness,2,Harness design strongly affects Electromagnetic Compatibility (EMC) performance during integration.,現在簡單式,S + V1 / V-s(es),"[""affects""]",0.97,2026-07-26
a4b20d86778a48e83e139bff7327ce70cecf66f27b52261706c4152b60e5f7a3,EMC航電詞彙整合2.csv,27,wiring,1,Good wiring design reduces Electromagnetic Compatibility (EMC) risk.,現在簡單式,S + V1 / V-s(es),"[""reduces""]",0.97,2026-07-26
4b807938a27a3404d85d007ee5e4638b44130008c74b22424047f8fedb647ec1,EMC航電詞彙整合2.csv,27,wiring,2,Wiring changes should be reviewed before retesting.,特殊句型/需確認,S + modal + be + past participle,"[""should be reviewed""]",0.98,2026-07-26
c92237767e68cba8f166d9ed56b328a36b143e3183588f3e975a96f0e5d59260,EMC航電詞彙整合2.csv,28,wire segregation,1,Wire segregation prevents noisy cables from coupling into sensitive signals.,現在簡單式,S + V1 / V-s(es),"[""prevents""]",0.97,2026-07-26
d7e03ecfdf939525957f94e646369288204c0998634b92e13c4acb8c8f96becb,EMC航電詞彙整合2.csv,28,wire segregation,2,"Power, RF, and low-level analog wires need proper wire segregation.",現在簡單式,S + V1 / V-s(es),"[""need""]",0.97,2026-07-26
bebec5e9331042331cbd6276f53d84cd79f065a3353e14e269ef16d4bf89aea2,EMC航電詞彙整合2.csv,29,routing rule,1,Routing rules define how cables should be placed.,特殊句型/需確認,S + modal + be + past participle,"[""should be placed""]",0.98,2026-07-26
fac52fae96eea160a45cea44c39205d9bf8b0163c15895e005f3ff5f484d289b,EMC航電詞彙整合2.csv,29,routing rule,2,A routing rule may require crossing noisy and sensitive cables at right angles.,特殊句型/需確認,S + modal + V1,"[""may require crossing""]",0.98,2026-07-26
864e72070c0302f564671fe73d435d9bddee8227bbd701680cc7fdd22e50f5ad,EMC航電詞彙整合2.csv,30,shield,1,The cable shield must be terminated correctly.,特殊句型/需確認,S + modal + be + past participle,"[""must be terminated correctly""]",0.98,2026-07-26
be83b6e46284a855f7d2794e89ad9c57a7b9bbf33861819a9c6cfb955f641d9b,EMC航電詞彙整合2.csv,30,shield,2,A damaged shield can reduce cable immunity.,特殊句型/需確認,S + modal + V1,"[""can reduce""]",0.98,2026-07-26
c7af1d53e7b100b14781d5e1a488965c3bb563a3ae65b18d56c55d0138dda43d,EMC航電詞彙整合2.csv,31,shield termination,1,360-degree shield termination improves high-frequency performance.,現在簡單式,S + V1 / V-s(es),"[""improves""]",0.97,2026-07-26
8444238b9c81ba3ef44b8a9470b4b5657c51c315a88a1284fb96b6a7b4af7eec,EMC航電詞彙整合2.csv,31,shield termination,2,Poor shield termination may turn a cable into an antenna.,特殊句型/需確認,S + modal + V1,"[""may turn""]",0.98,2026-07-26
b2921d684d91d87f8960e2c0caddd031b2b4d7ab8b18698493b54f01baa01271,EMC航電詞彙整合2.csv,32,shield grounding,1,Shield grounding must match the system grounding plan.,特殊句型/需確認,S + modal + V1,"[""must match""]",0.98,2026-07-26
843185b24bf622f23a3ea3b77205ccb821ca4e490991fac50d1becd01ff566f9,EMC航電詞彙整合2.csv,32,shield grounding,2,Incorrect shield grounding can create a noise injection path.,特殊句型/需確認,S + modal + V1,"[""can create""]",0.98,2026-07-26
050edbda8a3218a77e1a03c1dc0922bdb49292061fe8b4d5785976f92d39c162,EMC航電詞彙整合2.csv,33,harness coupling,1,Harness coupling may transfer noise between cables.,特殊句型/需確認,S + modal + V1,"[""may transfer""]",0.98,2026-07-26
4ff5802f99d4d087d027f2a4f42c086580aa6ce7a26917cea32ba96975fa250b,EMC航電詞彙整合2.csv,33,harness coupling,2,Increasing physical separation can reduce harness coupling.,特殊句型/需確認,S + modal + V1,"[""can reduce""]",0.98,2026-07-26
b10f8e66a83e1c94ff244b0496afec2388e6cd5d2615fd02d58639f749490c5e,EMC航電詞彙整合2.csv,34,shield failure,1,Shield failure can cause radiated emissions to increase.,特殊句型/需確認,S + modal + V1,"[""can cause radiated""]",0.98,2026-07-26
8f4bdddf963599fbfa421eaa727420915a690b7bf6d7f5188dee51555a5d8794,EMC航電詞彙整合2.csv,34,shield failure,2,A loose backshell is a common cause of shield failure.,現在簡單式,S + am / is / are + complement,"[""is""]",0.97,2026-07-26
231459c19b5da23891c153efac0e00d581e78628253b2c66fb743ae391197837,EMC航電詞彙整合2.csv,106,proper,1,Proper shield termination is required for high-frequency Electromagnetic Compatibility (EMC) control.,現在簡單式,S + am / is / are + past participle,"[""is required""]",0.97,2026-07-26
1cf513e58c3b9345a58ad6189842ba57b31106baffccda79fb53804582a54771,EMC航電詞彙整合2.csv,106,proper,2,A proper bonding path should be short and low impedance.,特殊句型/需確認,S + modal + V1,"[""should be""]",0.98,2026-07-26
5fd2cd384ffaaa731e6678d8fa0f6231431574107354f0984abe683ceadae1ff,EMC航電詞彙整合2.csv,35,power quality,1,Power quality affects both reliability and Electromagnetic Compatibility (EMC) performance.,現在簡單式,S + V1 / V-s(es),"[""affects""]",0.97,2026-07-26
b3157e7806322cc20c66728d024cfa7bde2005c62bf1302f8ebbd61923c9dc79,EMC航電詞彙整合2.csv,35,power quality,2,Power quality should be checked under maximum load conditions.,特殊句型/需確認,S + modal + be + past participle,"[""should be checked""]",0.98,2026-07-26
69ff4356dff5dcec4ef2c66c65836faab95af7300aae8f195b2908a4cdb59865,EMC航電詞彙整合2.csv,36,bus,1,The 28 V bus supplies power to avionics equipment.,現在簡單式,S + V1 / V-s(es),"[""supplies""]",0.97,2026-07-26
5a625679001c23380fa87945f51e96fa02100018cb6c742cd8300dc2cf6a3ee2,EMC航電詞彙整合2.csv,36,bus,2,A noisy power bus can affect multiple subsystems.,特殊句型/需確認,S + modal + V1,"[""can affect""]",0.98,2026-07-26
c6d96b1fa2626fcb5b3037b5c7f69593641f89eeb9a3aebd302c5eaa63c50763,EMC航電詞彙整合2.csv,37,transient,1,Load switching may create bus transients.,特殊句型/需確認,S + modal + V1,"[""may create""]",0.98,2026-07-26
bf38b976190ea6c76bc9333a38f7b039e59139e8b89cd353a4fcd20b0cfdb2ad,EMC航電詞彙整合2.csv,37,transient,2,The transient must stay within the equipment input rating.,特殊句型/需確認,S + modal + V1,"[""must stay""]",0.98,2026-07-26
adeb6a51a7f04c0c4e71265980f63ba536528c3beee6016cb9ac2c2a56b2b029,EMC航電詞彙整合2.csv,38,bus transient,1,Bus transients must be limited during launch operations.,特殊句型/需確認,S + modal + be + past participle,"[""must be limited""]",0.98,2026-07-26
fcf00bfbcbb032e22b3e709a49b7253dbd55dbc21c88da92ca12408e5c6e576b,EMC航電詞彙整合2.csv,38,bus transient,2,An umbilical disconnect can create a bus transient.,特殊句型/需確認,S + modal + V1,"[""can create""]",0.98,2026-07-26
76acca8a8af1dfd415ac12ee0c86b9e446631a4cd0244be26123d2c402974c69,EMC航電詞彙整合2.csv,39,conducted emission,1,Conducted emissions are measured on power lines.,現在簡單式,S + am / is / are + past participle,"[""are measured""]",0.97,2026-07-26
598278febeca34057d063d1d2777c2e2814b8ac42f66270250fa3a36db70d85c,EMC航電詞彙整合2.csv,39,conducted emission,2,A filter can reduce conducted emission from a DC-DC converter.,特殊句型/需確認,S + modal + V1,"[""can reduce conducted""]",0.98,2026-07-26
3bb5ab43dbebe0cdc806a9b01a994469229573e6ce9455e280134b38610b3d96,EMC航電詞彙整合2.csv,40,filter integration,1,Filter integration must consider grounding and layout.,特殊句型/需確認,S + modal + V1,"[""must consider grounding""]",0.98,2026-07-26
d5c6e541d229bd1499fa5562f5b455c962966ba4bb01e50957778e38c9dfcf0f,EMC航電詞彙整合2.csv,40,filter integration,2,Bad filter integration may reduce attenuation at high frequency.,特殊句型/需確認,S + modal + V1,"[""may reduce""]",0.98,2026-07-26
ed4eb941ac6dd3e125db4f8d10b47757b43f4b171925221e8b3e4353c1639cf9,EMC航電詞彙整合2.csv,41,converter noise,1,DC-DC converter noise is a common Electromagnetic Compatibility (EMC) problem.,現在簡單式,S + am / is / are + complement,"[""is""]",0.97,2026-07-26
fbe66621178851187a37a9f8591c393491c1625cf8377388dbc2fc3c0c64890b,EMC航電詞彙整合2.csv,41,converter noise,2,Converter noise can couple into sensors through power and ground paths.,特殊句型/需確認,S + modal + V1,"[""can couple""]",0.98,2026-07-26
1611ce86713d2affeb28afa40b9ae29332ec9f35a0945199c3df82e73a234708,EMC航電詞彙整合2.csv,42,power survey,1,A power survey checks voltage ripple and transients.,現在簡單式,S + V1 / V-s(es),"[""checks""]",0.97,2026-07-26
c3222507b69b6e072b7e7fb65e609d9b51dacb6e6eb95195238c248a9a197b4f,EMC航電詞彙整合2.csv,42,power survey,2,The power survey should be repeated after major harness changes.,特殊句型/需確認,S + modal + be + past participle,"[""should be repeated""]",0.98,2026-07-26
9aaf7eaa890121d0f453e2e58a6fc2d64369d1f3469ef82641e7fdda9dfaea84,EMC航電詞彙整合2.csv,43,ordnance circuit,1,Ordnance circuits require strict Electromagnetic Compatibility (EMC) control.,現在簡單式,S + V1 / V-s(es),"[""require""]",0.97,2026-07-26
cd30dfa5f36cddbc9db3640d6cb170ccfca714ac3edde4011b0f508bbb5a19a6,EMC航電詞彙整合2.csv,43,ordnance circuit,2,The ordnance circuit must be isolated from noisy power wiring.,特殊句型/需確認,S + modal + be + past participle,"[""must be isolated""]",0.98,2026-07-26
7a3ce092d5344fc55ece0f1e0da449cdebed31d41324aa95f3bf6f15be8395ec,EMC航電詞彙整合2.csv,44,Hazards of Electromagnetic Radiation to Ordnance (HERO),1,Hazards of Electromagnetic Radiation to Ordnance (HERO) compliance is critical for ordnance safety.,現在簡單式,S + am / is / are + complement,"[""is""]",0.97,2026-07-26
c426a0f56ec910d734525ca302e5fcc07dd703b3cdc4077c4c27d97f7c974646,EMC航電詞彙整合2.csv,44,Hazards of Electromagnetic Radiation to Ordnance (HERO),2,Hazards of Electromagnetic Radiation to Ordnance (HERO) analysis evaluates RF hazards near electro-explosive devices.,現在簡單式,S + V1 / V-s(es),"[""evaluates""]",0.97,2026-07-26
4a9ef08b29602b0bf7ad0b82f93b1a8e70a0a54577a704c38b0a3383f1edb2c0,EMC航電詞彙整合2.csv,45,Hazards of Electromagnetic Radiation to Ordnance (HERO) compliance,1,The system must demonstrate Hazards of Electromagnetic Radiation to Ordnance (HERO) compliance before launch.,特殊句型/需確認,S + modal + V1,"[""must demonstrate""]",0.98,2026-07-26
726699b92524fe9ac005baccb4cb1acb2700f9593ac8aeb3879a1eba316cb3eb,EMC航電詞彙整合2.csv,45,Hazards of Electromagnetic Radiation to Ordnance (HERO) compliance,2,Hazards of Electromagnetic Radiation to Ordnance (HERO) compliance may restrict transmitter operation during integration.,特殊句型/需確認,S + modal + V1,"[""may restrict""]",0.98,2026-07-26
f0193069311552a0d5bef954f7b4ffea79efad153f1f03a57d1708ae112d16fa,EMC航電詞彙整合2.csv,46,Electro-Explosive Device (EED),1,Electro-Explosive Devices (EEDs) must be protected from unintended RF energy.,特殊句型/需確認,S + modal + be + past participle,"[""must be protected""]",0.98,2026-07-26
f94224b26a92d8d67d425417a731dc78549b499a6e0a05d393338edf70348a05,EMC航電詞彙整合2.csv,46,Electro-Explosive Device (EED),2,"An Electro-Explosive Device (EED) requires shielding, isolation, and procedural controls.",現在簡單式,S + V1 / V-s(es),"[""requires""]",0.97,2026-07-26
b5aeedf935e4d6f1e2315b4c930130dedb2d715b9a66bd36acbdcdae5128b876,EMC航電詞彙整合2.csv,47,Electro-Explosive Device (EED) shielding,1,Electro-Explosive Device (EED) shielding reduces the risk of accidental initiation.,現在簡單式,S + V1 / V-s(es),"[""reduces""]",0.97,2026-07-26
37bb81f4e1576458dbb919acaa91490fe7a34147653bd0712bad9a7e2c952666,EMC航電詞彙整合2.csv,47,Electro-Explosive Device (EED) shielding,2,Electro-Explosive Device (EED) shielding should be inspected before ordnance connection.,特殊句型/需確認,S + modal + be + past participle,"[""should be inspected""]",0.98,2026-07-26
12e07c60f45448c8792da515ffa61fbddb4be6e7a242910c2675c00894dd77aa,EMC航電詞彙整合2.csv,48,firing circuit,1,The firing circuit must remain isolated until commanded.,特殊句型/需確認,S + modal + V1,"[""must remain""]",0.98,2026-07-26
3b40ff7dfd95aed9802ffeb7a025b869b18df3ddd770d61b4cdb8fc35f3cd95d,EMC航電詞彙整合2.csv,48,firing circuit,2,Firing circuit layout should minimize unintended coupling.,特殊句型/需確認,S + modal + V1,"[""should minimize unintended coupling""]",0.98,2026-07-26
e04cb2fe462c7ef6f522b45676741737aa5a4f9f6f7e073a45bdfb9b2498a05b,EMC航電詞彙整合2.csv,49,isolation,1,Firing circuit isolation prevents unintended current paths.,現在簡單式,S + V1 / V-s(es),"[""prevents""]",0.97,2026-07-26
ffb9f54abafdb239cd2d79e9f9a44241db60e7ae214635fe49c68cdedb3ca867,EMC航電詞彙整合2.csv,49,isolation,2,Isolation is required between safety-critical and noisy circuits.,現在簡單式,S + am / is / are + past participle,"[""is required""]",0.97,2026-07-26
8b926a495c25b93f31e1b6c8fd4c5de831950d573f30754a25561e998f5f673c,EMC航電詞彙整合2.csv,50,RF compatibility,1,RF compatibility ensures radios can operate together.,特殊句型/需確認,S + modal + V1,"[""can operate""]",0.98,2026-07-26
903c18626d386bfe4aa2370c47029b62d5b0c9540b36b1fd0fb979d5a9b62019,EMC航電詞彙整合2.csv,50,RF compatibility,2,RF compatibility must be checked with all transmitters and receivers active.,特殊句型/需確認,S + modal + be + past participle,"[""must be checked""]",0.98,2026-07-26
3121b859518573b99fc28956b62864f73a0ed33c40cb87a4306aaa94d94df8c6,EMC航電詞彙整合2.csv,51,antenna coupling,1,Antenna coupling can disturb nearby receivers.,特殊句型/需確認,S + modal + V1,"[""can disturb""]",0.98,2026-07-26
4b1f8c171645da57e8b1a2c23bb1ace40dbd86f0b51a854760331a0673914093,EMC航電詞彙整合2.csv,51,antenna coupling,2,"Antenna coupling depends on distance, frequency, and orientation.",現在簡單式,S + V1 / V-s(es),"[""depends""]",0.97,2026-07-26
919326970d00ffb60cfdeadfdd72e427123e7a8ff94da78bf9c2e483c0b6a747,EMC航電詞彙整合2.csv,52,receiver,1,The receiver must be protected from strong transmitters.,特殊句型/需確認,S + modal + be + past participle,"[""must be protected""]",0.98,2026-07-26
bdaba926ca76a80d7283ca6063352b631941927e6aed919f4770cdfb799ea859,EMC航電詞彙整合2.csv,52,receiver,2,A receiver can lose sensitivity in a high RF environment.,特殊句型/需確認,S + modal + V1,"[""can lose""]",0.98,2026-07-26
d7a9b530ca66bb34661fa64bc54a9927a510b594c7c32e6e8a44688213551f1c,EMC航電詞彙整合2.csv,53,desensitization,1,Receiver desensitization may reduce Global Navigation Satellite System (GNSS) performance.,特殊句型/需確認,S + modal + V1,"[""may reduce""]",0.98,2026-07-26
160467c0c30c3e695b465e7b475ff2087ecb19605c09134ff1926a98931604b8,EMC航電詞彙整合2.csv,53,desensitization,2,Desensitization can occur even when the receiver is not damaged.,特殊句型/需確認,S + modal + V1,"[""can occur""]",0.98,2026-07-26
8eec298678b5cfe95cb8ae27bd73a35612fa45d5718b2d7bad8a4bd926c61139,EMC航電詞彙整合2.csv,54,Flight Termination System (FTS),1,The Flight Termination System (FTS) link must be protected from interference.,特殊句型/需確認,S + modal + be + past participle,"[""must be protected""]",0.98,2026-07-26
80cdcada6131fb77e5b7111b9abe77ac3eee15422137ce4ebb04489b5b8417aa,EMC航電詞彙整合2.csv,54,Flight Termination System (FTS),2,Flight Termination System (FTS) performance is critical during launch operations.,現在簡單式,S + am / is / are + complement,"[""is""]",0.97,2026-07-26
75860ec93b1bde8c852cebdd3bbf1e97356e49c4d812609abf99966362056d53,EMC航電詞彙整合2.csv,55,Global Navigation Satellite System (GNSS),1,Global Navigation Satellite System (GNSS) antennas are sensitive to RF interference.,現在簡單式,S + am / is / are + complement,"[""are""]",0.97,2026-07-26
ec4b777550892047deedbb999ae95f52ca3882e29f69061a7e3afdb6a019f18b,EMC航電詞彙整合2.csv,55,Global Navigation Satellite System (GNSS),2,Global Navigation Satellite System (GNSS) protection is important near high-power transmitters.,現在簡單式,S + am / is / are + complement,"[""is""]",0.97,2026-07-26
a862afd66cc498fcd6b26e49dcdc4495d3a9185546059428f5a656ac4698f1d2,EMC航電詞彙整合2.csv,56,protection,1,Global Navigation Satellite System (GNSS) protection is required near high-power transmitters.,現在簡單式,S + am / is / are + complement,"[""is""]",0.97,2026-07-26
c2cefd441021b61322efc91d99d906302f2d9ea80ee2eab29ddc70c5ccdffdff,EMC航電詞彙整合2.csv,56,protection,2,Protection measures should be verified during integration testing.,特殊句型/需確認,S + modal + be + past participle,"[""should be verified""]",0.98,2026-07-26
678d5707ebed422783f486dbc42f369bfa27439375c35037cc0c3093aeaf2890,EMC航電詞彙整合2.csv,57,self-compatibility,1,Self-compatibility testing checks interference within the vehicle.,現在簡單式,S + V1 / V-s(es),"[""checks""]",0.97,2026-07-26
14d198e5875b99b2674d22d2381e3697585f559abfac0c24680f1760c61e0ec0,EMC航電詞彙整合2.csv,57,self-compatibility,2,Self-compatibility problems often appear when multiple radios operate together.,現在簡單式,S + V1 / V-s(es),"[""appear""]",0.97,2026-07-26
58dad6838855d9ec5725e321f9390354bed324bcb1edaa039bed1a10ad5a9ba4,EMC航電詞彙整合2.csv,103,effectiveness,1,Shielding effectiveness depends on continuity and proper termination.,現在簡單式,S + V1 / V-s(es),"[""depends""]",0.97,2026-07-26
523ad77869e14f661aaa81f3dcd3417b657c930a6122f066aa21c9d5c1e1dfe4,EMC航電詞彙整合2.csv,103,effectiveness,2,We need to verify the effectiveness of the bonding network.,現在簡單式,S + V1 / V-s(es),"[""need""]",0.97,2026-07-26
e99805ea78748a69ed40cc98024b12fc4a3e8ee311eb509a6f2df03cf2f17240,EMC航電詞彙整合2.csv,111,react to,1,We need to understand how the system will react to external Radio Frequency (RF) fields.,未來簡單式,S + will + V1,"[""will react""]",0.99,2026-07-26
bc95490387ff7c21d03b952e5c71f4ee4c74fb6a069dc53155152307eb9a8889,EMC航電詞彙整合2.csv,111,react to,2,The Data Acquisition (DAQ) system may react to conducted noise on the power line.,特殊句型/需確認,S + modal + V1,"[""may react""]",0.98,2026-07-26
c51415094b623d454d158e02878551260b1dc01ccac99407d5761e982bf74b38,EMC航電詞彙整合2.csv,58,lightning,1,Lightning protection is part of vehicle Electromagnetic Compatibility (EMC) design.,現在簡單式,S + am / is / are + complement,"[""is""]",0.97,2026-07-26
ac35295b19e2a53ba46aa83ce4225318962537e7f9fec11a2a14d3262fc1ffd6,EMC航電詞彙整合2.csv,58,lightning,2,Lightning current must be routed through a controlled path.,特殊句型/需確認,S + modal + be + past participle,"[""must be routed""]",0.98,2026-07-26
8b2ac02bee5d279cc416fa0e8bb0e29fafe623fa722d2b99fe063767231d6d47,EMC航電詞彙整合2.csv,59,ESD,1,ESD can damage sensitive electronics.,特殊句型/需確認,S + modal + V1,"[""can damage""]",0.98,2026-07-26
ff1f3e1b2d97768ae440495aad9b7905ddad12e43a1956b47f75c024e4f512e7,EMC航電詞彙整合2.csv,59,ESD,2,ESD control is required when handling avionics hardware.,現在簡單式,S + am / is / are + complement,"[""is""]",0.97,2026-07-26
e9eab13ec4e38ee7fbaec20b66b4fa528dfbf2a99d0f17ec7b10ad85bd2eddad,EMC航電詞彙整合2.csv,60,pad,1,The vehicle is exposed to the pad RF environment.,現在簡單式,S + am / is / are + past participle,"[""is exposed""]",0.97,2026-07-26
7c54aa1633f6c3113c4ac3b237a8c38314e3cdecd0671cb7736a039337e239b0,EMC航電詞彙整合2.csv,60,pad,2,Pad operations may introduce additional grounding constraints.,特殊句型/需確認,S + modal + V1,"[""may introduce""]",0.98,2026-07-26
57dc6c8cb17d07c5560820687214cab0f1868e297e6a2a953b1803a06746dacc,EMC航電詞彙整合2.csv,61,pad lightning interface,1,The pad lightning interface must provide a safe discharge path.,特殊句型/需確認,S + modal + V1,"[""must provide""]",0.98,2026-07-26
ce7bfa00645ee15c4cfc1f7ab75c3504f57b08ab831b1ada6f401b65371c9d13,EMC航電詞彙整合2.csv,61,pad lightning interface,2,The pad lightning interface should be reviewed before vehicle rollout.,特殊句型/需確認,S + modal + be + past participle,"[""should be reviewed""]",0.98,2026-07-26
ae7c33bbaf93c41b88ef72e2b9b15869d1a215395f0257cf3b70a6daba5c5174,EMC航電詞彙整合2.csv,62,Precipitation Static (P-static),1,Precipitation Static (P-static) may affect antennas during flight.,特殊句型/需確認,S + modal + V1,"[""may affect""]",0.98,2026-07-26
828c3b904ec92ca6d71520382744d0462baf4176b0c81bc993b1c554b721598f,EMC航電詞彙整合2.csv,62,Precipitation Static (P-static),2,Precipitation Static (P-static) control is important for RF and telemetry performance.,現在簡單式,S + am / is / are + complement,"[""is""]",0.97,2026-07-26
a43601ad9097fb2579d7e3366b3ff0bfec49020361e7bd10a71743269e7e2931,EMC航電詞彙整合2.csv,63,ESD control,1,ESD control is required during integration.,現在簡單式,S + am / is / are + complement,"[""is""]",0.97,2026-07-26
441b186e01b01c43623fd4f15f10a7d8ed717d40bc741babd92bdee2753398d2,EMC航電詞彙整合2.csv,63,ESD control,2,"ESD control includes grounding straps, mats, and handling procedures.",現在簡單式,S + V1 / V-s(es),"[""includes""]",0.97,2026-07-26
b51b7d8f937d5cdf36f1586bd8e936c9ce7508702b7da3ac4a6f6597d921ea7a,EMC航電詞彙整合2.csv,64,discharge path,1,A low-impedance discharge path helps protect electronics.,現在簡單式,S + V1 / V-s(es),"[""helps""]",0.97,2026-07-26
036152b12dd02a1cb7df7d340c18ac0ff302f6be4694437c7c59148534ebe6ee,EMC航電詞彙整合2.csv,64,discharge path,2,The discharge path should not pass through sensitive circuits.,特殊句型/需確認,S + modal + V1,"[""should not pass""]",0.98,2026-07-26
c1aa207a15abea0c41544c1bd6c46b9694fa81afeb882d6119f842710cc72fd8,EMC航電詞彙整合2.csv,65,integration-stage verification,1,Integration-stage verification confirms system-level Electromagnetic Compatibility (EMC) behavior.,現在簡單式,S + V1 / V-s(es),"[""confirms""]",0.97,2026-07-26
9ecaf5cd6c3ddc076f715c577188d01c795b3fee5337400d62abeeb8ee892c65,EMC航電詞彙整合2.csv,65,integration-stage verification,2,Integration-stage verification should be planned before final assembly.,特殊句型/需確認,S + modal + be + past participle,"[""should be planned""]",0.98,2026-07-26
7f928b3396d01ed874a563aa688a238fd7f15b95ed0b035696532aa87bb09ff5,EMC航電詞彙整合2.csv,66,test planning,1,Test planning should start before hardware integration.,特殊句型/需確認,S + modal + V1,"[""should start""]",0.98,2026-07-26
e1c894602c473c98481e78b2ea779470ce86cad451f654af2dfac4bc845912bf,EMC航電詞彙整合2.csv,66,test planning,2,Good test planning reduces schedule risk during Electromagnetic Compatibility (EMC) qualification.,現在簡單式,S + V1 / V-s(es),"[""reduces""]",0.97,2026-07-26
ee5d6f0159c9256d9d207f8e2df04d848840fb0eb3333a113c1f2927ddd0eb2f,EMC航電詞彙整合2.csv,67,self-compatibility test,1,A self-compatibility test checks whether onboard systems interfere with each other.,現在簡單式,S + V1 / V-s(es),"[""checks""]",0.94,2026-07-26
ca789d089d2de31844c7b23d9d66e561b3ad2919f37ff796c7a1ee8a8728060d,EMC航電詞彙整合2.csv,67,self-compatibility test,2,The self-compatibility test should include representative operating modes.,特殊句型/需確認,S + modal + V1,"[""should include""]",0.98,2026-07-26
81e15211badab4da737912266e6f561179ea3236f7e654d7694059e565083995,EMC航電詞彙整合2.csv,68,measurement procedure,1,The measurement procedure defines equipment setup and limits.,現在簡單式,S + V1 / V-s(es),"[""defines""]",0.97,2026-07-26
394d675a6d1d6b6ca0afdbf26e0618127c0093753c3b307051b0277344493cb9,EMC航電詞彙整合2.csv,68,measurement procedure,2,A repeatable measurement procedure improves test credibility.,現在簡單式,S + V1 / V-s(es),"[""improves""]",0.97,2026-07-26
6eaea731890778fef2c73e88f13f71a312758a2ec5af9bb22bb586318e36559c,EMC航電詞彙整合2.csv,69,checklist,1,The checklist helps engineers avoid missing critical steps.,現在簡單式,S + V1 / V-s(es),"[""helps""]",0.97,2026-07-26
3a8a8a4a7fd31f005c0e3002972a8d1b977a33f1a015c26ccbd4b609f1aeff4d,EMC航電詞彙整合2.csv,69,checklist,2,The integration checklist should include shield and bonding inspections.,特殊句型/需確認,S + modal + V1,"[""should include""]",0.98,2026-07-26
50fd848e65e3d5590aa0738b8e5239c73db5ea7c891f29d390cfed9c7a01ec90,EMC航電詞彙整合2.csv,70,test report,1,The test report records results and anomalies.,現在簡單式,S + V1 / V-s(es),"[""records""]",0.97,2026-07-26
0e514135d73d5d3444a8946c894200f269506285bb1b11f8cfad2cd2df57bfe1,EMC航電詞彙整合2.csv,70,test report,2,"The test report should include photos, setup diagrams, and raw data.",特殊句型/需確認,S + modal + V1,"[""should include""]",0.98,2026-07-26
e5cf79dfca53619da3894cf4bb97977101b6c9138965ba05c8cab853aaa28db6,EMC航電詞彙整合2.csv,71,audit,1,An Electromagnetic Compatibility (EMC) audit reviews design and installation quality.,現在簡單式,S + V1 / V-s(es),"[""reviews""]",0.97,2026-07-26
fd06b4ecf37b592e45c460fe8063e1c444093c8216e385bbd46822c18c471329,EMC航電詞彙整合2.csv,71,audit,2,The audit found several missing bonding jumpers.,過去簡單式,S + V2 / V-ed,"[""found""]",0.97,2026-07-26
c4470b7c26719926b4dad212d11165e2f50017e428bd81debff663c36b765d0e,EMC航電詞彙整合2.csv,93,individual,1,Each individual avionics box should be bonded to the local reference structure.,特殊句型/需確認,S + modal + be + past participle,"[""should be bonded""]",0.98,2026-07-26
96246ef2356eec8cc362050eec8d4f654d0b5c5a3ff5859db50f9815d6f6653d,EMC航電詞彙整合2.csv,93,individual,2,Individual test results do not always represent the integrated system performance.,現在簡單式,S + do / does not + V1,"[""do not always represent""]",0.97,2026-07-26
8d2ae06ed5512254400e97ef22ae66d50949a16ad2d80e5d2f38676f2a6cc6dc,EMC航電詞彙整合2.csv,94,individually,1,The subsystems were tested individually before integration.,過去簡單式,S + was / were + past participle,"[""were tested""]",0.97,2026-07-26
2fe1426b716ebeb61a85d729c7f0fbbc90eca6544d290137326fa2c22fdcbaf7,EMC航電詞彙整合2.csv,94,individually,2,Each bonding point should be inspected individually.,特殊句型/需確認,S + modal + be + past participle,"[""should be inspected individually""]",0.98,2026-07-26
2bdf5e149ec9297b961d2f8a3c2ec3550103ce20e1f4d767c0496b32a8c3f671,EMC航電詞彙整合2.csv,95,evaluate,1,We need to evaluate whether the current bonding concept is sufficient.,現在簡單式,S + am / is / are + complement,"[""is""]",0.97,2026-07-26
5c90c9cb69e418104d807f2a4afc84839027cc6fb2550f67354c30896e562a9d,EMC航電詞彙整合2.csv,95,evaluate,2,The consultant will evaluate the grounding and shielding strategy.,未來簡單式,S + will + V1,"[""will evaluate""]",0.99,2026-07-26
ee5e14f76ad80fb9860cb95dc46cb3b0818dbe716c5470dc6a1a36e66baa57b6,EMC航電詞彙整合2.csv,72,troubleshooting,1,Troubleshooting starts with identifying the noise source.,現在簡單式,S + V1 / V-s(es),"[""starts""]",0.97,2026-07-26
973d6945f566aae3bf499b25024b7f3b253640b032557b7ac926af2cb15ed352,EMC航電詞彙整合2.csv,72,troubleshooting,2,Effective troubleshooting requires controlled configuration changes.,現在簡單式,S + V1 / V-s(es),"[""requires""]",0.97,2026-07-26
a6a8a480a1f0aea498a1d134d5a79c203fb3be84a2fb8f1e82397fd5e5bf0911,EMC航電詞彙整合2.csv,73,common problem,1,Converter noise is a common problem in power systems.,現在簡單式,S + am / is / are + complement,"[""is""]",0.97,2026-07-26
fa011246641ec2ab018689010dcfe1c943cbd97f4290ef55ecc0b9de572f7aba,EMC航電詞彙整合2.csv,73,common problem,2,A common problem during integration is incomplete shield termination.,現在簡單式,S + am / is / are + complement,"[""is""]",0.97,2026-07-26
b2feda20f9b8c112c454e56566ea6d11c67c75777392a586beedd359c3ccf969,EMC航電詞彙整合2.csv,74,failure,1,A shield failure may be caused by poor termination.,特殊句型/需確認,S + modal + be + past participle,"[""may be caused""]",0.98,2026-07-26
90f555704e0747716b698b5476ca1231f1729d8fb5b255430e39f47420ecbaba,EMC航電詞彙整合2.csv,74,failure,2,Failure analysis should identify both the symptom and the root cause.,特殊句型/需確認,S + modal + V1,"[""should identify""]",0.98,2026-07-26
4b86fe674fe77a028d395e9cd1e49e66a5e79b70c722b0eb3668446ef4261f74,EMC航電詞彙整合2.csv,75,coupling,1,Coupling transfers unwanted energy from one circuit to another.,現在簡單式,S + V1 / V-s(es),"[""transfers""]",0.94,2026-07-26
92c62461a6ed0700cb5c378df89aff6e442e61fa327396cef93c37b16bb8e481,EMC航電詞彙整合2.csv,75,coupling,2,Capacitive coupling increases when cables are routed too close together.,現在簡單式,S + am / is / are + past participle,"[""are routed""]",0.97,2026-07-26
ab4e4cdc2258edc1a969796cf357f2f3ae2564a879fce82189d6a62dc83c4431,EMC航電詞彙整合2.csv,76,noise source,1,The switching converter was identified as the noise source.,過去簡單式,S + was / were + past participle,"[""was identified""]",0.97,2026-07-26
1aa7d1b3380d1132881a85a4c3353ae8319f01992b52486f6f4e4d21313b3aa9,EMC航電詞彙整合2.csv,76,noise source,2,Finding the noise source is the first step in Electromagnetic Compatibility (EMC) troubleshooting.,現在簡單式,S + am / is / are + complement,"[""is""]",0.97,2026-07-26
02b262c9862de6c8d78ca8390bfd222fed35b8506abd3f0a267e0dd8a979852e,EMC航電詞彙整合2.csv,77,victim circuit,1,A sensitive receiver can become a victim circuit.,特殊句型/需確認,S + modal + V1,"[""can become""]",0.98,2026-07-26
10f3b7b50735130dd132a2d36bd38b56fd495dcb51a5ea069a914a5730cd1f03,EMC航電詞彙整合2.csv,77,victim circuit,2,The victim circuit should be protected with filtering and shielding.,特殊句型/需確認,S + modal + be + past participle,"[""should be protected""]",0.98,2026-07-26
bcd43cc5e1c1bae3551019a5d45a809032265db7bb265beb4a62ae692737e90d,EMC航電詞彙整合2.csv,78,root cause,1,The root cause was a missing shield connection.,過去簡單式,S + was / were + complement,"[""was""]",0.97,2026-07-26
966ac94dedd0e1934566410755d0dfbe1baf6bca52b0ae9e1db9eefab44c921c,EMC航電詞彙整合2.csv,78,root cause,2,Root cause analysis prevents the same Electromagnetic Compatibility (EMC) problem from recurring.,現在簡單式,S + V1 / V-s(es),"[""prevents""]",0.97,2026-07-26
c1dc38cc2e4bfac7509c42dea0895d50f385cb77868e2147cee6ef0cfa804136,EMC航電詞彙整合2.csv,96,ineffective,1,A long pigtail may make the cable shield ineffective at high frequency.,特殊句型/需確認,S + modal + V1,"[""may make""]",0.98,2026-07-26
26640e4a746fdc3e965ea897589fad444b435b98bfebe14021d5a33b3cd6ae11,EMC航電詞彙整合2.csv,96,ineffective,2,Shielding can be ineffective without a proper termination reference.,特殊句型/需確認,S + modal + V1,"[""can be""]",0.98,2026-07-26
dde40cfa926f1785675f5510d85c9193802b60cd44d1f3267f1a24012527577f,EMC航電詞彙整合2.csv,101,concern,1,Our main concern is the lack of a conductive reference structure.,現在簡單式,S + am / is / are + complement,"[""is""]",0.97,2026-07-26
38955bdbc57cc0f2be116994ea0cae782491d2b3e06fbecc8d9a73b49fe20895,EMC航電詞彙整合2.csv,101,concern,2,The consultant should understand our system-level Electromagnetic Compatibility (EMC) concerns.,特殊句型/需確認,S + modal + V1,"[""should understand""]",0.98,2026-07-26
0ebf6c659f69adf71e42b12c591f4674373b151f5d2baad4f6eecb481fbdce75,EMC航電詞彙整合2.csv,104,challenge,1,The key challenge is the non-conductive composite structure.,現在簡單式,S + am / is / are + complement,"[""is""]",0.97,2026-07-26
df5a43099d0c7e59ebe2dc496797b7d1906152e4fd210ba6608486a41f57199f,EMC航電詞彙整合2.csv,104,challenge,2,Cable shield termination is a major challenge in this design.,現在簡單式,S + am / is / are + complement,"[""is""]",0.97,2026-07-26
6ba96d405b1f65fc0124aca19a02095e9132090131ffd3b4da3aa425c515a640,EMC航電詞彙整合2.csv,112,lack of,1,The lack of a conductive chassis is the main system-level concern.,現在簡單式,S + am / is / are + complement,"[""is""]",0.97,2026-07-26
d4fb5d1d0857b640616c84f04846841257859b0301935b1280c1a4e77a2e5852,EMC航電詞彙整合2.csv,112,lack of,2,A lack of shield continuity can reduce Electromagnetic Compatibility (EMC) performance.,特殊句型/需確認,S + modal + V1,"[""can reduce""]",0.98,2026-07-26
b30ffd9042ad90e4d0af4ebf94a5d86287d4fc239b098a084fbf6da9cf351b80,EMC航電詞彙整合2.csv,113,due to,1,The Electromagnetic Compatibility (EMC) risk increases due to the non-conductive composite structure.,現在簡單式,S + V1 / V-s(es),"[""increases""]",0.97,2026-07-26
a51472d9761c3da1c6f4fe6d2173248e9053de6b5a37488509446b3d5d170850,EMC航電詞彙整合2.csv,113,due to,2,Shielding may be ineffective due to poor termination.,特殊句型/需確認,S + modal + V1,"[""may be""]",0.98,2026-07-26
baafeef006a61896a884e0a565469a707ca20c5817ca2d01e2aeca04a3fb92e8,EMC航電詞彙整合2.csv,79,launch operation,1,Launch operations introduce additional Electromagnetic Compatibility (EMC) risks.,現在簡單式,S + V1 / V-s(es),"[""introduce""]",0.97,2026-07-26
84cf25fc86019f497c5356ff91f90ec03b4b7289747f6e997294a289ed00fa62,EMC航電詞彙整合2.csv,79,launch operation,2,Launch operation constraints must be reflected in the Electromagnetic Compatibility (EMC) control plan.,特殊句型/需確認,S + modal + be + past participle,"[""must be reflected""]",0.98,2026-07-26
2658849715e2bf42964fcaa011e8461baba9ca255533cb5bd23bac94ff764791,EMC航電詞彙整合2.csv,80,pad RF environment,1,The pad RF environment includes telemetry and communication transmitters.,現在簡單式,S + V1 / V-s(es),"[""includes""]",0.97,2026-07-26
76ed23099318ff2f8f2a9bda88d76f56300eeb386d0442b041cfa9a9dab41005,EMC航電詞彙整合2.csv,80,pad RF environment,2,The pad RF environment may affect receivers before liftoff.,特殊句型/需確認,S + modal + V1,"[""may affect""]",0.98,2026-07-26
87c7bdf86dc5a980b254e8521432dd49ff7d59e89321224e766d685315360aa5,EMC航電詞彙整合2.csv,81,umbilical,1,The umbilical provides power and signals before launch.,現在簡單式,S + V1 / V-s(es),"[""provides""]",0.97,2026-07-26
08c1adb752e7e3b895280970a0e75022e65afe22a6dc08050f169e656bdb987b,EMC航電詞彙整合2.csv,81,umbilical,2,Umbilical routing should minimize coupling into flight wiring.,特殊句型/需確認,S + modal + V1,"[""should minimize coupling""]",0.98,2026-07-26
820ab0c1c8b108fed2c82faec37fb60fdad478ea6e7552903dc86f6f0d9b260a,EMC航電詞彙整合2.csv,82,umbilical transient,1,Umbilical transients may occur during disconnect.,特殊句型/需確認,S + modal + V1,"[""may occur""]",0.98,2026-07-26
4941f8a71e0d6b5215b97ace3deb571efa01a70e15dff29275a0a74d9894302b,EMC航電詞彙整合2.csv,82,umbilical transient,2,The avionics power input must tolerate umbilical transients.,特殊句型/需確認,S + modal + V1,"[""must tolerate""]",0.98,2026-07-26
a4d1b237d3ca71816144ed99007ad2e88f548fdad3aca9e568173c840595abe6,EMC航電詞彙整合2.csv,83,countdown,1,Electromagnetic Compatibility (EMC) constraints must be checked during countdown.,特殊句型/需確認,S + modal + be + past participle,"[""must be checked""]",0.98,2026-07-26
628de183ac487428d9fc999149e076d3c1db55f775048e13b161a54bdd21db87,EMC航電詞彙整合2.csv,83,countdown,2,Some transmitters may be disabled during the countdown.,特殊句型/需確認,S + modal + be + past participle,"[""may be disabled""]",0.98,2026-07-26
a46c7e3bd0402892cd96d5d30573503bda416fa7504ea3e0aa392dd3edeb8e88,EMC航電詞彙整合2.csv,84,constraint,1,Countdown constraints may prevent certain RF transmitters from operating.,特殊句型/需確認,S + modal + V1,"[""may prevent""]",0.98,2026-07-26
59972f3e7fbc9b7dc71e218893907bc0cf4d01df80534b2e53b72525502f2c01,EMC航電詞彙整合2.csv,84,constraint,2,Each constraint should be linked to a safety or Electromagnetic Compatibility (EMC) requirement.,特殊句型/需確認,S + modal + be + past participle,"[""should be linked""]",0.98,2026-07-26
37db58caea78d92383cf73ebd7b211dd2e27acc82d97ec48bd9e541bb6ed411c,EMC航電詞彙整合2.csv,85,documentation,1,Good documentation helps future troubleshooting.,現在簡單式,S + V1 / V-s(es),"[""helps""]",0.97,2026-07-26
4cfc9b348088e3fd22b0eca2203f9f1b43d480e8f61e02a576c9704500f24371,EMC航電詞彙整合2.csv,85,documentation,2,Documentation should include design assumptions and test evidence.,特殊句型/需確認,S + modal + V1,"[""should include""]",0.98,2026-07-26
cd9bc90fc24117b8af1e4b1b3215fa42261949970034419e827f9185a78fd8e5,EMC航電詞彙整合2.csv,86,Electromagnetic Compatibility (EMC) control plan,1,The Electromagnetic Compatibility (EMC) control plan defines design rules and test methods.,現在簡單式,S + V1 / V-s(es),"[""defines""]",0.97,2026-07-26
20fa3bb71a01e376cc9fce114022f1541de8a2d4ea069b68b6b6c4fe408ab196,EMC航電詞彙整合2.csv,86,Electromagnetic Compatibility (EMC) control plan,2,The Electromagnetic Compatibility (EMC) control plan should be updated after each major design change.,特殊句型/需確認,S + modal + be + past participle,"[""should be updated""]",0.98,2026-07-26
e2e3eec5d747bc2cccd50485d3ed523a3750d90e9a522561731bb5bc57193666,EMC航電詞彙整合2.csv,87,lesson learned,1,Lessons learned should be recorded after each test campaign.,特殊句型/需確認,S + modal + be + past participle,"[""should be recorded""]",0.98,2026-07-26
53428edc663f907eb1250ca655213f5383dde83a091056a758009c917fe9d270,EMC航電詞彙整合2.csv,87,lesson learned,2,A lesson learned from integration should be fed back into the next design.,特殊句型/需確認,S + modal + be + past participle,"[""should be fed back""]",0.98,2026-07-26
fd0ecb17314ad3b33dacb72787c07c79d37abcd35de6359a38292a0515e190f8,EMC航電詞彙整合2.csv,88,appendix,1,The appendix includes the measurement procedure.,現在簡單式,S + V1 / V-s(es),"[""includes""]",0.97,2026-07-26
609ab4ab8432aad58c13f142a21ae3317547d7704d554c1ad4bad94ada2dd94c,EMC航電詞彙整合2.csv,88,appendix,2,Place detailed checklists in the appendix.,特殊句型/需確認,(Please) + V1 + ...,"[""Place""]",0.97,2026-07-26
5eddb8b81501267fde11c5d4507a01645ca5ec479724a7f86297d9254d7711e6,EMC航電詞彙整合2.csv,89,appendices,1,The appendices include checklists and procedures.,現在簡單式,S + V1 / V-s(es),"[""include""]",0.97,2026-07-26
007c05355c6dddcb31550a5ea5c678b58e5d936ee569deb5c5bedc85d450490d,EMC航電詞彙整合2.csv,89,appendices,2,The appendices provide supporting data for the Electromagnetic Compatibility (EMC) report.,現在簡單式,S + V1 / V-s(es),"[""provide""]",0.97,2026-07-26
b36e395054da2e323a98f4c68fbf36a231c0cdebd23c7f621b4856ea62ec25d4,EMC航電詞彙整合2.csv,90,procedure,1,Each procedure must be repeatable and clearly documented.,特殊句型/需確認,S + modal + V1,"[""must be""]",0.98,2026-07-26
f9e0a12c03a0fc2b6cf932b955ffb268d4d7fe8306b4f16f8fa188747ac37cd3,EMC航電詞彙整合2.csv,90,procedure,2,"The procedure should specify instruments, limits, and acceptance criteria.",特殊句型/需確認,S + modal + V1,"[""should specify""]",0.98,2026-07-26
c2464c9bb84ea008e6872e5b953a1254d86dd9e8c6f3c853afd8c4cfd4ed0333,EMC航電詞彙整合2.csv,91,matrix,1,A matrix is useful for tracking requirement compliance.,現在簡單式,S + am / is / are + complement,"[""is""]",0.97,2026-07-26
21a155358881cd52c94d57ab8e8ad023259b10dc2c3ef287f00fe490cc54008b,EMC航電詞彙整合2.csv,91,matrix,2,The review matrix shows open issues and responsible owners.,現在簡單式,S + V1 / V-s(es),"[""shows""]",0.97,2026-07-26
6e21dcfe82500f442e4e6601b5c4f03edf7624ec4553d98bed39a04bf396b714,EMC航電詞彙整合2.csv,97,concise,1,Please keep the briefing document concise and focused.,特殊句型/需確認,(Please) + V1 + ...,"[""keep""]",0.97,2026-07-26
6a2a50c81a785c73c4b76d6d07a19873e0ed2c0b51976375a372573222f58772,EMC航電詞彙整合2.csv,97,concise,2,A concise summary helps the consultant understand the main issue quickly.,現在簡單式,S + V1 / V-s(es),"[""helps""]",0.97,2026-07-26
7d0f53689ffd41dcfb83a8dc55c9eb9d9f8d6d1881ea114cfa63da943c54320b,EMC航電詞彙整合2.csv,100,regarding,1,We would like to consult with you regarding the grounding architecture.,特殊句型/需確認,S + would like + (to + V1),"[""would like""]",0.98,2026-07-26
2b5526a531f3557b1cc72b7ee99de8d41a70d0cd73c84da76c58fc5e16fd6dc8,EMC航電詞彙整合2.csv,100,regarding,2,The attached file includes discussion topics regarding MIL-STD-464 compliance.,現在簡單式,S + V1 / V-s(es),"[""includes""]",0.97,2026-07-26
e2d2feaf45495f55de235b8bf41e6efea8faa80d142c27d08170418f797311ab,EMC航電詞彙整合2.csv,102,experience,1,We would appreciate your experience in rocket integration testing.,特殊句型/需確認,S + modal + V1,"[""would appreciate""]",0.98,2026-07-26
3529a2bab5c4e9dcc61fc1f9bbc89145185cc43ae8988fdc185da535b84ed032,EMC航電詞彙整合2.csv,102,experience,2,Practical experience is important for grounding and shielding implementation.,現在簡單式,S + am / is / are + complement,"[""is""]",0.97,2026-07-26
a2f58af02a96d0d3ce091324e0b32e70b1a010570d21fab40de24a7a14177611,EMC航電詞彙整合2.csv,107,proposed,1,The proposed topics are intended for the consultant's presentation.,現在簡單式,S + am / is / are + past participle,"[""are intended""]",0.97,2026-07-26
c752f559d83b204263c6cc38559c0b4a65381b0b122be0140edf05985db04018,EMC航電詞彙整合2.csv,107,proposed,2,We need to review the proposed grounding concept before implementation.,現在簡單式,S + V1 / V-s(es),"[""need""]",0.97,2026-07-26
69c9a82e79e428b2f4152db442fb678929ef1be120c5a8b49f3d5eda806f68f0,EMC航電詞彙整合2.csv,108,purposed,1,The proposed bonding network is purposed to provide a low-impedance reference path.,現在簡單式,S + am / is / are + past participle,"[""is purposed""]",0.97,2026-07-26
a6f62cd0c59735de4e9a8d9ed7b301a5dcc8c23e3054c3aec1a3661cf14aa9aa,EMC航電詞彙整合2.csv,108,purposed,2,"In most technical writing, use 'intended' or 'designed' instead of 'purposed'.",特殊句型/需確認,(Please) + V1 + ...,"[""use""]",0.97,2026-07-26
038f558f9a160badf60734f0e39eae60e8224ed4aa6c03d8b580eb3af659a2a6,EMC航電詞彙整合2.csv,110,diagram,1,The diagram shows the bonding connection between the panels and the avionics ring.,現在簡單式,S + V1 / V-s(es),"[""shows""]",0.97,2026-07-26
05934328072462270ad7fd8a3b8130a86d63bf93faadb87a705c95a6f3aa01f2,EMC航電詞彙整合2.csv,110,diagram,2,A clear diagram will help the consultant understand the installation concept.,未來簡單式,S + will + V1,"[""will help""]",0.99,2026-07-26
fa288d6c591f3e74b815a4a4434a1fb8a9c47c66aff717a47b8192abf7282bb4,EMC航電詞彙整合2.csv,116,practical implementation,1,"We need practical implementation guidance, not only theoretical Electromagnetic Compatibility (EMC) advice.",現在簡單式,S + V1 / V-s(es),"[""need""]",0.97,2026-07-26
a438f486a26fefed13425462888ae8cef895612048ff0946fe3a64963d0369ed,EMC航電詞彙整合2.csv,116,practical implementation,2,The consultant should recommend practical implementation methods for composite structures.,特殊句型/需確認,S + modal + V1,"[""should recommend""]",0.98,2026-07-26
a68c9292c996e92805f81bad07b1e6034f0682473a7b81f1d82eb6f6835ce46a,EMC顧問回覆與系統整合詞彙.csv,1,consultant question,1,This slide summarizes the responses to consultant questions.,現在簡單式,S + V1 / V-s(es),"[""summarizes""]",0.97,2026-07-26
f9372fa803c4b7ef0334d271a4abe0e2d81adafbb870c67b145f0940dad5112a,EMC顧問回覆與系統整合詞彙.csv,1,consultant question,2,Each consultant question should be answered with clear supporting information.,特殊句型/需確認,S + modal + be + past participle,"[""should be answered""]",0.98,2026-07-26
5a99435c3ce7edcf665b44de2941f37de56cd7636df31a86dbcd2caebad4e64d,EMC顧問回覆與系統整合詞彙.csv,2,response,1,Please refer to the attached file for our responses to your questions.,特殊句型/需確認,(Please) + V1 + ...,"[""refer""]",0.97,2026-07-26
fecd2647e1cedb8dcc1e4d2ee242a4a6d0ace58927aecf33ec0a4c8108262545,EMC顧問回覆與系統整合詞彙.csv,2,response,2,The response should be concise but technically complete.,特殊句型/需確認,S + modal + V1,"[""should be""]",0.98,2026-07-26
488cbcf5cbe63b96b870e1c7c7192092392ddacdc34aa2f427b5993cddc8256f,EMC顧問回覆與系統整合詞彙.csv,3,briefing document,1,Please refer to the briefing document for more details.,特殊句型/需確認,(Please) + V1 + ...,"[""refer""]",0.97,2026-07-26
aa48adc4c59b3fed7d3a7a5a2c4761e3ad84f22a84d51f312a0e4288b0e1f5be,EMC顧問回覆與系統整合詞彙.csv,3,briefing document,2,The briefing document summarizes the current grounding concept.,現在簡單式,S + V1 / V-s(es),"[""summarizes""]",0.97,2026-07-26
86694519685d44084fdfba70ad3f2a2fd5ab3920617f745694614a26e655904f,EMC顧問回覆與系統整合詞彙.csv,4,supporting explanation,1,The attached file includes our responses and supporting explanations.,現在簡單式,S + V1 / V-s(es),"[""includes""]",0.97,2026-07-26
7188335a32475351041e69ea80fe6484b39f6d2a691a2657401b650d5b87f358,EMC顧問回覆與系統整合詞彙.csv,4,supporting explanation,2,A supporting explanation is provided for the proposed bonding method.,現在簡單式,S + am / is / are + past participle,"[""is provided""]",0.97,2026-07-26
d18566be4baefc46844148e6be8add213cfbed5933a8c80fc87f56214db0288a,EMC顧問回覆與系統整合詞彙.csv,5,for more details,1,Please refer to the attached briefing document for more details.,特殊句型/需確認,(Please) + V1 + ...,"[""refer""]",0.97,2026-07-26
4cdcc3bd10153772265d36c2d161cb945f98f88beecb51ec8b01abb883b735ee,EMC顧問回覆與系統整合詞彙.csv,5,for more details,2,"For more details, please see the grounding layout on the next slide.",特殊句型/需確認,(Please) + V1 + ...,"[""see""]",0.97,2026-07-26
8172ab52b54cf7b7695d6e2e8af143aefebb026a8dd3ddabcb7f754b0b031934,EMC顧問回覆與系統整合詞彙.csv,6,interface,1,The bonding resistance shall be checked at each interface.,特殊句型/需確認,S + modal + be + past participle,"[""shall be checked""]",0.98,2026-07-26
d8b423ce9ce59a3bb70d18ff95d1f4e125608cec3ab4ee2e62817a8127ef84e2,EMC顧問回覆與系統整合詞彙.csv,6,interface,2,The interface between the panel and the ring is critical for Electromagnetic Compatibility (EMC).,現在簡單式,S + am / is / are + complement,"[""is""]",0.97,2026-07-26
eae938d227b6b06c6baad9361d6d14b5fdda35b18ecb49e920d77ccadd472228,EMC顧問回覆與系統整合詞彙.csv,7,preliminarily,1,The structural department has preliminarily agreed to this approach.,現在完成式,S + has / have + past participle,"[""has preliminarily agreed""]",0.99,2026-07-26
a45eb05d2e608309476897193b2c90989f961510933539b4609fa3e4ce21b89c,EMC顧問回覆與系統整合詞彙.csv,7,preliminarily,2,The acceptance values were preliminarily defined for discussion.,過去簡單式,S + was / were + past participle,"[""were preliminarily defined""]",0.97,2026-07-26
005f55d48277ee2719ef8f1fb58759b791b40bee8a908fa20127766ea2d13a46,EMC顧問回覆與系統整合詞彙.csv,8,internally,1,The copper foil and busbars will be installed internally.,未來簡單式,S + will + be + past participle,"[""will be installed internally""]",0.99,2026-07-26
bd759cf5122bd55791b85b4c735033666a13c21448bf8935320ec60c21446150,EMC顧問回覆與系統整合詞彙.csv,8,internally,2,This change should be reviewed internally before sending it to the consultant.,特殊句型/需確認,S + modal + be + past participle,"[""should be reviewed internally""]",0.98,2026-07-26
684044028417f5fa2f3850cd6f0d554ba27b56945e355aa665d522a962de85ef,EMC顧問回覆與系統整合詞彙.csv,9,preliminary assumption,1,The values shown in this table are preliminary assumptions.,現在簡單式,S + am / is / are + complement,"[""are""]",0.97,2026-07-26
a0822db370a9495f28bf733278f77888c6012454bf3cf19233bdfe02d894e017,EMC顧問回覆與系統整合詞彙.csv,9,preliminary assumption,2,This grounding layout is based on a preliminary assumption.,現在簡單式,S + am / is / are + past participle,"[""is based""]",0.97,2026-07-26
baaf91850a4005765e036debeb51dde0eadb376cbba0c5ad9ba77db423843f1e,EMC顧問回覆與系統整合詞彙.csv,10,engineering design assumption,1,The following are engineering design assumptions.,現在簡單式,S + am / is / are + complement,"[""are""]",0.97,2026-07-26
d3d240e01430293159f611aa754ccd4fd6ed71fd06be9794e870c6c8dca47f3e,EMC顧問回覆與系統整合詞彙.csv,10,engineering design assumption,2,Engineering design assumptions should be clearly separated from final requirements.,特殊句型/需確認,S + modal + V1,"[""should be clearly separated""]",0.98,2026-07-26
34dcb382e1d2ae4f2417d63cadb02657072c5504dbb62192fba72a3210abe3f3,EMC顧問回覆與系統整合詞彙.csv,11,final requirement,1,The assumed values shall be confirmed in the final requirements.,特殊句型/需確認,S + modal + be + past participle,"[""shall be confirmed""]",0.98,2026-07-26
78547ad2844b87aeff34d3e6332d288d57e18d829791f8ee346cdc5a856c45a5,EMC顧問回覆與系統整合詞彙.csv,11,final requirement,2,The final requirement will be defined after consultant review.,未來簡單式,S + will + be + past participle,"[""will be defined""]",0.99,2026-07-26
4c94e6c28ee9ba5ae62d2e92166f0c6eae2227b7985ebcbf49ec1320a8652926,EMC顧問回覆與系統整合詞彙.csv,12,subject to final confirmation,1,The values are preliminary assumptions and subject to final confirmation.,現在簡單式,S + am / is / are + complement,"[""are""]",0.97,2026-07-26
5d1aa9ecab0f0bac12624982c4bf87981812f8b6268bb7edf5ccf300617e3c09,EMC顧問回覆與系統整合詞彙.csv,12,subject to final confirmation,2,The bonding method is subject to final confirmation by the structural team.,現在簡單式,S + am / is / are + complement,"[""is subject""]",0.97,2026-07-26
7b739773387130b61f1afcbc185b224ee785536a2057781a9875e592585d11c9,EMC顧問回覆與系統整合詞彙.csv,13,on top of,1,Copper busbars will be installed on top of the copper foil.,未來簡單式,S + will + be + past participle,"[""will be installed""]",0.99,2026-07-26
a404bdc7b0225b33e114b5de238fd3356b10b55b7916af0399b7fa1175956433,EMC顧問回覆與系統整合詞彙.csv,13,on top of,2,The bonding washer is placed on top of the conductive surface.,現在簡單式,S + am / is / are + past participle,"[""is placed""]",0.97,2026-07-26
1f231c48b2566365c9e7a4e75f3bb326a07dd30b74a0fd016c4e13fd9d31e5b6,EMC顧問回覆與系統整合詞彙.csv,14,copper busbar,2,The subsystem chassis is bonded to the copper busbar.,現在簡單式,S + am / is / are + past participle,"[""is bonded""]",0.97,2026-07-26
2e126897b80d5d559e5087076e685fddd3a290ba63b393c854c3709b4f4bee41,EMC顧問回覆與系統整合詞彙.csv,15,copper braided strap,1,Copper braided straps will be used to interconnect the panels and the avionics ring.,未來簡單式,S + will + be + past participle,"[""will be used to interconnect""]",0.99,2026-07-26
b20eaf79607efcd6679f8f191c4766aa41d88e0cea869368669091c7032ab91d,EMC顧問回覆與系統整合詞彙.csv,15,copper braided strap,2,A short copper braided strap reduces bonding inductance.,現在簡單式,S + V1 / V-s(es),"[""reduces""]",0.97,2026-07-26
ed5d55e4401d261dfe5d89f8958328f8487298664456d78024769bb995a08c90,EMC顧問回覆與系統整合詞彙.csv,16,aerospace-grade,1,We have identified aerospace-grade materials for the outer surface.,現在完成式,S + has / have + past participle,"[""have identified""]",0.99,2026-07-26
d9f066fd759192e11547ae7dbbd1e9f7233372d08bbf1f3958e3e316dabfaac2,EMC顧問回覆與系統整合詞彙.csv,16,aerospace-grade,2,Aerospace-grade coatings are usually qualified for harsh environments.,現在簡單式,S + am / is / are + past participle,"[""are usually qualified""]",0.97,2026-07-26
c74e59d7b1c8f5eb8c9393ffde65de8ed5f7c2f5a9941b1d55b469a9a3dfb21f,EMC顧問回覆與系統整合詞彙.csv,17,property,1,The material has ESD protection properties.,現在簡單式,S + V1 / V-s(es),"[""has""]",0.97,2026-07-26
4669a70736fe859dfe714fc1cab8664135d7d0857081ac3f6da4dcb2932639b9,EMC顧問回覆與系統整合詞彙.csv,17,property,2,Electrical conductivity is an important material property.,現在簡單式,S + am / is / are + complement,"[""is""]",0.97,2026-07-26
3c13c0cd574bdffdd0e31cd37f7789081ed43d00fac03b89e0211e7ebc07ce05,EMC顧問回覆與系統整合詞彙.csv,18,subsystem,1,Each subsystem will be bonded to the local copper busbar.,未來簡單式,S + will + be + past participle,"[""will be bonded""]",0.99,2026-07-26
566fa9c8a633e27bfda0e33b3d0018c776f5748fb39eaf34b0676114b3fc8c05,EMC顧問回覆與系統整合詞彙.csv,18,subsystem,2,"The avionics ring contains multiple power, RF, and control subsystems.",現在簡單式,S + V1 / V-s(es),"[""contains""]",0.97,2026-07-26
3f2498a3e0eda32716d87e6d819f5a09fd23429475102fe170966873ff38e9c8,EMC顧問回覆與系統整合詞彙.csv,19,interconnect,1,The copper busbars interconnect the composite panels and the avionics ring.,現在簡單式,S + V1 / V-s(es),"[""interconnect""]",0.97,2026-07-26
5150870ea3042c3389f9a533a1615e4f1ea8413894bf57745b5e86104b49623a,EMC顧問回覆與系統整合詞彙.csv,19,interconnect,2,All bonding points should be interconnected with low impedance paths.,特殊句型/需確認,S + modal + be + past participle,"[""should be interconnected""]",0.98,2026-07-26
43d8e2935e688083ac16d1ea42c973f3ddbe7fad1c0d419d28315e48803a926b,EMC顧問回覆與系統整合詞彙.csv,20,system integration,2,The grounding condition changes after system integration on a non-conductive ring.,現在簡單式,S + V1 / V-s(es),"[""changes""]",0.97,2026-07-26
190ac957c8c92a24a975165678ce0686f84398c0975a423465c9207836edc00c,EMC顧問回覆與系統整合詞彙.csv,21,Electromagnetic Environmental Effects,1,MIL-STD-464 defines requirements for Electromagnetic Environmental Effects at the system level.,現在簡單式,S + V1 / V-s(es),"[""defines""]",0.97,2026-07-26
452c3bd1c6f77789f77067bbb6104dd735eb5c71fc23d7f8026f87b6ad1a782b,EMC顧問回覆與系統整合詞彙.csv,21,Electromagnetic Environmental Effects,2,"Lightning, ESD, RF exposure, and intra-system Electromagnetic Compatibility (EMC) are part of Electromagnetic Environmental Effects.",現在簡單式,S + am / is / are + complement,"[""are""]",0.97,2026-07-26
92b554081b6f3e493ebb9688407a8a0a0c55324fe403789259e54a8f35c986d7,EMC顧問回覆與系統整合詞彙.csv,22,system-level Electromagnetic Compatibility (EMC),1,System-level Electromagnetic Compatibility (EMC) can fail even if each electronic box passes Military Standard 461 (MIL-STD-461).,特殊句型/需確認,S + modal + V1,"[""can fail""]",0.98,2026-07-26
e975dbd82249acd9b61c1f31d5f4decc2e2610d9dd7307c22634e477a5e6e8bf,EMC顧問回覆與系統整合詞彙.csv,22,system-level Electromagnetic Compatibility (EMC),2,The consultant should review the system-level Electromagnetic Compatibility (EMC) risk after installation on the avionics ring.,特殊句型/需確認,S + modal + V1,"[""should review""]",0.98,2026-07-26
76712a9232d4b848a698e242c9c03d8ce3049cc5cc1c9a06e87ed67447474953,EMC顧問回覆與系統整合詞彙.csv,23,Electromagnetic Environmental Effects (E3) Control Plan,1,The Electromagnetic Environmental Effects (E3) Control Plan should include bonding resistance and shield continuity checks.,特殊句型/需確認,S + modal + V1,"[""should include bonding""]",0.98,2026-07-26
928ea0a44008a0743c17ba20bc23c7b7f7a05676df64c28b340dbfdae860010d,EMC顧問回覆與系統整合詞彙.csv,23,Electromagnetic Environmental Effects (E3) Control Plan,2,Worst-case operation should be captured in the Electromagnetic Environmental Effects (E3) Control Plan.,特殊句型/需確認,S + modal + be + past participle,"[""should be captured""]",0.98,2026-07-26
e2e179315f01dee7de5b7440125b5584d48c1e3514423c5c38b37e49e61d3918,EMC顧問回覆與系統整合詞彙.csv,24,mission electromagnetic environment,1,The avionics ring must operate safely in the mission electromagnetic environment.,特殊句型/需確認,S + modal + V1,"[""must operate safely""]",0.98,2026-07-26
d4fe70bc1b25dac0d9c8c3c4ebb226f5d79e83072f3cdb74d2c39e5209319125,EMC顧問回覆與系統整合詞彙.csv,24,mission electromagnetic environment,2,"RF transmitters, ground support equipment, and lightning effects all shape the mission electromagnetic environment.",現在簡單式,S + V1 / V-s(es),"[""shape""]",0.97,2026-07-26
30103b62ef9aa00d178c5fdbc9aeea66d2c9ad77181fc3809810e17e34080984,EMC顧問回覆與系統整合詞彙.csv,25,intra-system Electromagnetic Compatibility (EMC),1,Intra-system Electromagnetic Compatibility (EMC) checks whether one onboard subsystem interferes with another.,現在簡單式,S + V1 / V-s(es),"[""checks""]",0.94,2026-07-26
7368bb5c70d5c9b287fc5d46db01906c72a882e98d55752bb4553a0f8a2ae5f8,EMC顧問回覆與系統整合詞彙.csv,26,external RF Electromagnetic Environment (EME),1,External RF Electromagnetic Environment (EME) should be tailored to the launch and test environment.,特殊句型/需確認,S + modal + be + past participle,"[""should be tailored""]",0.98,2026-07-26
60f3b61ebfc86687c293d13705d950a1a629336a71787a4e59c652067dd50c84,EMC顧問回覆與系統整合詞彙.csv,26,external RF Electromagnetic Environment (EME),2,The RF receiver must remain functional under the specified external RF Electromagnetic Environment (EME).,特殊句型/需確認,S + modal + V1,"[""must remain""]",0.98,2026-07-26
9b020ff6a94397835ad005d0f2360090ecd0fca88c5340044da3c58ab37c34ef,EMC顧問回覆與系統整合詞彙.csv,27,impedance requirement,1,The impedance requirement should be confirmed before final design release.,特殊句型/需確認,S + modal + be + past participle,"[""should be confirmed""]",0.98,2026-07-26
6c5c33ad2dfcbe425b0c8c7dcf269d776ac545f123071279e0c5ee81f2035a15,EMC顧問回覆與系統整合詞彙.csv,27,impedance requirement,2,Each bonding interface may have a different impedance requirement.,特殊句型/需確認,S + modal + have + past participle,"[""may have""]",0.98,2026-07-26
116c8587926df4d67f33db86a037e6678b3d8f6ed3342c71864d9e51a924c646,EMC顧問回覆與系統整合詞彙.csv,28,acceptance value,1,The acceptance values in the table are preliminary assumptions.,現在簡單式,S + am / is / are + complement,"[""are""]",0.97,2026-07-26
8f9e8b1c72801a8dcaa15bbfe05ec55a3f4b48a98a4ae1d9c3db87f984a19819,EMC顧問回覆與系統整合詞彙.csv,28,acceptance value,2,Each acceptance value should be confirmed by test requirements.,特殊句型/需確認,S + modal + be + past participle,"[""should be confirmed""]",0.98,2026-07-26
fb07dd7b3be6e1a5ceb492a819709fea7c0701a7a8f93ef38b7aa0dad88bcb47,EMC顧問回覆與系統整合詞彙.csv,29,control plan,1,The control plan links design rules to inspection and test evidence.,現在簡單式,S + V1 / V-s(es),"[""links""]",0.97,2026-07-26
42e38c0ccb02524968c1f7ac451043c270b2a0d16745040a9cc9f7a0f456417a,EMC顧問回覆與系統整合詞彙.csv,29,control plan,2,Bonding checks should be listed in the control plan.,特殊句型/需確認,S + modal + be + past participle,"[""should be listed""]",0.98,2026-07-26
c5f26478509c0ccbfd77e0b0cf76e5abc83c40d01008c9944b25db31d77b518f,EMC顧問回覆與系統整合詞彙.csv,30,acceptance record,1,Each bonding measurement should be stored as an acceptance record.,特殊句型/需確認,S + modal + be + past participle,"[""should be stored""]",0.98,2026-07-26
02407ed56b58867bf6ff6c54741a53a5305d35258aa3ee13e113eb8e9e3eefb3,EMC顧問回覆與系統整合詞彙.csv,30,acceptance record,2,The consultant may ask for the acceptance record before Electromagnetic Compatibility (EMC) testing.,特殊句型/需確認,S + modal + V1,"[""may ask""]",0.98,2026-07-26
b464e5c2027857647b28f15793f16cd28992abcfcdccab84ac5acfa555b9952b,EMC顧問回覆與系統整合詞彙.csv,31,verification record,1,A verification record should show the measured value and the acceptance limit.,特殊句型/需確認,S + modal + V1,"[""should show""]",0.98,2026-07-26
9751ee6f558a192234fabf95579554c7e7c3ea078e1fc29f03d924f32c3d431a,EMC顧問回覆與系統整合詞彙.csv,31,verification record,2,The verification record supports the final MIL-STD-464 compliance review.,現在簡單式,S + V1 / V-s(es),"[""supports""]",0.97,2026-07-26
efb23d9b92ab84abeef12ea03cacb1e2a1275549b0c08359f047e07867b7bb56,EMC顧問回覆與系統整合詞彙.csv,32,source-victim matrix,1,A source-victim matrix helps identify which subsystem may disturb another subsystem.,特殊句型/需確認,S + modal + V1,"[""may disturb""]",0.98,2026-07-26
d0ea28651ccc481c86b5be16419aa8827eb839a47e453501a1df5192f07565ed,EMC顧問回覆與系統整合詞彙.csv,33,victim,2,A victim should be monitored during each worst-case Electromagnetic Compatibility (EMC) test.,特殊句型/需確認,S + modal + be + past participle,"[""should be monitored""]",0.98,2026-07-26
85761f6b72b08c7fc1205116528e51e781a2328c2a33b6da1947842675fd82e3,EMC顧問回覆與系統整合詞彙.csv,34,coupling path,1,A long cable shield can become a coupling path for RF noise.,特殊句型/需確認,S + modal + V1,"[""can become""]",0.98,2026-07-26
9a11deb216fb41738f2035d14c2c435824e9fde022bc2fa8bd2e9c9aa39543eb,EMC顧問回覆與系統整合詞彙.csv,34,coupling path,2,The review should identify every major coupling path between noisy and sensitive subsystems.,特殊句型/需確認,S + modal + V1,"[""should identify""]",0.98,2026-07-26
4ec7799980dcfed3d0cce15cfa3b7cea1fc0a42ebcc6995abafbf481fc6cbbab,EMC顧問回覆與系統整合詞彙.csv,35,floating enclosure,1,A floating enclosure may develop a different potential from nearby equipment.,特殊句型/需確認,S + modal + V1,"[""may develop""]",0.98,2026-07-26
702122bd8151b38f1de1693236a08a5fbd1896b292f1e808dcf24738023c6488,EMC顧問回覆與系統整合詞彙.csv,35,floating enclosure,2,Floating enclosures can make the Electromagnetic Compatibility (EMC) result sensitive to cable placement.,特殊句型/需確認,S + modal + V1,"[""can make""]",0.98,2026-07-26
d60d9a55d5700f6f146a30439c55512cc931df85eb1e79d6605a4aa6f6a6dd13,EMC顧問回覆與系統整合詞彙.csv,36,floating shield,1,A floating shield may act like a long antenna instead of a shield.,特殊句型/需確認,S + modal + V1,"[""may act like""]",0.98,2026-07-26
97283a395b0d7390919a471ca9301d6906920f76195826799678340052f61c9d,EMC顧問回覆與系統整合詞彙.csv,36,floating shield,2,The design must prevent the cable shield from becoming a floating shield.,特殊句型/需確認,S + modal + V1,"[""must prevent""]",0.98,2026-07-26
d6fab8d71a07b4ff3d93c81a7f5a475a9cfe8fe6d5941460e5b3fb165292ae24,EMC顧問回覆與系統整合詞彙.csv,37,parasitic capacitance,1,Parasitic capacitance can couple actuator noise into a nearby sensor line.,特殊句型/需確認,S + modal + V1,"[""can couple""]",0.98,2026-07-26
952e169b9369a0789d30899893bd8edeec94bf3da13b5d44cfc69727ec4ab530,EMC顧問回覆與系統整合詞彙.csv,37,parasitic capacitance,2,A conductive reference surface helps control parasitic capacitance paths.,現在簡單式,S + V1 / V-s(es),"[""helps""]",0.97,2026-07-26
d63fb43673ef60a1b3ccd11c26c54b0bf7b00450b901154e2712197b8664c890,EMC顧問回覆與系統整合詞彙.csv,38,common-mode current,1,Common-mode current on a cable can increase radiated emissions.,特殊句型/需確認,S + modal + V1,"[""can increase radiated""]",0.98,2026-07-26
74dc62624c7487b44e846998f950de85fe18130456ae99d49e2ba0f59faa79a2,EMC顧問回覆與系統整合詞彙.csv,38,common-mode current,2,Shield termination and filtering are used to control common-mode current.,現在簡單式,S + am / is / are + past participle,"[""are used to control""]",0.97,2026-07-26
e13dc5128ae531517b59e6c8f314fb6263aed895428b7f86bc515d2aad6131a9,EMC顧問回覆與系統整合詞彙.csv,39,high di/dt,1,High di/dt loads such as JetVane drivers require careful routing and filtering.,現在簡單式,S + V1 / V-s(es),"[""require""]",0.97,2026-07-26
eb95df1c52ae445726055b984299ef5266c25d1064b03e2a3db56dd813cbef50,EMC顧問回覆與系統整合詞彙.csv,39,high di/dt,2,The high di/dt current loop should be kept as small as possible.,特殊句型/需確認,S + modal + V1,"[""should be kept""]",0.98,2026-07-26
c06ef5ed0a6468b3d2e8615410d2b154ea247c8574539e8af2c72fa2359f92d0,EMC顧問回覆與系統整合詞彙.csv,40,high dv/dt,1,High dv/dt switching can capacitively couple noise into sensor wiring.,特殊句型/需確認,S + modal + V1,"[""can capacitively couple""]",0.98,2026-07-26
4427cd674627fa45207440e67b0904e4676640e28d07729eb3997642c1a17316,EMC顧問回覆與系統整合詞彙.csv,40,high dv/dt,2,A shielded enclosure can reduce the effect of high dv/dt switching nodes.,特殊句型/需確認,S + modal + V1,"[""can reduce""]",0.98,2026-07-26
614298ed8be5281e847b96108ec174ac42d1a8137c9e9d4aab69b17348ea76c9,EMC顧問回覆與系統整合詞彙.csv,41,surge protection,1,Surge protection is required at interfaces exposed to external transients.,現在簡單式,S + am / is / are + past participle,"[""is required""]",0.97,2026-07-26
ed2342c2a0f27db42928bedfb42c71640fb9f8c01b896403030a1185c8253d87,EMC顧問回覆與系統整合詞彙.csv,41,surge protection,2,TVS devices are commonly used for surge protection on power and signal lines.,現在簡單式,S + am / is / are + past participle,"[""are commonly used""]",0.97,2026-07-26
dc4253a5328824767b33eb3d77d125811433292bb33d6d36c579bdf2b1555ba0,EMC顧問回覆與系統整合詞彙.csv,42,load step,1,A load step on the 48 V bus can disturb sensitive electronics.,特殊句型/需確認,S + modal + V1,"[""can disturb""]",0.98,2026-07-26
31e8ac10dfc8f2a0ba32d28bd79318ef8506096413c66aeba4605eae42fbc8e8,EMC顧問回覆與系統整合詞彙.csv,42,load step,2,The Electronic Power Distribution System (EPDS) transient test should include several load step conditions.,特殊句型/需確認,S + modal + V1,"[""should include""]",0.98,2026-07-26
0c8a649c31d81812d8b1c052a554863844455fb16942362bc9f80d38d054f2fd,EMC顧問回覆與系統整合詞彙.csv,43,precipitation static,1,Precipitation static can accumulate on non-conductive surfaces.,特殊句型/需確認,S + modal + V1,"[""can accumulate""]",0.98,2026-07-26
64fd2ea4c6caf07d041c6fe51de7f31af8f67ba9014a5c6295b7ec71c6bce75f,EMC顧問回覆與系統整合詞彙.csv,43,precipitation static,2,The avionics ring needs a controlled discharge path for precipitation static.,現在簡單式,S + V1 / V-s(es),"[""needs""]",0.97,2026-07-26
532c5c3611fd07dfc37ac7352d94c1339da07ba78337c9154f27cdabe95ce4ae,EMC顧問回覆與系統整合詞彙.csv,44,lightning indirect effects,1,Lightning indirect effects can induce transient currents in long cables.,特殊句型/需確認,S + modal + V1,"[""can induce""]",0.98,2026-07-26
481a587118b6bc62b2e5f251d80e483dc82185114dea717f3f9f4f725c4529c4,EMC顧問回覆與系統整合詞彙.csv,44,lightning indirect effects,2,The bonding network should provide a bypass path for lightning indirect effects.,特殊句型/需確認,S + modal + V1,"[""should provide""]",0.98,2026-07-26
4088015343beaa7a2468ed4793e3838b52b66154c8c005ef8e2b7230925235a6,EMC顧問回覆與系統整合詞彙.csv,45,cable-induced transient,1,A cable-induced transient may enter the avionics box through an external interface.,特殊句型/需確認,S + modal + V1,"[""may enter""]",0.98,2026-07-26
998bc0633b36d82be1f6d39db324099883db716c4405aac661c5fde903a5668d,EMC顧問回覆與系統整合詞彙.csv,45,cable-induced transient,2,Surge protection should be placed near the entry point to limit cable-induced transients.,特殊句型/需確認,S + modal + be + past participle,"[""should be placed""]",0.98,2026-07-26
04021ee5839f15b646db001db21becce79f82aaf716ff847bd2b1465e929a73e,EMC顧問回覆與系統整合詞彙.csv,46,faying interface,1,The faying interface must be clean before the resistance measurement.,特殊句型/需確認,S + modal + V1,"[""must be""]",0.98,2026-07-26
7a693be952cb11927441dee725308a3128ad5b063726ac12f374582faca49a35,EMC顧問回覆與系統整合詞彙.csv,46,faying interface,2,Paint or adhesive contamination at the faying interface can increase resistance.,特殊句型/需確認,S + modal + V1,"[""can increase""]",0.98,2026-07-26
da85c28b570e84947e0295eae54daa0e486ec9434701125fd8a5384813fafcad,EMC顧問回覆與系統整合詞彙.csv,47,stitching,1,More stitching points reduce the high-frequency impedance of the panel edge.,現在簡單式,S + V1 / V-s(es),"[""reduce""]",0.97,2026-07-26
93e519e1b09a20a013c6d0cacd910e1b19f464fa27b8601aec15f50fd04b2b66,EMC顧問回覆與系統整合詞彙.csv,47,stitching,2,RF-sensitive areas should use a shorter stitching interval.,特殊句型/需確認,S + modal + V1,"[""should use""]",0.98,2026-07-26
c13af2eb59989a7c4f01cc9a7f7c2548e704204db245debd1a5a4feb32c37147,EMC顧問回覆與系統整合詞彙.csv,48,edge frame,1,The edge frame improves continuity around the composite panel.,現在簡單式,S + V1 / V-s(es),"[""improves""]",0.97,2026-07-26
41b213e9c17209320f81e1da0eb361a9cb7469c750093d44277ce38131af93e7,EMC顧問回覆與系統整合詞彙.csv,48,edge frame,2,A 360-degree edge frame is preferred for shield termination.,現在簡單式,S + am / is / are + past participle,"[""is preferred""]",0.97,2026-07-26
c478cedd56bdd37c6d48ceadcd09339f6b46b0dd8e099aaed7f1482f3a21dfc2,EMC顧問回覆與系統整合詞彙.csv,49,central hub,1,The central hub provides a low-impedance connection between the three panels.,現在簡單式,S + V1 / V-s(es),"[""provides""]",0.97,2026-07-26
7990ec243dd2f6fc3a2de47efcaed0f72387b466556297a9130811194d4981fc,EMC顧問回覆與系統整合詞彙.csv,49,central hub,2,Sensitive electronics should not be mounted directly on the central hub.,特殊句型/需確認,S + modal + V1,"[""should not be""]",0.98,2026-07-26
5f85a336e786d6d67f7258c3049d354431bf3274e9719c4909044646876dceb0,EMC顧問回覆與系統整合詞彙.csv,50,reference ring,1,The reference ring provides a continuous path around the avionics ring.,現在簡單式,S + V1 / V-s(es),"[""provides""]",0.97,2026-07-26
ba37b3dd99516d50d6df322634c7de03a4ca23e1656ec02353e6b991b92f3221,EMC顧問回覆與系統整合詞彙.csv,50,reference ring,2,Each panel should connect to the reference ring at multiple points.,特殊句型/需確認,S + modal + V1,"[""should connect""]",0.98,2026-07-26
a3335aa4cc93087cde93c24fa23181b42135bd8db8355a215c3f370fe6a62b76,EMC顧問回覆與系統整合詞彙.csv,51,worst-case simultaneous operation,1,Worst-case simultaneous operation should include RF transmit and actuator motion.,特殊句型/需確認,S + modal + V1,"[""should include""]",0.98,2026-07-26
15afc1c02290b085b0f82206f2e3b38e24cec33aa456c22f9c6cb20ec546d2e7,EMC顧問回覆與系統整合詞彙.csv,51,worst-case simultaneous operation,2,The system must not lose critical data during worst-case simultaneous operation.,特殊句型/需確認,S + modal + V1,"[""must not lose""]",0.98,2026-07-26
c5266c6ee58ca4fcaa188236c6d4b053b5094ad99cafe33306277a8a3244936f,EMC顧問回覆與系統整合詞彙.csv,52,all-on worst case,1,The all-on worst case verifies whether all noisy subsystems can operate together.,特殊句型/需確認,S + modal + V1,"[""can operate""]",0.98,2026-07-26
f76861063ef870edcbad4a3566dbd29cdf267bf21aadb0ca57523182b42b644f,EMC顧問回覆與系統整合詞彙.csv,52,all-on worst case,2,All-on worst case testing is useful before formal qualification.,現在簡單式,S + am / is / are + complement,"[""is""]",0.97,2026-07-26
8200675f847780f5b38450029ec552f4d7d84dad63daca3d2f35b03e88e79482,EMC顧問回覆與系統整合詞彙.csv,53,quiet mode,2,The quiet mode result is compared with actuator and RF operating modes.,現在簡單式,S + am / is / are + past participle,"[""is compared""]",0.97,2026-07-26
0411fbb2bc4f7b98f84f5ebf4e8f7ec9edae8ab821fbd0ec1920c46696a13fe4,EMC顧問回覆與系統整合詞彙.csv,54,RF transmit mode,1,RF transmit mode should use the maximum expected transmit power.,特殊句型/需確認,S + modal + V1,"[""should use""]",0.98,2026-07-26
2424e95ea5939a2c19c78e5ef4ce66bb489b6dd78bb5212e67d08bc34c103cac,EMC顧問回覆與系統整合詞彙.csv,55,actuator worst case,1,The actuator worst case includes maximum JetVane motion and fast valve switching.,現在簡單式,S + V1 / V-s(es),"[""includes""]",0.97,2026-07-26
2701f742087fb675b9769ec37a9f4f061c8a7d86e65d564775e055620856ea61,EMC顧問回覆與系統整合詞彙.csv,55,actuator worst case,2,Power transients should be recorded during the actuator worst case.,特殊句型/需確認,S + modal + be + past participle,"[""should be recorded""]",0.98,2026-07-26
1ba781978640c73f5ea18829faaf722daae1c6860190e27fb6d9e09a3b7b9333,EMC顧問回覆與系統整合詞彙.csv,56,operation mode,1,Each operation mode should have a defined Electromagnetic Compatibility (EMC) observation item.,特殊句型/需確認,S + modal + have + past participle,"[""should have""]",0.98,2026-07-26
8c063e847e114c13ebfed3ce1461d785be12f5d34273ea5767cdfff3cb1ee807,EMC顧問回覆與系統整合詞彙.csv,56,operation mode,2,Quiet mode and RF transmit mode are two important operation modes.,現在簡單式,S + am / is / are + complement,"[""are""]",0.97,2026-07-26
10b15272699136de9fe59c355c08cdcd037a6c74b00f9686eaf5611cacd6561a,EMC顧問回覆與系統整合詞彙.csv,57,latched fault,1,No latched fault should occur after an ESD event.,特殊句型/需確認,S + modal + V1,"[""should occur""]",0.98,2026-07-26
74fdf875cb324372f4142f3eac0b8cacff017215f7dae3d8205cdf4c8df15c9c,EMC顧問回覆與系統整合詞彙.csv,57,latched fault,2,The event log should record any latched fault during the pre-scan.,特殊句型/需確認,S + modal + V1,"[""should record""]",0.98,2026-07-26
f93188c90a130d3ed5b9dbe839d4db7b66c2f2a7e13a357abbb2f7c718e7304a,EMC顧問回覆與系統整合詞彙.csv,58,functional degradation,1,The acceptance criteria should define allowable functional degradation.,特殊句型/需確認,S + modal + V1,"[""should define""]",0.98,2026-07-26
be9cd19ea7ca74da2c2868c2b256076bf22ef5d0165cc1cbd398a592e4fe223d,EMC顧問回覆與系統整合詞彙.csv,58,functional degradation,2,Mission-critical functions should have no functional degradation during Electromagnetic Compatibility (EMC) testing.,特殊句型/需確認,S + modal + have + past participle,"[""should have""]",0.98,2026-07-26
2908d03647cdb269fc35e1a9c68eedea0160d66d2ba942c95281c76d13dc2a4d,EMC顧問回覆與系統整合詞彙.csv,59,noise floor,2,An increased noise floor may indicate coupling from a noisy subsystem.,特殊句型/需確認,S + modal + V1,"[""may indicate coupling""]",0.98,2026-07-26
e15c800562128003c97e7512d29e0f576f446d19586be2f8ec39e6e878e8c155,EMC顧問回覆與系統整合詞彙.csv,60,packet loss,1,Packet loss must be monitored during RF and actuator tests.,特殊句型/需確認,S + modal + be + past participle,"[""must be monitored""]",0.98,2026-07-26
491391739be65289451e7e226121468d26aa9ca813f9e8d4668ce3989d80d898,EMC顧問回覆與系統整合詞彙.csv,60,packet loss,2,A sudden increase in packet loss may indicate Electromagnetic Compatibility (EMC) susceptibility.,特殊句型/需確認,S + modal + V1,"[""may indicate""]",0.98,2026-07-26
86b8ed75697e7b6abc7b842bc4d5053cd0e88a0a24a7f913c5a1a33e906caa5b,EMC顧問回覆與系統整合詞彙.csv,61,system emission map,1,A system emission map helps locate dominant radiated emission sources.,現在簡單式,S + V1 / V-s(es),"[""helps""]",0.97,2026-07-26
0ead49673b38f4fbc5bfe792db902ce805a69ec6eac2cfdedb0aa664998ae801,EMC顧問回覆與系統整合詞彙.csv,61,system emission map,2,The emission map should be updated after harness routing changes.,特殊句型/需確認,S + modal + be + past participle,"[""should be updated""]",0.98,2026-07-26
bb7abd3a3aafbf92967fef7ec1ed26a0b364ff85fb704bacf18a4a1d93e60ec1,EMC顧問回覆與系統整合詞彙.csv,62,induced level,1,The induced level on a cable may increase when the RF transmitter is active.,特殊句型/需確認,S + modal + V1,"[""may increase""]",0.98,2026-07-26
84399b0011a7ef39cf5e9df07a79d93a4964a8827d8d4e16314c35ef4f796248,EMC顧問回覆與系統整合詞彙.csv,62,induced level,2,The induced level must stay below the equipment tolerance threshold.,特殊句型/需確認,S + modal + V1,"[""must stay""]",0.98,2026-07-26
d5c36e171e17de661b72f944d491a295e4b6fe1939129774b8684b4ff95efd60,EMC顧問回覆與系統整合詞彙.csv,63,desense,1,The S-band transmitter may cause desense in a nearby UHF receiver.,特殊句型/需確認,S + modal + V1,"[""may cause""]",0.98,2026-07-26
6b471efe8ae8b417c3d2f1c9e4cfaded8045e9b69d5ded3dc486656a91405715,EMC顧問回覆與系統整合詞彙.csv,63,desense,2,Receiver desense should be checked during maximum RF transmit power.,特殊句型/需確認,S + modal + be + past participle,"[""should be checked""]",0.98,2026-07-26
542b5c0da4c6727b871ded5e346225400705d84d512bcf8e333a3a8745126c16,EMC顧問回覆與系統整合詞彙.csv,64,receiver desense,1,Receiver desense can occur when onboard noise enters the antenna path.,特殊句型/需確認,S + modal + V1,"[""can occur""]",0.98,2026-07-26
5f593833f0ca5cb55a9a2c8a456a0827729c510b855d8a8466b55847cc2ffd47,EMC顧問回覆與系統整合詞彙.csv,64,receiver desense,2,The RF test should monitor receiver desense and packet loss at the same time.,特殊句型/需確認,S + modal + V1,"[""should monitor""]",0.98,2026-07-26
af2e4327ecaa0044727efccd14b82340f2dfa54b0742336b080b74db94afee5d,EMC顧問回覆與系統整合詞彙.csv,65,counterpoise,1,An antenna mounted on a composite surface may need a counterpoise.,特殊句型/需確認,S + modal + V1,"[""may need""]",0.98,2026-07-26
2c39ffeca24da4d3941a0ffd8d917f0e001c730949d883f79482dc7a41f8e6d7,EMC顧問回覆與系統整合詞彙.csv,65,counterpoise,2,"Without a counterpoise, RF current may return through power or communication cables.",特殊句型/需確認,S + modal + V1,"[""may return""]",0.98,2026-07-26
a19fa9039c7038dbaedcf0bbacb49ef170a601db0a04f6047574f3e71d5c15e3,EMC顧問回覆與系統整合詞彙.csv,66,antenna port induced level,1,Antenna port induced level should be checked during RF compatibility testing.,特殊句型/需確認,S + modal + be + past participle,"[""should be checked""]",0.98,2026-07-26
dceb9e8adfe2f3fca5fb04b60a3e3ac672f3f9fa8b3c3111dd3bcd8b9252a75c,EMC顧問回覆與系統整合詞彙.csv,66,antenna port induced level,2,The receiver may be damaged if the antenna port induced level is too high.,特殊句型/需確認,S + modal + be + past participle,"[""may be damaged""]",0.98,2026-07-26
26cc20f0cb806b6f7e287343b5da9b538bfa4f87e83d7064448ce2dfcbff6d82,EMC顧問回覆與系統整合詞彙.csv,67,RF transmit inhibit,1,RF transmit inhibit may be required during sensitive ground operations.,特殊句型/需確認,S + modal + be + past participle,"[""may be required""]",0.98,2026-07-26
14ef8b37a43459c782a742f9555534fdfa8272ec7d4097f7c609a396f1a52d47,EMC顧問回覆與系統整合詞彙.csv,67,RF transmit inhibit,2,The test procedure should verify the RF transmit inhibit function.,特殊句型/需確認,S + modal + V1,"[""should verify""]",0.98,2026-07-26
3f65cdaec98c5e51b5829e803e2380b340dba45561925fcd593b2a56b7b09d69,EMC顧問回覆與系統整合詞彙.csv,68,power level control,1,Power level control can reduce RF risk during integration testing.,特殊句型/需確認,S + modal + V1,"[""can reduce""]",0.98,2026-07-26
0cfb077d7d68121ea872137a20fe7990a48a1a9aa06ec93280d0a8af79de91e3,EMC顧問回覆與系統整合詞彙.csv,68,power level control,2,The RF module should support power level control if desense is observed.,特殊句型/需確認,S + modal + V1,"[""should support""]",0.98,2026-07-26
fe01ca56b7275eb908bc66e7f0f262c4915cd5bca92a647b46bd8264605dfd7c,EMC顧問回覆與系統整合詞彙.csv,69,mission-critical,1,Flight control and navigation are mission-critical functions.,現在簡單式,S + am / is / are + complement,"[""are""]",0.97,2026-07-26
ed6c3dc03896f239c220d73e45967f3f13eadc2a3de4678febb1913f14618e25,EMC顧問回覆與系統整合詞彙.csv,69,mission-critical,2,Mission-critical data should be monitored during all Electromagnetic Compatibility (EMC) test scenarios.,特殊句型/需確認,S + modal + be + past participle,"[""should be monitored""]",0.98,2026-07-26
7808dcfc9c680b28a042b429d4ac97c46bb190693ba79b92a86e5019db26348c,EMC顧問回覆與系統整合詞彙.csv,70,safety-critical,1,A safety-critical command must not be triggered by RF interference.,特殊句型/需確認,S + modal + be + past participle,"[""must not be triggered""]",0.98,2026-07-26
d665867234d6cdda8569523665ca514f7be0d3c203c4372f279ec7298ca65554,EMC顧問回覆與系統整合詞彙.csv,70,safety-critical,2,Safety-critical functions require clear pass-fail criteria.,現在簡單式,S + V1 / V-s(es),"[""require""]",0.97,2026-07-26
25ebb1e7f706884281860faf469af1aba8d2a9def0e865e563d64cb79d3defb4,MSFC-HDBK-3697.csv,1,implementation,1,The implementation must be shown on the engineering drawing.,特殊句型/需確認,S + modal + V1,"[""must be shown on""]",0.98,2026-07-26
f65b033830b49af65cbd513d8156e981d9275ea983cdb1f68e9d549184c503ea,MSFC-HDBK-3697.csv,1,implementation,2,Good implementation makes the design easier to verify.,現在簡單式,S + V1 / V-s(es),"[""makes""]",0.97,2026-07-26
1e0e5a8abe590b4f6ce3b7977cc21f8bc68c6dddc6e1c04b79c1d6defddc9469,MSFC-HDBK-3697.csv,4,allocated baseline,1,The allocated baseline defines the design-to requirements.,現在簡單式,S + V1 / V-s(es),"[""defines""]",0.97,2026-07-26
54b47aedae8c01a0d656634ca1222966e82d17339a2e632b44944545fffae54b,MSFC-HDBK-3697.csv,4,allocated baseline,2,Each subsystem should follow the allocated baseline.,特殊句型/需確認,S + modal + V1,"[""should follow""]",0.98,2026-07-26
5ebc9be7e71c8a037e3ba368be07aee3ab9dce6ddb42e41d3d6f5ab7b2735fb0,MSFC-HDBK-3697.csv,5,mission requirement,1,A mission requirement is usually defined at the highest level.,現在簡單式,S + am / is / are + past participle,"[""is usually defined""]",0.97,2026-07-26
6c1564ecb8ca8858f246c9975d67b3b77f08a7fb5da00fb48863e68af9e24cd1,MSFC-HDBK-3697.csv,5,mission requirement,2,The mission requirement drives the system-level Electromagnetic Compatibility (EMC) design.,現在簡單式,S + V1 / V-s(es),"[""drives""]",0.97,2026-07-26
cd07102f5566f4564042c3ab05a596dbb2b0ea598977f3db2fadec6bade42b84,MSFC-HDBK-3697.csv,6,system requirement,1,The system requirement must be traceable to the mission objective.,特殊句型/需確認,S + modal + V1,"[""must be""]",0.98,2026-07-26
4c66160edaaa5db96cace29d7a1f06fa82eb5dac667b7319fe05b4fc376fbb59,MSFC-HDBK-3697.csv,6,system requirement,2,A clear system requirement prevents different teams from using different assumptions.,現在簡單式,S + V1 / V-s(es),"[""prevents""]",0.97,2026-07-26
e276f0a935047bd4f6e534b30c598d90fff27e6f202f996def6fac0cc6be846b,MSFC-HDBK-3697.csv,7,functional analysis,1,Functional analysis breaks a high-level requirement into detailed functions.,現在簡單式,S + V1 / V-s(es),"[""breaks""]",0.97,2026-07-26
3ee2796e0a7f50b93f53d5a88874bbcb5b76e055cf5a033edb83d815e73f1e67,MSFC-HDBK-3697.csv,7,functional analysis,2,The team used functional analysis to define bonding interfaces.,過去簡單式,S + V2 / V-ed,"[""used""]",0.97,2026-07-26
5cbe2d8d59a331f2e73a11daa8a55551c174beb98b4c4663d759f1d8cd9f7c07,MSFC-HDBK-3697.csv,8,subassembly,1,Every subassembly should have electrical continuity to the next higher assembly.,特殊句型/需確認,S + modal + have + past participle,"[""should have""]",0.98,2026-07-26
7abe8c8e96b059823eefcd3522b2e09d326b30fa2aad70971456021ee70a52fc,MSFC-HDBK-3697.csv,8,subassembly,2,The avionics panel is treated as a subassembly of the ring.,現在簡單式,S + am / is / are + past participle,"[""is treated""]",0.97,2026-07-26
f4b3da928e94d9fb2d746be1405b94b9aad3568045ef47f79ada58468014e586,MSFC-HDBK-3697.csv,9,interface constraint,1,The interface constraint defines how the equipment is mounted and connected.,現在簡單式,S + am / is / are + past participle,"[""is mounted""]",0.97,2026-07-26
8a66f0a4b613dc20fac8f97bddb7be902c63397c322a7200ecb36d3ac0f73023,MSFC-HDBK-3697.csv,9,interface constraint,2,Bonding points should be included as interface constraints.,特殊句型/需確認,S + modal + be + past participle,"[""should be included""]",0.98,2026-07-26
f0aebc345c4ddd13b0def48497d526ebe052e911c59834971f91f74c312ec01a,MSFC-HDBK-3697.csv,10,electromagnetic environment,1,The launch vehicle is exposed to a severe electromagnetic environment.,現在簡單式,S + am / is / are + past participle,"[""is exposed""]",0.97,2026-07-26
05c45d2211bf133639ca31578d24b81628cc98615de56bc978d4da430a803c51,MSFC-HDBK-3697.csv,10,electromagnetic environment,2,The electromagnetic environment includes onboard and external sources.,現在簡單式,S + V1 / V-s(es),"[""includes""]",0.97,2026-07-26
2ded7f5d83ec14c5265b5df3cf15e23f9e8b9a5a027c17c2074609b6c8df2976,MSFC-HDBK-3697.csv,11,onboard,1,Onboard electronics can generate unintentional RF noise.,特殊句型/需確認,S + modal + V1,"[""can generate""]",0.98,2026-07-26
25d86af1a0bf28224909dcd2cd4c4156591694effae41bfed82a7177c1b285f8,MSFC-HDBK-3697.csv,11,onboard,2,The onboard power system must not disturb sensitive receivers.,特殊句型/需確認,S + modal + V1,"[""must not disturb""]",0.98,2026-07-26
55778107d6d9ec99eb90007187b4d53d7abe7a51ac639b9470250c719e7bf0d1,MSFC-HDBK-3697.csv,12,external source,1,An external source may couple RF energy into the vehicle harness.,特殊句型/需確認,S + modal + V1,"[""may couple""]",0.98,2026-07-26
39786b97beff597e1d24c22ca029e748050e0229b3881e00413afa41a155053a,MSFC-HDBK-3697.csv,12,external source,2,Pad RF transmitters are one possible external source.,現在簡單式,S + am / is / are + complement,"[""are""]",0.97,2026-07-26
7a19320d903735f1fb5431bf7669d1c2ca16eea9ccda5675b0066cc584598adb,MSFC-HDBK-3697.csv,13,fault current,1,The structure must carry fault current until the protection device opens.,特殊句型/需確認,S + modal + V1,"[""must carry""]",0.98,2026-07-26
53353d257afc825ce4a3d9051f960e017ee4734a483271838e62c204f45171d9,MSFC-HDBK-3697.csv,13,fault current,2,A small contact area may overheat under fault current.,特殊句型/需確認,S + modal + V1,"[""may overheat""]",0.98,2026-07-26
5de700377e44eda9ea12469298c518a5d042455a7c5cd19cfe703ef1349ce926,MSFC-HDBK-3697.csv,14,short circuit,1,A short circuit to the chassis can create a shock hazard.,特殊句型/需確認,S + modal + V1,"[""can create""]",0.98,2026-07-26
832fe7f324d2e24b466221eb0ab2dbb5b524bc885c443000bb1bd7f0dcd58d21,MSFC-HDBK-3697.csv,14,short circuit,2,The design should prevent a short circuit from entering the composite structure.,特殊句型/需確認,S + modal + V1,"[""should prevent""]",0.98,2026-07-26
22ed6ae8548beed0f9fd3f0f6647904227c9b27a6449bcc2105a5044c75c16d1,MSFC-HDBK-3697.csv,15,current return path,1,A dedicated current return path is preferred for power circuits.,現在簡單式,S + am / is / are + past participle,"[""is preferred""]",0.97,2026-07-26
841f4c9aa06f80bbd589e7d60f796e14ce1838f854e9a0eecf40535dae288d4e,MSFC-HDBK-3697.csv,15,current return path,2,Do not rely on the composite panel as the current return path.,特殊句型/需確認,(Please) + V1 + ...,"[""Do not rely""]",0.97,2026-07-26
b7a6b6451c83608d0e1113642f5d2668917cbbd3ff9a0a9d2baf7fa62fca05b8,MSFC-HDBK-3697.csv,16,voltage drop,1,The voltage drop must be controlled in the power return path.,特殊句型/需確認,S + modal + be + past participle,"[""must be controlled""]",0.98,2026-07-26
00ba689f3e6e48e23247421ae3f591d41cb03672bd4a5ccba4ef1ccdd3bd54fe,MSFC-HDBK-3697.csv,16,voltage drop,2,Excessive voltage drop may reduce equipment margin.,特殊句型/需確認,S + modal + V1,"[""may reduce""]",0.98,2026-07-26
ba53bf5a909eeaf9ebde44ccb5f8a094eed5542d93aa122b8a38e92c7270556b,MSFC-HDBK-3697.csv,19,inductance,1,Inductance increases the impedance at high frequency.,現在簡單式,S + V1 / V-s(es),"[""increases""]",0.97,2026-07-26
680df581baeff816836aa7b6d09838b4769f87eb4e780bd054746698b2eb76ec,MSFC-HDBK-3697.csv,19,inductance,2,Reducing loop area helps reduce inductance.,現在簡單式,S + V1 / V-s(es),"[""helps""]",0.97,2026-07-26
070a956555af6b1952c9ed6d122dd7b6acbd148a1243a30592f8f5523e756365,MSFC-HDBK-3697.csv,20,capacitance,1,Capacitance between structures can affect RF impedance.,特殊句型/需確認,S + modal + V1,"[""can affect""]",0.98,2026-07-26
5ecd438662b438d0360e417e60d55ea9ce730ba3889061aac97e51989d6473fa,MSFC-HDBK-3697.csv,20,capacitance,2,The jumper and nearby metal can form unwanted capacitance.,特殊句型/需確認,S + modal + V1,"[""can form""]",0.98,2026-07-26
cc989348906f9874822edd233186d774aa4ce90f9ecaf7734377ff452cdf2bc9,MSFC-HDBK-3697.csv,21,reactance,1,Reactance changes with frequency.,現在簡單式,S + V1 / V-s(es),"[""changes""]",0.97,2026-07-26
9d79b1e66b89257934296c5a16c3700c205eb7e7271f64b5b155926c3ef38112,MSFC-HDBK-3697.csv,21,reactance,2,Impedance includes resistance and reactance.,現在簡單式,S + V1 / V-s(es),"[""includes""]",0.97,2026-07-26
93ad7db01169f954537d1578550f320640825a0e8fab16b60a0a233d5ac7f186,MSFC-HDBK-3697.csv,22,resistance,1,DC resistance is easy to measure with a micro-ohmmeter.,現在簡單式,S + am / is / are + complement,"[""is""]",0.97,2026-07-26
94c015fec4bea0191f549e5facc5e5fb4f1b4a68399be9916e1f4da09855a22a,MSFC-HDBK-3697.csv,22,resistance,2,Low resistance does not always mean good RF performance.,現在簡單式,S + do / does not + V1,"[""does""]",0.97,2026-07-26
d48762552c919e8c6bd41002fcc275c16dcd21595fdfa2206eeb213f36550e2e,MSFC-HDBK-3697.csv,23,micro-ohmmeter,1,A micro-ohmmeter is used to measure very low bonding resistance.,現在簡單式,S + am / is / are + past participle,"[""is used to measure""]",0.97,2026-07-26
3c493650a3c028a05ccfed060a01431d4c469ea05c4f242ecb72c77913bf7f1d,MSFC-HDBK-3697.csv,23,micro-ohmmeter,2,Use a four-wire method with the micro-ohmmeter.,特殊句型/需確認,(Please) + V1 + ...,"[""Use""]",0.97,2026-07-26
1aa57390e04ea6f89fe86d6b31bf9c433faa987e80c53b815741247a928fc570,MSFC-HDBK-3697.csv,24,RF impedance,1,RF impedance is more important than DC resistance for high-frequency bonding.,現在簡單式,S + am / is / are + complement,"[""is""]",0.97,2026-07-26
4c848bb002da7aae72dfb5265a29f97bdda399efe22c25048d6b481b3a33a7a0,MSFC-HDBK-3697.csv,24,RF impedance,2,The reference ring should minimize RF impedance.,特殊句型/需確認,S + modal + V1,"[""should minimize""]",0.98,2026-07-26
e5a86ef5455f0672c89fa5a268012501060bf2e408f96b8fb546ee5cbed4ba55,MSFC-HDBK-3697.csv,25,faying surface,1,The faying surface must be cleaned before assembly.,特殊句型/需確認,S + modal + be + past participle,"[""must be cleaned""]",0.98,2026-07-26
79e39e8f31e759b63b2c5068a74318967f242ef69b2afebe2885cc57b0e624eb,MSFC-HDBK-3697.csv,25,faying surface,2,Paint on the faying surface will degrade the electrical connection.,未來簡單式,S + will + V1,"[""will degrade""]",0.99,2026-07-26
f4f7152a59bb8aad751e3e3468b0237b79f73a1f891966bdd3f1b59d94356688,MSFC-HDBK-3697.csv,26,mating surface,1,Both mating surfaces must be free of nonconductive films.,特殊句型/需確認,S + modal + V1,"[""must be""]",0.98,2026-07-26
00f5c38199cc9f4913c15b4ed62eda84e7871bba5615f09942f99e0c9f4b79fd,MSFC-HDBK-3697.csv,26,mating surface,2,The connector flange and panel mating surface require preparation.,現在簡單式,S + V1 / V-s(es),"[""require""]",0.97,2026-07-26
0099e7c0b41f425779324e4024e42e6d65c0d16b6c8bd3aaea775c7d44697b48,MSFC-HDBK-3697.csv,27,metal-to-metal contact,1,Metal-to-metal contact is preferred for RF performance.,現在簡單式,S + am / is / are + past participle,"[""is preferred""]",0.97,2026-07-26
b87c49627af6e6915ef3986637074eb02fae09ad0f272a9eea543fe09764f1c3,MSFC-HDBK-3697.csv,27,metal-to-metal contact,2,A gasket may be needed when metal-to-metal contact is not reliable.,特殊句型/需確認,S + modal + be + past participle,"[""may be needed""]",0.98,2026-07-26
bbc83edaf71ae14e8a73a47baeaa6fc507f5fe1d1829223a7f4e82e44c407ee9,MSFC-HDBK-3697.csv,28,nonconductive coating,1,Nonconductive coating must be removed from the bonding area.,特殊句型/需確認,S + modal + be + past participle,"[""must be removed""]",0.98,2026-07-26
415d3bc8b63584021a08adbeafa0adcc857a4e1163c0bf45b912ecc164ec5fcc,MSFC-HDBK-3697.csv,28,nonconductive coating,2,A thin nonconductive coating can make a good joint electrically poor.,特殊句型/需確認,S + modal + V1,"[""can make""]",0.98,2026-07-26
9a4e065e0c9a10e20b6e776509a95eac1a95c3bc488abfcc24075f63bfa8080a,MSFC-HDBK-3697.csv,29,foreign matter,1,Foreign matter on the contact area can increase resistance.,特殊句型/需確認,S + modal + V1,"[""can increase""]",0.98,2026-07-26
04534521a62b69a1eab6fe3154fb1b041edff125273a592d92f50bed3dd22a6a,MSFC-HDBK-3697.csv,29,foreign matter,2,"Remove all chips, dust, and foreign matter before assembly.",特殊句型/需確認,(Please) + V1 + ...,"[""Remove""]",0.97,2026-07-26
dc3aca40c24de47aab22e729132816885780043d80da307ec073c4c7802070df,MSFC-HDBK-3697.csv,30,aperture,1,An unbonded seam can become an RF aperture.,特殊句型/需確認,S + modal + V1,"[""can become""]",0.98,2026-07-26
cdffe876503dfb9b3dc27890be25cbf50bf54f05cbbaf58eb97d78e329db5660,MSFC-HDBK-3697.csv,30,aperture,2,Reducing aperture size improves enclosure performance.,現在簡單式,S + V1 / V-s(es),"[""improves""]",0.97,2026-07-26
f351a14b06a067ac7ad620c524502624db986cc96fdbca7ff4f7100f72d5b177,MSFC-HDBK-3697.csv,33,threaded fastener,1,A threaded fastener should not be the only current path.,特殊句型/需確認,S + modal + V1,"[""should not be""]",0.98,2026-07-26
7ae2a77e120524366d8713f13417072c033098f665dbea066daf793cda9b4b5c,MSFC-HDBK-3697.csv,33,threaded fastener,2,The threaded fastener mainly provides mechanical preload.,現在簡單式,S + V1 / V-s(es),"[""provides""]",0.97,2026-07-26
4618b2831dc9bd4a3629aab9816021294df3ab2fb6b0bfc7e8ddbfc5ff49d226,MSFC-HDBK-3697.csv,34,rivet,1,Rivets can provide good contact when installed correctly.,特殊句型/需確認,S + modal + V1,"[""can provide""]",0.98,2026-07-26
39b911196b4bb6227ee4b678c70feb20a7aa554146ba1b5cd4970e5345874d0b,MSFC-HDBK-3697.csv,34,rivet,2,At least three rivets are often recommended for one junction.,現在簡單式,S + am / is / are + past participle,"[""are often recommended""]",0.97,2026-07-26
6ed1ddedc1452deacbda851fecc8b8298c589bc2a4e280f1dc6d528a04555526,MSFC-HDBK-3697.csv,36,preload,1,Proper preload keeps the joint stable under vibration.,現在簡單式,S + V1 / V-s(es),"[""keeps""]",0.97,2026-07-26
e675b68c947b61c764f571e7a54482d306aed8f87c786cd961907977febc0bce,MSFC-HDBK-3697.csv,36,preload,2,Loss of preload may increase contact resistance.,特殊句型/需確認,S + modal + V1,"[""may increase""]",0.98,2026-07-26
97e9fcf07bd9c427d238ef0986c1467eb90aefea79aab60417f8dc1b3272e316,MSFC-HDBK-3697.csv,37,dynamic environment,1,The joint must maintain contact in a dynamic environment.,特殊句型/需確認,S + modal + V1,"[""must maintain""]",0.98,2026-07-26
07d381f40a3d22781319412916909e1e10dcb687c261821e2cdd24073459a893,MSFC-HDBK-3697.csv,37,dynamic environment,2,Vibration and shock are part of the dynamic environment.,現在簡單式,S + am / is / are + complement,"[""are""]",0.97,2026-07-26
f73cf5fcbeb9725383186a62ed93382d78e9a24de247583f9f6fd31066c7a672,MSFC-HDBK-3697.csv,38,vibration,1,Vibration can loosen a poorly designed connection.,特殊句型/需確認,S + modal + V1,"[""can loosen""]",0.98,2026-07-26
024995aa778c19cd9ee2a0164a55d9d15579e7cd82d0932984366a5d7ac558a5,MSFC-HDBK-3697.csv,38,vibration,2,The strap must survive vibration without cracking.,特殊句型/需確認,S + modal + V1,"[""must survive""]",0.98,2026-07-26
fb11b7f7589d78641c64bf2baad9b7b246a3a34fcc690a03f959b5ea3e67b64f,MSFC-HDBK-3697.csv,39,jumper,1,A jumper may be used when direct contact is impractical.,特殊句型/需確認,S + modal + be + past participle,"[""may be used""]",0.98,2026-07-26
3102db8447ea105200b0578219a844cf31651abacdfea63443e7d257aeaf62ca,MSFC-HDBK-3697.csv,39,jumper,2,"The jumper should be short, wide, and easy to inspect.",特殊句型/需確認,S + modal + V1,"[""should be""]",0.98,2026-07-26
f22bf909fd88c28f0307fc2490b3c700cf2a394dbe84a6a832fb833f4aed50b4,MSFC-HDBK-3697.csv,40,strap,1,A flat strap usually has lower inductance than a round wire.,現在簡單式,S + V1 / V-s(es),"[""has""]",0.97,2026-07-26
db68df609e8f9d30aa38e45bf3699ac8e5639ca8d8c31e2050c3ed6d2b24cf32,MSFC-HDBK-3697.csv,40,strap,2,Keep the strap as short as possible.,特殊句型/需確認,(Please) + V1 + ...,"[""Keep""]",0.97,2026-07-26
adb50a395cefd955c9c82ba84c1db984b1f0f02836979bbf659b9fefaabae6ee,MSFC-HDBK-3697.csv,41,length-to-width ratio,1,The length-to-width ratio of the strap should be kept low.,特殊句型/需確認,S + modal + V1,"[""should be kept""]",0.98,2026-07-26
3ef9f6cb35a9b1f22c8f1cccc70b672f73b1893d1db7300ee1c3cab32fbf5b82,MSFC-HDBK-3697.csv,41,length-to-width ratio,2,A high length-to-width ratio increases inductance.,現在簡單式,S + V1 / V-s(es),"[""increases""]",0.97,2026-07-26
c738f583865b09e68c25be115885ffcb2f2fd6f03f09bd293d8f7c4d2955a6a7,MSFC-HDBK-3697.csv,42,surface area,1,Larger surface area improves current carrying capability.,現在簡單式,S + V1 / V-s(es),"[""improves""]",0.97,2026-07-26
2d1753fe54a68e6d05d42373dbeab7f8c3dce2d36e80bb2abc610ecd821fe201,MSFC-HDBK-3697.csv,42,surface area,2,The design should maximize surface area at RF joints.,特殊句型/需確認,S + modal + V1,"[""should maximize""]",0.98,2026-07-26
ffb0310febc1d72a88f81f784f94bd1a550343566ac13be47d40fe7f8184dd33,MSFC-HDBK-3697.csv,43,surface condition,1,Surface condition affects contact resistance.,現在簡單式,S + V1 / V-s(es),"[""affects""]",0.97,2026-07-26
9dc8fcf4c361eafac90647fe318772a230d4fd961503f6b50151878d13c7fd1d,MSFC-HDBK-3697.csv,43,surface condition,2,Roughness and hardness are part of surface condition.,現在簡單式,S + am / is / are + complement,"[""are""]",0.97,2026-07-26
fae1459dcf7425bac3d2ebc3bec0c5d8036b2625e52d567c8df8ff90610cd27c,MSFC-HDBK-3697.csv,44,cleanliness,1,Cleanliness is essential for reliable electrical contact.,現在簡單式,S + am / is / are + complement,"[""is""]",0.97,2026-07-26
924de0b08c1c42023a05fa79b78df65d813eea0c43eef142349b5022a1a973a8,MSFC-HDBK-3697.csv,44,cleanliness,2,Poor cleanliness can cause unstable measurement results.,特殊句型/需確認,S + modal + V1,"[""can cause""]",0.98,2026-07-26
81f53133723667ee0bded8fc4d0a72f15585b25de44028cc89295f3e522d54c0,MSFC-HDBK-3697.csv,45,surface preparation,1,Surface preparation must be defined before manufacturing.,特殊句型/需確認,S + modal + be + past participle,"[""must be defined""]",0.98,2026-07-26
0cac98641f62637616c960b69b54b0b684330b1209f2e3c0ade482f3076d7a48,MSFC-HDBK-3697.csv,45,surface preparation,2,The drawing should specify the required surface preparation.,特殊句型/需確認,S + modal + V1,"[""should specify""]",0.98,2026-07-26
22defbf0848dfbfeb186fe4078ea660f10993860daa40ecc7d51884e06eb69e9,MSFC-HDBK-3697.csv,46,abrasive material,1,Use abrasive material carefully to avoid damaging the base metal.,特殊句型/需確認,(Please) + V1 + ...,"[""Use""]",0.97,2026-07-26
2cbee023a1ba2445d9c0c105217f150e83cb76ff9babd7f84a302bcdbcce0875,MSFC-HDBK-3697.csv,46,abrasive material,2,The abrasive material should be compatible with the surface.,特殊句型/需確認,S + modal + V1,"[""should be""]",0.98,2026-07-26
fdf55bd62b634e85dced817dc1f285e6523257aee812e58a800884d90384db47,MSFC-HDBK-3697.csv,47,solvent,1,Use an approved solvent to clean the faying surface.,特殊句型/需確認,(Please) + V1 + ...,"[""Use""]",0.97,2026-07-26
9fa49a2d281db793644e3b37dffe3b961cb8c30f8da30b068004a91901b73e36,MSFC-HDBK-3697.csv,47,solvent,2,The solvent must be compatible with the hardware.,特殊句型/需確認,S + modal + V1,"[""must be""]",0.98,2026-07-26
0bb59f18629ddae46cb91203865c41579004ee63667d289ddc1d7762923ee71a,MSFC-HDBK-3697.csv,48,sealant,1,Apply sealant around the joint to prevent moisture intrusion.,特殊句型/需確認,(Please) + V1 + ...,"[""Apply""]",0.97,2026-07-26
b13129b0977ee061f24ddae01902e957dd9c41f33ea61e5b8160ec8633363528,MSFC-HDBK-3697.csv,48,sealant,2,The sealant must not block the electrical contact area.,特殊句型/需確認,S + modal + V1,"[""must not block""]",0.98,2026-07-26
e486a3ca9e13af5d21e1b80b3f996d4569ef9771356664de09001fd71402ae8c,MSFC-HDBK-3697.csv,49,plating,1,Plating can improve corrosion resistance and electrical contact.,特殊句型/需確認,S + modal + V1,"[""can improve""]",0.98,2026-07-26
e2468b8dd4cb9f66912840a9b0d0bff036ecafc21c9f3f7418ad2ca8d86fe008,MSFC-HDBK-3697.csv,49,plating,2,The plating material must be selected for galvanic compatibility.,特殊句型/需確認,S + modal + be + past participle,"[""must be selected""]",0.98,2026-07-26
88c769d7d0133a263cab408179ef9d01a9f5becc23a886da1d145e8c9f11b671,MSFC-HDBK-3697.csv,50,tin plating,1,Tin plating is often used on copper or steel surfaces.,現在簡單式,S + am / is / are + past participle,"[""is often used""]",0.97,2026-07-26
ede5a5815f5afe62e40dad5b857ef98fe9678421882160eabe4bbee675a0b1af,MSFC-HDBK-3697.csv,50,tin plating,2,Tin plating may require special control to prevent whisker growth.,特殊句型/需確認,S + modal + V1,"[""may require""]",0.98,2026-07-26
651137a78f9ccd8110a8c8845f01036a62d9428b378b77587dacaa4a6117f9fa,MSFC-HDBK-3697.csv,51,nickel plating,1,Nickel plating can reduce dissimilar-metal corrosion risk.,特殊句型/需確認,S + modal + V1,"[""can reduce""]",0.98,2026-07-26
a2a41ca9b43ed8c8c447517534252c20d10c722b39dfb75126c32045b7a471f7,MSFC-HDBK-3697.csv,51,nickel plating,2,Aluminum may be nickel-plated before mating with stainless steel.,特殊句型/需確認,S + modal + V1,"[""may be""]",0.98,2026-07-26
6755caeabbcf5054328fefd82c7a346e6b33f28cb624ba4c015d9b5fac42c7fe,MSFC-HDBK-3697.csv,52,chemical conversion coating,1,Chemical conversion coating can protect aluminum while maintaining conductivity.,特殊句型/需確認,S + modal + V1,"[""can protect""]",0.98,2026-07-26
83f70ad3698d2c11a50db607536669ca1567b12ab0d53b6ea41ae9cd8dda444d,MSFC-HDBK-3697.csv,52,chemical conversion coating,2,The drawing may call out a Class 3 chemical conversion coating.,特殊句型/需確認,S + modal + V1,"[""may call out""]",0.98,2026-07-26
f11a8a4227a9d2a371734ff8b8c7c032d33591cecbd478d9c59357f18f538aca,MSFC-HDBK-3697.csv,53,passivation,1,Passivation improves the corrosion resistance of stainless steel.,現在簡單式,S + V1 / V-s(es),"[""improves""]",0.97,2026-07-26
fd67862861af757646ba83b52d6996a8608a7aa6b86c1c890702ee338d6e0fec,MSFC-HDBK-3697.csv,53,passivation,2,Passivation is not primarily an electrical bonding requirement.,現在簡單式,S + am / is / are + complement,"[""is not""]",0.97,2026-07-26
34a1a2f0a5d671eb754253dfa7cfaab664fa855f78730b2fa07f91596618670a,MSFC-HDBK-3697.csv,54,anodize,1,Anodize is usually nonconductive and must be removed from bonding areas.,特殊句型/需確認,S + modal + be + past participle,"[""must be removed""]",0.98,2026-07-26
aeefba29f12a3e563be0cf4abd690ef48c300863434e215395549ab71f479ac7,MSFC-HDBK-3697.csv,54,anodize,2,The drawing should mask the contact area before anodize.,特殊句型/需確認,S + modal + V1,"[""should mask""]",0.98,2026-07-26
dfceca23d369e0fb415f952f7b148879f925a592500882e4de993504480b611a,MSFC-HDBK-3697.csv,55,tin whisker,1,Tin whisker growth can create reliability problems.,特殊句型/需確認,S + modal + V1,"[""can create""]",0.98,2026-07-26
3297c3c4ba2e29dde8e5cb0c9d2ceac06052aa752ccc1916a0c4ef3ca5237523,MSFC-HDBK-3697.csv,55,tin whisker,2,Lead-alloyed tin may be used to reduce tin whisker risk.,特殊句型/需確認,S + modal + be + past participle,"[""may be used to reduce""]",0.98,2026-07-26
4d6576dda1c4bb35155ba76bda67f0360a96b266ebc0d007d02c4bcc74ec9a7a,MSFC-HDBK-3697.csv,56,corrosion control,1,Corrosion control must be considered together with electrical contact.,特殊句型/需確認,S + modal + be + past participle,"[""must be considered""]",0.98,2026-07-26
6ff223ff0aec00e76ce8cf70b069493f1335cb615b61a93c4ade09eeab9f81b7,MSFC-HDBK-3697.csv,56,corrosion control,2,Poor corrosion control will degrade the joint over time.,未來簡單式,S + will + V1,"[""will degrade""]",0.99,2026-07-26
2c90b186cf3d37fcf1ff8e5bba90f49d7b31f518a5ed827eeb2c02a9a8897034,MSFC-HDBK-3697.csv,58,galvanic series,1,The galvanic series helps compare material compatibility.,現在簡單式,S + V1 / V-s(es),"[""helps""]",0.97,2026-07-26
d08001f938b243d40da0c985fdb1334bc98276ecd233443fca930999f4728281,MSFC-HDBK-3697.csv,58,galvanic series,2,Materials far apart in the galvanic series need special protection.,現在簡單式,S + V1 / V-s(es),"[""need""]",0.94,2026-07-26
eed26c43436a9ccb66993c9fa58dfbcd7696ae47f1faa44d27b18e50c63d9823,MSFC-HDBK-3697.csv,59,cathode,1,Carbon-fiber composites often behave as the cathode in a galvanic couple.,現在簡單式,S + V1 / V-s(es),"[""behave""]",0.97,2026-07-26
bdd0a01324d5a0ba7a2601387a40f2ab2372b3ba9d0ee10680a7311ee335d9db,MSFC-HDBK-3697.csv,59,cathode,2,The cathode is usually the more noble material.,現在簡單式,S + am / is / are + complement,"[""is""]",0.97,2026-07-26
686df806b4f77fd0a050927e60bef5c62d4eb32ffb877bea164c3bc0408be541,MSFC-HDBK-3697.csv,60,anode,1,The anode is the material that tends to corrode.,現在簡單式,S + am / is / are + complement,"[""is""]",0.97,2026-07-26
33c802dffedb334834502594e36371569d2697716579fc0edc8a7d8d30817865,MSFC-HDBK-3697.csv,60,anode,2,Protect the anode when dissimilar metals cannot be avoided.,特殊句型/需確認,S + modal + V1,"[""cannot""]",0.98,2026-07-26
900c92209a2c8872251fe8c477b50fd30f96273031dbbb6ad970b340b28dc462,MSFC-HDBK-3697.csv,61,electrolyte,1,Moisture can act as an electrolyte in galvanic corrosion.,特殊句型/需確認,S + modal + V1,"[""can act""]",0.98,2026-07-26
257cc4aeb6937ed7add1b2bc10c5d5b95069fa268631d5615eddf4f394f71095,MSFC-HDBK-3697.csv,61,electrolyte,2,Preventing electrolyte intrusion helps prevent corrosion.,現在簡單式,S + V1 / V-s(es),"[""helps""]",0.97,2026-07-26
de3f52b25a2b0b523a741284cdd82e8e42db31dafe6a80b769d6a065cde84a9f,MSFC-HDBK-3697.csv,62,dissimilar metal,1,Dissimilar metal contact should be reviewed by materials engineers.,特殊句型/需確認,S + modal + be + past participle,"[""should be reviewed""]",0.98,2026-07-26
760f3095e6fc307bcf83e0939798b5bf73eef9d17bffbf04a48d8afc5de08af6,MSFC-HDBK-3697.csv,62,dissimilar metal,2,Use plating or sealing when dissimilar metal contact is unavoidable.,特殊句型/需確認,(Please) + V1 + ...,"[""Use""]",0.97,2026-07-26
ccd4f137610080c110f1bc699bbcdb4f8e57e8ae5aa7ccc525c6890b1910f56d,MSFC-HDBK-3697.csv,63,moisture,1,Moisture can accelerate corrosion at the joint.,特殊句型/需確認,S + modal + V1,"[""can accelerate""]",0.98,2026-07-26
5d5af8190463e77f51aa658866c966c1882712c81f44a0955d45b5d37e7d7a5b,MSFC-HDBK-3697.csv,63,moisture,2,Seal the joint to keep moisture out.,特殊句型/需確認,(Please) + V1 + ...,"[""Seal""]",0.97,2026-07-26
56a84b72945160d6c115b3452d437a99f3e5cdc432c9c7e903697edc41fc3a73,MSFC-HDBK-3697.csv,64,delamination,1,High current at a fastener can cause local heating and delamination.,特殊句型/需確認,S + modal + V1,"[""can cause""]",0.98,2026-07-26
c7b22618635a4b1d4f2109dff070f8270f0ac80fb69c142b74bf64f9305bcbad,MSFC-HDBK-3697.csv,64,delamination,2,Composite delamination is a serious structural concern.,現在簡單式,S + am / is / are + complement,"[""is""]",0.97,2026-07-26
9e28d319d73dc1d4956897477aa089b77a6fc465800de7daf753cee1c972cb52,MSFC-HDBK-3697.csv,65,volume resistivity,1,Volume resistivity determines whether a material can dissipate charge.,特殊句型/需確認,S + modal + V1,"[""can dissipate""]",0.98,2026-07-26
56385be6f772729a69f5cd599a3eff7045e97145cc50ce025e0ebfe78cae9563,MSFC-HDBK-3697.csv,65,volume resistivity,2,Nonmetallic tubing may need a volume resistivity limit.,特殊句型/需確認,S + modal + V1,"[""may need""]",0.98,2026-07-26
b84aa4fdb471fe0f49d60f1b1f8a8f742aa09dda8d229530e1218460f5000826,MSFC-HDBK-3697.csv,66,conductivity,1,Graphite epoxy has much lower conductivity than aluminum.,現在簡單式,S + V1 / V-s(es),"[""has""]",0.97,2026-07-26
670fb2d50415b38372909b3cb1329bf4638c5c38488af9b2dac64bf53ced36ec,MSFC-HDBK-3697.csv,66,conductivity,2,Additional metal paths can improve overall conductivity.,特殊句型/需確認,S + modal + V1,"[""can improve""]",0.98,2026-07-26
f86acc6753d821b2df2e6dffde46eef88851bdc6288b683df9962c9dd20eb453,MSFC-HDBK-3697.csv,70,gasket,1,A conductive gasket can improve seam performance.,特殊句型/需確認,S + modal + V1,"[""can improve""]",0.98,2026-07-26
843325471693a10530cc865ea45d305c65b69c91134f28042d06c1fee35cdf34,MSFC-HDBK-3697.csv,70,gasket,2,The gasket must be compressed within the specified range.,特殊句型/需確認,S + modal + be + past participle,"[""must be compressed""]",0.98,2026-07-26
825ba18d69af56a2a09a5b1c89d6a5e304f73db97a8081d8a5cbb4b1cc24cd85,MSFC-HDBK-3697.csv,71,compression set,1,Compression set affects whether a gasket can be reused.,特殊句型/需確認,S + modal + be + past participle,"[""can be reused""]",0.98,2026-07-26
be2876d28b5dede354df50a31d4d439ca4c6e0443e48f694ad2e9e1816124cce,MSFC-HDBK-3697.csv,71,compression set,2,Low compression set is important for removable covers.,現在簡單式,S + am / is / are + complement,"[""is""]",0.97,2026-07-26
1385215b9c07b960ab772abddb9f97edafa7c41f813ff4f4710782f2ea4887d7,MSFC-HDBK-3697.csv,72,chassis,1,The chassis should be connected to the reference plane.,特殊句型/需確認,S + modal + be + past participle,"[""should be connected""]",0.98,2026-07-26
266a42a4879368bdf438acc087a42d72ed62b87bcc2e161120c9002b96a71297,MSFC-HDBK-3697.csv,72,chassis,2,A powered chassis must have a safe fault-current path.,特殊句型/需確認,S + modal + have + past participle,"[""must have""]",0.98,2026-07-26
75fad5b67b48712802c1162681159a204f12f54856104b507bacb0ea2920827f,MSFC-HDBK-3697.csv,73,reference plane,1,The copper layer acts as a local reference plane.,現在簡單式,S + V1 / V-s(es),"[""acts""]",0.97,2026-07-26
6e10c56d0bad2eff00d31b2299c7467bf7934640b50f5c5e37217e4e8010c573,MSFC-HDBK-3697.csv,73,reference plane,2,All critical shields should return to the reference plane.,特殊句型/需確認,S + modal + V1,"[""should return""]",0.98,2026-07-26
30a1ff6d6721bb757b1004d269c2b88cb23888bb2b23923e417a9f24f878c779,MSFC-HDBK-3697.csv,75,equipotential,1,The goal is to make the structure as equipotential as practical.,現在簡單式,S + am / is / are + complement,"[""is""]",0.97,2026-07-26
f0727bf9f44235bb48a4c073dfb715ce8f3d4b6e1e1f7d62918b1308151ae1da,MSFC-HDBK-3697.csv,75,equipotential,2,An equipotential reference reduces unwanted voltage differences.,現在簡單式,S + V1 / V-s(es),"[""reduces""]",0.97,2026-07-26
32fbaccdf6ccbbfbe73f9be82096f32d9c1a840be8256050b8cbaac57dda6d0f,MSFC-HDBK-3697.csv,76,equipment rack,1,The avionics panel can be treated like a small equipment rack.,特殊句型/需確認,S + modal + be + past participle,"[""can be treated like""]",0.98,2026-07-26
ec93de802935bab758fafad3914734e6dc10d60ef7f02db37066f06def587a1d,MSFC-HDBK-3697.csv,76,equipment rack,2,An equipment rack should provide defined mounting and bonding points.,特殊句型/需確認,S + modal + V1,"[""should provide defined mounting""]",0.98,2026-07-26
23249d2bb4fabce5887d2ad681d7880991e4794735e03124707eb8dba511c4ba,MSFC-HDBK-3697.csv,77,mounting bracket,1,The mounting bracket must have a defined electrical path.,特殊句型/需確認,S + modal + have + past participle,"[""must have""]",0.98,2026-07-26
c1ab6e26fd4d7e4793eb12710186e4a7d2277f5c1d2ddc6b69b417aeb413e5ea,MSFC-HDBK-3697.csv,77,mounting bracket,2,Do not rely on a painted mounting bracket for RF return.,特殊句型/需確認,(Please) + V1 + ...,"[""Do not rely""]",0.97,2026-07-26
5a5b5160dbcc24db58023e560857406823a23d14fcbf15f6797f5a0408e4b436,MSFC-HDBK-3697.csv,78,mounting surface,1,The mounting surface should be prepared before the connector is installed.,特殊句型/需確認,S + modal + be + past participle,"[""should be prepared""]",0.98,2026-07-26
0e307c5b9b11f493a8e599888813fa6e8bc7cfc66db00ba23a083e51aa8131c2,MSFC-HDBK-3697.csv,78,mounting surface,2,A painted mounting surface may isolate the chassis.,特殊句型/需確認,S + modal + V1,"[""may isolate""]",0.98,2026-07-26
5d50bcf25df0d13d8d5dbf3c40575ac3e142c152358fea867b7a82fa486a3ac8,MSFC-HDBK-3697.csv,79,pyrotechnics,1,Pyrotechnics require special attention to prevent accidental ignition.,現在簡單式,S + V1 / V-s(es),"[""require""]",0.97,2026-07-26
f37c6f46bc898594890d52c17627d287eb9c990289f6e7391bff5c92ac03d0e5,MSFC-HDBK-3697.csv,79,pyrotechnics,2,Wires to pyrotechnics should be carefully shielded and terminated.,特殊句型/需確認,S + modal + V1,"[""should be carefully shielded""]",0.98,2026-07-26
15fed302674456f5c9915cb7266a4020978296e7cbc9ef3637a5c362b158c3fb,MSFC-HDBK-3697.csv,80,arc discharge,1,High impedance at a joint can cause arc discharge.,特殊句型/需確認,S + modal + V1,"[""can cause""]",0.98,2026-07-26
921b9b4f53191be2eae606a3452403dce1d2d5583b4252fe2fbbd85a254a1437,MSFC-HDBK-3697.csv,80,arc discharge,2,Arc discharge near fuel or pyrotechnics is dangerous.,現在簡單式,S + am / is / are + complement,"[""is""]",0.97,2026-07-26
70cdcf9ee537becc7f7ed64b3961a31b1e5cea63cd6070095ab614b64284f77d,MSFC-HDBK-3697.csv,83,workmanship,1,Resistance measurement can verify workmanship quality.,特殊句型/需確認,S + modal + V1,"[""can verify""]",0.98,2026-07-26
9c3d48282a5e5646bd49524c5791a60938e04c033ab2d20446cf063294502ca4,MSFC-HDBK-3697.csv,83,workmanship,2,Poor workmanship may create an intermittent connection.,特殊句型/需確認,S + modal + V1,"[""may create""]",0.98,2026-07-26
b6d2218af50d2f6df1f6e5c321a360d7ccbd719d7ff945eb3d368b5864a73990,MSFC-HDBK-3697.csv,84,quality record,1,Quality records should include bonding resistance measurements.,特殊句型/需確認,S + modal + V1,"[""should include bonding""]",0.98,2026-07-26
66dd6280a16657368b327f90cc69c13e2fda3e759f79569efaf01144ab36d153,MSFC-HDBK-3697.csv,84,quality record,2,The quality record supports final acceptance.,現在簡單式,S + V1 / V-s(es),"[""supports""]",0.97,2026-07-26
33997de5872d17872ef3d2b532cc1a76c9ab4b5df3ceeecfc09aad28b8b2ec3a,MSFC-HDBK-3697.csv,85,engineering drawing,1,The engineering drawing must identify each bonded area.,特殊句型/需確認,S + modal + V1,"[""must identify""]",0.98,2026-07-26
ca30b8a354fe40f135673246ff975d3ff17b163887cd21843ce1859ddcc0d3ae,MSFC-HDBK-3697.csv,85,engineering drawing,2,Manufacturing follows the notes on the engineering drawing.,現在簡單式,S + V1 / V-s(es),"[""follows""]",0.97,2026-07-26
ae2495b555a6629de34c65d56f9512a84dae7237552115bbbe2c40be707510a1,MSFC-HDBK-3697.csv,86,drawing note,1,A drawing note should specify cleaning and resistance requirements.,特殊句型/需確認,S + modal + V1,"[""should specify cleaning""]",0.98,2026-07-26
87393f6ca92f30583584af2fbf65634ce3959f8899a1a23838fc60b3b703ff30,MSFC-HDBK-3697.csv,86,drawing note,2,Use a local drawing note for a special bonding location.,特殊句型/需確認,(Please) + V1 + ...,"[""Use""]",0.97,2026-07-26
d7675813ce76f13aaca4bd746a2d8fc36c9445810a2bc13483652d754c04ec22,MSFC-HDBK-3697.csv,87,general note,1,A general note applies to the entire drawing.,現在簡單式,S + V1 / V-s(es),"[""applies""]",0.97,2026-07-26
eb331bc387afd25dd1e952298b548a47848e5d10d84f009c47e5125797bca632,MSFC-HDBK-3697.csv,87,general note,2,The general note can define the default cleaning requirement.,特殊句型/需確認,S + modal + V1,"[""can define""]",0.98,2026-07-26
ddedb72984b3fcdd2040d54de850b457c5c3c8b782b549581e21f0f306c2cf8d,MSFC-HDBK-3697.csv,88,local note,1,A local note applies only to a specific location.,現在簡單式,S + V1 / V-s(es),"[""applies""]",0.97,2026-07-26
cf575c65b385564f31f262be5fffef29db764e577105f1f1fe82958ef5c3c3f0,MSFC-HDBK-3697.csv,88,local note,2,Use a local note when one joint has a different resistance limit.,特殊句型/需確認,(Please) + V1 + ...,"[""Use""]",0.97,2026-07-26
24a6638b5e3433468d26dcbb7085850be4f1dc687ae2ed61f2c00ec3d727b399,MSFC-HDBK-3697.csv,89,flag note,1,A flag note can be reused at multiple drawing locations.,特殊句型/需確認,S + modal + be + past participle,"[""can be reused""]",0.98,2026-07-26
e45bbc79399cecb549f8b825b569cfd2f65ec5a565c1d24370257052bdf97422,MSFC-HDBK-3697.csv,89,flag note,2,The flag note identifies surfaces that require preparation.,現在簡單式,S + V1 / V-s(es),"[""require""]",0.97,2026-07-26
c370f1f60fd6dbf3bd23bd6537756c821ad624ad2f025a12f2533fd70eefcee6,MSFC-HDBK-3697.csv,91,verification matrix,1,A verification matrix maps each bonding path to a test method.,現在簡單式,S + V1 / V-s(es),"[""maps""]",0.97,2026-07-26
9a4745dc705a88474c6745179381f3119ae1779acdd5efc79e45616423b3416f,MSFC-HDBK-3697.csv,91,verification matrix,2,The avionics ring should have its own verification matrix.,特殊句型/需確認,S + modal + have + past participle,"[""should have""]",0.98,2026-07-26
c30a98cb8544ed3c271f18b0983a7653590c1c3b388fbf913d9d9f02320b9309,MSFC-HDBK-3697.csv,92,work instruction,1,The work instruction should describe how to prepare the surface.,特殊句型/需確認,S + modal + V1,"[""should describe""]",0.98,2026-07-26
f575030ddbccccd8a35fdb8e80ef7ae45dff18f75843085b10d5e81b11a7b108,MSFC-HDBK-3697.csv,92,work instruction,2,Do not leave critical bonding steps only in the presentation.,特殊句型/需確認,(Please) + V1 + ...,"[""Do not leave""]",0.97,2026-07-26
8c934a394714b20b145eb0c5e2c8b434fd22a3fae5f742c70cbbde5a244ac6fc,MSFC-HDBK-3697.csv,93,traceable,1,Each measurement result should be traceable to a specific joint.,特殊句型/需確認,S + modal + V1,"[""should be""]",0.98,2026-07-26
2e83b708188ed111b4976055b8abe2d03fd2da1d9016fa8e3e697eaefaca34be,MSFC-HDBK-3697.csv,93,traceable,2,Requirements should be traceable from system level to design drawings.,特殊句型/需確認,S + modal + V1,"[""should be""]",0.98,2026-07-26
8da70fbca34c75330c4d316c6303cfc784863bde4717d6df68bc8158b1983e4a,MSFC-HDBK-3697.csv,94,margin,1,The design should keep enough electrical and thermal margin.,特殊句型/需確認,S + modal + V1,"[""should keep""]",0.98,2026-07-26
b2f85fe644c2c0d759586fea8d4dd9f586079e275caa8155800b3b5b2b4112c6,MSFC-HDBK-3697.csv,94,margin,2,A poor bonding path can reduce Electromagnetic Compatibility (EMC) margin.,特殊句型/需確認,S + modal + V1,"[""can reduce""]",0.98,2026-07-26
45192f62e5674507e20254251d4a16bcc9c24e6dcbcac2a24f35ccdd0ab94451,MSFC-HDBK-3697.csv,95,mitigation,1,Corrosion mitigation must be included in the design.,特殊句型/需確認,S + modal + be + past participle,"[""must be included""]",0.98,2026-07-26
077a13003cedb0b38ec9f82a298159d9793250a53c68fb7465586325f77de651,MSFC-HDBK-3697.csv,95,mitigation,2,The copper reference ring is one mitigation for RF coupling.,現在簡單式,S + am / is / are + complement,"[""is""]",0.97,2026-07-26
3a07ff5f5a9df9495cb0ee5e0b305f494add232d51ce79f1b16e4a05098991c6,MSFC-HDBK-3697.csv,96,assumption,1,"The table values are assumptions, not final acceptance limits.",現在簡單式,S + am / is / are + complement,"[""are""]",0.97,2026-07-26
998d494fc8f2cc85ed8a604ece4a24c8a544113fa0ab477c4e6357a2475bb458,MSFC-HDBK-3697.csv,96,assumption,2,Every design assumption should be reviewed with the consultant.,特殊句型/需確認,S + modal + be + past participle,"[""should be reviewed""]",0.98,2026-07-26
462810abd628a12ecdd72b73cb0006df0249c97cb9e19a70dece02b4430e2f44,MSFC-HDBK-3697.csv,97,dictate,1,The designer does not need to dictate how manufacturing performs the bonding task.,現在簡單式,S + do / does not + V1,"[""does not need""]",0.97,2026-07-26
32a52aa0a76af6e6e44c73579550af43661a1da0657259b8972b022ad6020fa9,MSFC-HDBK-3697.csv,97,dictate,2,The specification may dictate the required test method.,特殊句型/需確認,S + modal + V1,"[""may dictate""]",0.98,2026-07-26
57f7e030bbfb99c9b7cf45aaf99f902ed98bb2f97f9c59273efa313b257b4737,MSFC-HDBK-3697.csv,98,entail,1,The engineer should understand what the task entails.,特殊句型/需確認,S + modal + V1,"[""should understand""]",0.98,2026-07-26
9ae53bf08954f2a5e603b5fbfe95df03d17e4454bfa78041fa1dd14354963db8,MSFC-HDBK-3697.csv,98,entail,2,This design change may entail additional verification.,特殊句型/需確認,S + modal + V1,"[""may entail""]",0.98,2026-07-26
f5407abac722fe32fa6167bb905580ed3ec9cdb912b1eae4a73d71dc234c9423,MSFC-HDBK-3697.csv,99,plumbing,1,Metallic plumbing can carry lightning current.,特殊句型/需確認,S + modal + V1,"[""can carry""]",0.98,2026-07-26
b36b95be525be9302db744c648e963a78805896c1529eaccaa3099b5553c5d07,MSFC-HDBK-3697.csv,99,plumbing,2,The fuel plumbing must be reviewed for bonding continuity.,特殊句型/需確認,S + modal + be + past participle,"[""must be reviewed""]",0.98,2026-07-26
02ba603307cf5038ad37f7665e9e103800ba30b696cc74adf9d5276435aace92,MSFC-HDBK-3697.csv,100,strike,1,Lightning strikes can induce large currents in the structure.,特殊句型/需確認,S + modal + V1,"[""can induce""]",0.98,2026-07-26
476c61816780c0ff7aa5af9db29ca40833d87323769e1e122900041947a4e64a,MSFC-HDBK-3697.csv,100,strike,2,A strike path should stay outside the vehicle.,特殊句型/需確認,S + modal + V1,"[""should stay""]",0.98,2026-07-26
013a6ede586a1d49d1c6f2bd2d0c2f0206f0476273e343716c72cbc2fea027c3,MSFC-HDBK-3697.csv,101,essential,1,Electrical continuity is essential across mechanical joints.,現在簡單式,S + am / is / are + complement,"[""is""]",0.97,2026-07-26
5995cdcc36b29b4ec4248b9cbe2bab2437ed6b4726c3d43f5bf5d2c27bab358b,MSFC-HDBK-3697.csv,101,essential,2,A low-impedance path is essential for RF bonding.,現在簡單式,S + am / is / are + complement,"[""is""]",0.97,2026-07-26
66a40368e73fcccc6a7a4d79cf99708108ef4a9563be7e3104e3e6c0a3094c4b,MSFC-HDBK-3697.csv,102,achieve,1,Proper bonding helps achieve the shielding objective.,現在簡單式,S + V1 / V-s(es),"[""helps""]",0.97,2026-07-26
503fd6bde7e598d0ae63cad5bb895ae2ea7df3004fc4059760bf7aee011a41d6,MSFC-HDBK-3697.csv,102,achieve,2,"To achieve low resistance, remove nonconductive coatings from the faying surface.",特殊句型/需確認,(Please) + V1 + ...,"[""remove""]",0.97,2026-07-26
5944bc2f5ee345b25d8d8e9aec5ee65b8ad7581db98f2f8500414274e867f0c4,MSFC-HDBK-3697.csv,103,inadvertently,1,Primary power may be inadvertently shorted to the enclosure.,特殊句型/需確認,S + modal + V1,"[""may be inadvertently shorted""]",0.98,2026-07-26
7719b139f41e26dba4a2bc04576bec4aef2a2cc4ba72217c2989a1db7b13227c,MSFC-HDBK-3697.csv,103,inadvertently,2,Do not place the strap where it can be inadvertently damaged.,特殊句型/需確認,S + modal + V1,"[""can be inadvertently damaged""]",0.98,2026-07-26
9801d3022f22da42e9078aaeeb148a747ae9cd9d119a69530c686ffe68176d29,MSFC-HDBK-3697.csv,104,characteristics,1,Each bond class has different characteristics.,現在簡單式,S + V1 / V-s(es),"[""has""]",0.97,2026-07-26
04f40e153af52933ede0e960d8679346a81e2a2862f90fefbe83169e0397ccf1,MSFC-HDBK-3697.csv,104,characteristics,2,Material characteristics affect bonding performance.,現在簡單式,S + V1 / V-s(es),"[""affect""]",0.97,2026-07-26
30ca4f38678e59144eee9148ad55c9a330bac520b24fc93ee633fce95c502efc,MSFC-HDBK-3697.csv,105,incorporate,1,The designer must incorporate mechanical and thermal requirements.,特殊句型/需確認,S + modal + V1,"[""must incorporate""]",0.98,2026-07-26
b08b3a5df25597197a07db5dbb92537078c07e386cbe350b52a2d0872ff0dc33,MSFC-HDBK-3697.csv,105,incorporate,2,The panel design should incorporate dedicated bonding points.,特殊句型/需確認,S + modal + V1,"[""should incorporate dedicated bonding""]",0.98,2026-07-26
a20bb9d2f01874cf625db812c68ddd09234987d1e8770f79ddf135cfd6985e86,MSFC-HDBK-3697.csv,106,compromise,1,The final design may require a compromise between weight and Electromagnetic Compatibility (EMC) margin.,特殊句型/需確認,S + modal + V1,"[""may require""]",0.98,2026-07-26
7bd764acba5887a10f0e7c2b919073f0c947eb80a5dc50f873ca0864ce79ba17,MSFC-HDBK-3697.csv,106,compromise,2,Avoid a compromise that weakens the fault-current path.,特殊句型/需確認,(Please) + V1 + ...,"[""Avoid""]",0.97,2026-07-26
11b1eebf5339ddadf19460af57f18793ea9be536e137a0e9ae9c6504f4d6d378,MSFC-HDBK-3697.csv,107,especially,1,"Large systems, especially those with Electromagnetic Interference (EMI) concerns, need a dedicated return.",現在簡單式,S + V1 / V-s(es),"[""need""]",0.97,2026-07-26
39b702a3b1494342684c1ebba63bd671325e414a59ecd9f4b29a13a67ba78400,MSFC-HDBK-3697.csv,107,especially,2,This is especially important near fuel systems.,現在簡單式,S + am / is / are + complement,"[""is""]",0.97,2026-07-26
c8fa9f681c20f8d19cc39821068f38fbbe8d6e31b8d8b0c745367e6a155ff83f,MSFC-HDBK-3697.csv,108,dedicated,1,Use a dedicated power return instead of relying on structure.,特殊句型/需確認,(Please) + V1 + ...,"[""Use""]",0.97,2026-07-26
0bb6e48e0e5464b2f8fc283357d4e14ff32c565c13eb29c19f2e18e1b5e745e5,MSFC-HDBK-3697.csv,108,dedicated,2,A dedicated bonding pad simplifies inspection.,現在簡單式,S + V1 / V-s(es),"[""simplifies""]",0.97,2026-07-26
48e09e9bd55074e171929ae8b07b8b4045f8e533fe7ee4d684cb890f7b27792c,MSFC-HDBK-3697.csv,109,coordination,1,Coordination with the power distribution designer may be required.,特殊句型/需確認,S + modal + be + past participle,"[""may be required""]",0.98,2026-07-26
55ae90c0d64b4d8139f75af5a7a4a7c3138ea805cb86db59b9c2d1b3f9205d2a,MSFC-HDBK-3697.csv,109,coordination,2,Good coordination between Electromagnetic Compatibility (EMC) and structural teams reduces rework.,現在簡單式,S + V1 / V-s(es),"[""reduces""]",0.97,2026-07-26
12cdd1610009a3bcebb11c753cc569b8d669f26692fc727ebbeca73f2d7b9f22,MSFC-HDBK-3697.csv,110,intent of,1,The intent of a Class H bond is to prevent shock hazards.,現在簡單式,S + am / is / are + complement,"[""is""]",0.97,2026-07-26
54e38bb3f61120737bea2c07ce32b6d7081bcce125183e296cd1ac595d37cf21,MSFC-HDBK-3697.csv,110,intent of,2,Understand the intent of the requirement before selecting a method.,特殊句型/需確認,(Please) + V1 + ...,"[""Understand""]",0.97,2026-07-26
8e2b53a8aab1641f3695a612e81c216150d8c7e7162fd2af2bfb416f4120f2ea,MSFC-HDBK-3697.csv,111,electrical,1,Electrical equipment must be bonded to structure.,特殊句型/需確認,S + modal + be + past participle,"[""must be bonded""]",0.98,2026-07-26
aeb1f4d4277f052118905ccdc0d4f94090c00c8cf7193a92c93d1c711a11ef96,MSFC-HDBK-3697.csv,111,electrical,2,The electrical path should not depend on paint or adhesive.,特殊句型/需確認,S + modal + V1,"[""should not depend""]",0.98,2026-07-26
878167084d50b4731dace73b016950cddfce68e3b12214ed372b53d7f6c085f6,MSFC-HDBK-3697.csv,112,shock hazard,1,A floating chassis can become a shock hazard.,特殊句型/需確認,S + modal + V1,"[""can become""]",0.98,2026-07-26
0d6ce93a21ae06ac211630e2f794d8e1da8d915e11e81f7551e98c7fd2b78594,MSFC-HDBK-3697.csv,112,shock hazard,2,Class H bonding reduces the shock hazard during a fault.,現在簡單式,S + V1 / V-s(es),"[""reduces""]",0.97,2026-07-26
7a29041a27b1a05fc5a9cd6a507fa8d1c8fa0d20f52777a3cbdcf366bc8213d0,MSFC-HDBK-3697.csv,113,historically,1,"Historically, Class R bonding has been associated with 2.5 milliohms.",現在完成式,S + has / have + past participle,"[""has been associated""]",0.99,2026-07-26
7efe25987cbeffa8ef420e9f6a4802ab415426a4fcb86de8a6186a9508af60f7,MSFC-HDBK-3697.csv,113,historically,2,"Historically, DC resistance was used as a workmanship indicator.",過去簡單式,S + was / were + past participle,"[""was used""]",0.97,2026-07-26
7339d70da81006e131b3f5834e2d2dad6a8832e411c61624e5cd7a569a5a3390,MSFC-HDBK-3697.csv,114,associated,1,Class R bonding is associated with RF suppression performance.,現在簡單式,S + am / is / are + past participle,"[""is associated""]",0.97,2026-07-26
1dfc5160d70f81322180f459e507bcbbd9abc33c0422b07944d726958e2b28c7,MSFC-HDBK-3697.csv,114,associated,2,The risk is associated with high current and fast rise time.,現在簡單式,S + am / is / are + past participle,"[""is associated""]",0.97,2026-07-26
344c5673da732ec061c198bea8bea7e537b4323be975aed9935fde1745d8452d,MSFC-HDBK-3697.csv,115,unfortunately,1,"Unfortunately, low DC resistance does not guarantee low RF impedance.",現在簡單式,S + do / does not + V1,"[""does not guarantee""]",0.97,2026-07-26
57e3334a4d62b0d78cdc61517bb851d0e8914b8ec3d376a07d84328485aea4ae,MSFC-HDBK-3697.csv,115,unfortunately,2,"Unfortunately, long straps can behave poorly at high frequency.",特殊句型/需確認,S + modal + V1,"[""can behave poorly""]",0.98,2026-07-26
d99ad3719efc6d4b56bd240e1ada1feca2109209663f2f9679e2a3e0d7e1d72b,MSFC-HDBK-3697.csv,116,relatively easy with,1,Measuring DC resistance is relatively easy with a micro-ohmmeter.,現在簡單式,S + am / is / are + complement,"[""is""]",0.97,2026-07-26
928752226a01a5bbe9c14a4d914363d30c28d1bcb3aee542f75320e94b59d0d3,MSFC-HDBK-3697.csv,116,relatively easy with,2,Bond inspection is relatively easy with clear drawing notes.,現在簡單式,S + am / is / are + complement,"[""is""]",0.97,2026-07-26
7e06454cf9563b795619b9d97be1a923059923cc74899d9db864df83a6a1f493,MSFC-HDBK-3697.csv,117,realistically,1,A direct RF bond may not be realistically obtained with shock mounts.,特殊句型/需確認,S + modal + V1,"[""may not be realistically obtained""]",0.98,2026-07-26
9bf7fb358a63b6d8127944a523677bcdfbeb0fe3026def2b2f935e4e2e077928,MSFC-HDBK-3697.csv,117,realistically,2,Choose a method that can be realistically manufactured and inspected.,特殊句型/需確認,S + modal + V1,"[""can be realistically manufactured""]",0.98,2026-07-26
74c4975f4071a286943cee65aa6731d2debc2a935eea8dac34e8bf2886e0d016,MSFC-HDBK-3697.csv,118,interference,1,High currents can create electromagnetic interference.,特殊句型/需確認,S + modal + V1,"[""can create""]",0.98,2026-07-26
f13b626994ab6199c96825cf81858a64ca53d1f2fc9dc6354cfc43844687e8ac,MSFC-HDBK-3697.csv,118,interference,2,Shielding reduces interference coupled into sensitive equipment.,現在簡單式,S + V1 / V-s(es),"[""reduces""]",0.97,2026-07-26
9c93a2b3162bc43fb8b890f692e3a34a859031d2931694361eb8fe8144815e13,MSFC-HDBK-3697.csv,119,extremity,1,Lightning current may enter one extremity of the vehicle.,特殊句型/需確認,S + modal + V1,"[""may enter""]",0.98,2026-07-26
f849ae132c550e022ee53e9eb7ef28adf31401163988df2162d9305fdb7e93c8,MSFC-HDBK-3697.csv,119,extremity,2,Bonding should provide a current path from one extremity to another.,特殊句型/需確認,S + modal + V1,"[""should provide""]",0.98,2026-07-26
529af9eea7c013c25034d0ecf61186e8bfdeeac9051f8f0742de1273e369b4ae,MSFC-HDBK-3697.csv,120,spark,1,A poor joint can create a spark during a lightning event.,特殊句型/需確認,S + modal + V1,"[""can create""]",0.98,2026-07-26
ef3f516bc1c8f39f24e0892c8188a18720a4aed11f9695d2ad14b8f817d7ba7b,MSFC-HDBK-3697.csv,120,spark,2,Sparks must not jump between metallic structures near fuel.,特殊句型/需確認,S + modal + V1,"[""must not jump""]",0.98,2026-07-26
9a480f3844cfc4226a950828d6912591a12021d1383803e4eeef3b750c978553,MSFC-HDBK-3697.csv,121,particularly,1,This is particularly important around fuel and pyrotechnics.,現在簡單式,S + am / is / are + complement,"[""is""]",0.97,2026-07-26
2d2685a320fda122cca8e2c7c59072bd9e072ea81e09996dec438b3624d5bc04,MSFC-HDBK-3697.csv,121,particularly,2,Class R bonding is particularly sensitive to strap length.,現在簡單式,S + am / is / are + complement,"[""is""]",0.97,2026-07-26
d614cf383b9da2007ab9cb02598ad23c286fea0b1b1961a0af453d39ae51b9a4,MSFC-HDBK-3697.csv,122,around fuel,1,Bonding near areas around fuel requires special attention.,現在簡單式,S + V1 / V-s(es),"[""requires""]",0.97,2026-07-26
a98e1cb2791ef1512eb1c46bdffa3d783f036a9e6dd28d8f791ab16b6bbcad88,MSFC-HDBK-3697.csv,122,around fuel,2,Avoid sparks around fuel during fault or lightning conditions.,特殊句型/需確認,(Please) + V1 + ...,"[""Avoid""]",0.97,2026-07-26
3113cdcb149d7bab0dcf45d503131f958ccc20defd195b64012cdfce54dadef1,MSFC-HDBK-3697.csv,123,adequate,1,The design must provide an adequate margin against ignition.,特殊句型/需確認,S + modal + V1,"[""must provide""]",0.98,2026-07-26
c3f0219209230a0101a2847b7f8d28d08265809b444f9de5c0de67f0d0924663,MSFC-HDBK-3697.csv,123,adequate,2,The contact area must be adequate for the expected current.,特殊句型/需確認,S + modal + V1,"[""must be""]",0.98,2026-07-26
16bff6ef255e5a5217bc94cb60ed8dd0224d626752eba3cee33247f5c96d138a,MSFC-HDBK-3697.csv,124,against,1,The Faraday cage provides protection against ignition.,現在簡單式,S + V1 / V-s(es),"[""provides""]",0.97,2026-07-26
0033bd6694e32c7fea6f88ff208958511b52a89d6deac09ebde17024e1d679f2,MSFC-HDBK-3697.csv,124,against,2,The bonding path should protect against arcing at joints.,特殊句型/需確認,S + modal + V1,"[""should protect""]",0.98,2026-07-26
6046d0d1d17cc6f01ff1e3bb9413b1629abbe3b4c00baaaba95cda1420fa4783,MSFC-HDBK-3697.csv,125,soldered terminals,1,Do not use soldered terminals for lightning current paths.,特殊句型/需確認,(Please) + V1 + ...,"[""Do not use""]",0.97,2026-07-26
8a94eca065cdb9136577a5ea89d0c90cff408aa0e7ff7240bd5aaa5436ddb0c0,MSFC-HDBK-3697.csv,125,soldered terminals,2,Soldered terminals may fail under high-current transients.,特殊句型/需確認,S + modal + V1,"[""may fail""]",0.98,2026-07-26
c64df01868f38e711a9bf52dd3d90023bc78aafc477f7162b64fcbbaf8cce957,MSFC-HDBK-3697.csv,126,crimped,1,Most crimped connectors are satisfactory for bonding jumpers.,現在簡單式,S + am / is / are + complement,"[""are""]",0.97,2026-07-26
a3088f464d9696fe4b04826458df0244ab5be5c08cfabf4164c3aeb5f36f661b,MSFC-HDBK-3697.csv,126,crimped,2,Use a qualified crimped terminal for the strap.,特殊句型/需確認,(Please) + V1 + ...,"[""Use""]",0.97,2026-07-26
eab695c279641217863a808d5e660eab3ae9d09f87a224944540fe60631ee657,MSFC-HDBK-3697.csv,127,satisfactory,1,Most crimped connectors are satisfactory for this application.,現在簡單式,S + am / is / are + complement,"[""are""]",0.97,2026-07-26
869eaf4f9bf3f20cd79be6cd07e712909f50f153a322c40e8f466f79bf9b6924,MSFC-HDBK-3697.csv,127,satisfactory,2,A low resistance reading is a satisfactory workmanship indicator.,現在簡單式,S + am / is / are + complement,"[""is""]",0.97,2026-07-26
d670587f1a7b420831e3c1eab0b07673a8427b4a209c31e134a14a534e326012,MSFC-HDBK-3697.csv,128,perforation,1,Sparking between panels may cause perforation of the vehicle skin.,特殊句型/需確認,S + modal + V1,"[""may cause""]",0.98,2026-07-26
f9f820da546cffcd9d2504d474181f44b7d258fe76d5101af2f01a9b556ce529,MSFC-HDBK-3697.csv,128,perforation,2,Inspect the panel for perforation after a high-current event.,特殊句型/需確認,(Please) + V1 + ...,"[""Inspect""]",0.97,2026-07-26
dfb896761580ffbd1092135785f09ec61aacac15f952bade1b25bb1472aded65,MSFC-HDBK-3697.csv,129,flammable liquids,1,Joints near flammable liquids are considered hazardous.,現在簡單式,S + am / is / are + complement,"[""are""]",0.97,2026-07-26
0b1d75eee063a5c511a0b715635b7fa8d9bfeec120f7c782c1a7ec8415a6fb50,MSFC-HDBK-3697.csv,129,flammable liquids,2,Bonding near flammable liquids must be reviewed carefully.,特殊句型/需確認,S + modal + be + past participle,"[""must be reviewed carefully""]",0.98,2026-07-26
5284120835e227260ed9ee7f0b3a7c706c57f80cd4adbc2b2d4328b6eeabb4dd,MSFC-HDBK-3697.csv,130,vapor,1,Fuel vapors can ignite if sparks occur.,特殊句型/需確認,S + modal + V1,"[""can ignite""]",0.98,2026-07-26
7ef6945accb2ac6768fd1307f0e969f0e6bd99aeccd10b8891fcf99b5009b636,MSFC-HDBK-3697.csv,130,vapor,2,Joints near vapors require special attention.,現在簡單式,S + V1 / V-s(es),"[""require""]",0.97,2026-07-26
53865a3c7e95dfe31bcbc072cf0553983a10418e79f6a19792a2b70ae1d3ed78,MSFC-HDBK-3697.csv,131,rely on,1,Do not rely on the vehicle structure as the primary power return.,特殊句型/需確認,(Please) + V1 + ...,"[""Do not rely""]",0.97,2026-07-26
96ae40264b0ba5f74939819d49b32fb19254bf213b79b72c96ba698f3770f063,MSFC-HDBK-3697.csv,131,rely on,2,Bonding jumpers should not rely on adjacent parts for their connection.,特殊句型/需確認,S + modal + V1,"[""should not rely""]",0.98,2026-07-26
98938a12ba388b5880d4f756715d6a201b51b99fe953b627862d9a74a5fb962e,MSFC-HDBK-3697.csv,132,accidental,1,An accidental fault may place primary power on the equipment enclosure.,特殊句型/需確認,S + modal + V1,"[""may place""]",0.98,2026-07-26
1abd8a775e5c316b5d1aa171535e3a71004a7ce8c90a2a372b1c48a5c9830d81,MSFC-HDBK-3697.csv,132,accidental,2,Proper bonding provides a safe path for accidental current.,現在簡單式,S + V1 / V-s(es),"[""provides""]",0.97,2026-07-26
c447393b8381904b297f49632fd26d01251deec867f4338ccf25705273fa2649,MSFC-HDBK-3697.csv,133,treated like,1,Faying surfaces of bond straps should be treated like other faying surfaces.,特殊句型/需確認,S + modal + be + past participle,"[""should be treated like""]",0.98,2026-07-26
eb0b27820de6d39bda3d462c3159e041e283422ff4d6e86eabedef8012682069,MSFC-HDBK-3697.csv,133,treated like,2,Graphite-based composites should be treated like dissimilar metal couples.,特殊句型/需確認,S + modal + be + past participle,"[""should be treated like""]",0.98,2026-07-26
99df97869e8e166aa67721f03c93de2a22f5469c32684c47cc7b5385d48db1aa,MSFC-HDBK-3697.csv,134,ignition,1,Fuel and pyrotechnics should be enclosed by a Faraday cage to provide an adequate margin against ignition.,特殊句型/需確認,S + modal + be + past participle,"[""should be enclosed""]",0.98,2026-07-26
cbf037fbbca1282d66aba7610005d74f386ba536ee26e496ba1f97c311fb6d81,MSFC-HDBK-3697.csv,134,ignition,2,A bond must carry lightning current without heating enough to become an ignition hazard.,特殊句型/需確認,S + modal + V1,"[""must carry""]",0.98,2026-07-26
8637ca64482813f35539c27ce2aac5c8101d6106c5fcbe9936016292e8b08326,MSFC-HDBK-3697.csv,135,intermittent,1,Movement of a loose bond strap can create an intermittent connection and electrical noise.,特殊句型/需確認,S + modal + V1,"[""can create""]",0.98,2026-07-26
15eb5fca7e9ee7ee922f4b7c4e412a90d2b21898dbd2619509c2a3e7527532cd,MSFC-HDBK-3697.csv,135,intermittent,2,An intermittent bond may cause arcing during vibration.,特殊句型/需確認,S + modal + V1,"[""may cause arcing""]",0.98,2026-07-26
224765eb6a338d7c0560d9321ba97badae3e6197c79bb1ff8dfd2d2609363e9e,MSFC-HDBK-3697.csv,136,specific,1,The handbook helps determine bonding requirements applicable to specific hardware.,現在簡單式,S + V1 / V-s(es),"[""helps""]",0.97,2026-07-26
3b5898af33d1793711c24b68a382c392f30c4b0f2ac22655638b1ba226f2f71b,MSFC-HDBK-3697.csv,136,specific,2,Program documents may include requirements for a specific project.,特殊句型/需確認,S + modal + V1,"[""may include""]",0.98,2026-07-26
cdec7db830298de9932d139bea8ad06450a5033a2228978ba7a1528c0f3aa9b5,MSFC-HDBK-3697.csv,137,weakens,1,Lightning current weakens a fastener when excessive heat develops at the connection.,現在簡單式,S + V1 / V-s(es),"[""weakens""]",0.97,2026-07-26
5da10867d44309e8648b6c43e5efd450209c4ad0304cb41459e1a4c6e3f039e6,MSFC-HDBK-3697.csv,137,weakens,2,Corrosion weakens the bond and increases electrical resistance.,現在簡單式,S + V1 / V-s(es),"[""increases""]",0.97,2026-07-26
80460663721c18484765d3073de6b4690ce0d0feb82eb7fd96d515eadd67db12,NASA-STD-4003A.csv,3,circumferential,1,A circumferential reference ring is installed along the inner wall.,現在簡單式,S + am / is / are + past participle,"[""is installed""]",0.97,2026-07-26
93dd51e0a8829daa27f77991545c4be9579e75f83849b76c76fb16c2233242bf,NASA-STD-4003A.csv,3,circumferential,2,The circumferential path reduces the return loop area.,現在簡單式,S + V1 / V-s(es),"[""reduces""]",0.97,2026-07-26
74b17a0bf209f53a8cc46a3b7ad2e228fb6168539053aa19ff5f836a1323590a,NASA-STD-4003A.csv,4,continuous,1,The metal layer should be continuous around the ring.,特殊句型/需確認,S + modal + V1,"[""should be""]",0.98,2026-07-26
d019009dec6e6b2cff53cab9cd75da5ec01079b532303416e7d637c571cefd1a,NASA-STD-4003A.csv,4,continuous,2,A continuous path is better than several isolated metal strips.,現在簡單式,S + am / is / are + complement,"[""is""]",0.97,2026-07-26
d0cd6e13739ee02b11e4477b1113a0f7d248a0fac5503ecf3e3fb1dc7c0cc737,NASA-STD-4003A.csv,5,open-ended,1,The A1 ring is open-ended at the top and bottom.,現在簡單式,S + am / is / are + complement,"[""is""]",0.97,2026-07-26
df69950302a29fba1bde347f81d6fc52328cd909d43037319a2980a134cfe575,NASA-STD-4003A.csv,5,open-ended,2,An open-ended structure cannot be treated as a fully enclosed shield.,特殊句型/需確認,S + modal + V1,"[""cannot""]",0.98,2026-07-26
50d5fad6c3f85a8fdfa1d5a65fea41b0d6164c7236fccc08bb08e008c36a40ef,NASA-STD-4003A.csv,10,low-impedance,1,The reference ring should provide a low-impedance path.,特殊句型/需確認,S + modal + V1,"[""should provide""]",0.98,2026-07-26
2f5652aacb05eca8317a3e490aba3ae16cf422b12ae3ea2e92fd0752d6c2adb4,NASA-STD-4003A.csv,10,low-impedance,2,A low-impedance connection is essential for RF return current.,現在簡單式,S + am / is / are + complement,"[""is""]",0.97,2026-07-26
8f9cb2bb2be33d5d1e494e6cad52d71053cf9688ff3c5ce2731a1ca6f498bc02,NASA-STD-4003A.csv,11,low-inductance,1,Use short and wide conductors to create a low-inductance path.,特殊句型/需確認,(Please) + V1 + ...,"[""Use""]",0.97,2026-07-26
c2814e989de34292177fde492f5f49bb86f5a8e414ede0e3a385ca719af148ba,NASA-STD-4003A.csv,11,low-inductance,2,A low-inductance path is more important than DC resistance at high frequency.,現在簡單式,S + am / is / are + complement,"[""is""]",0.97,2026-07-26
ca2498bcfb49657e6d069e32a50cbc9003832d8767ac2c5d4230cf06cac98d0d,NASA-STD-4003A.csv,13,resonance,1,The bonding path should avoid unwanted resonance.,特殊句型/需確認,S + modal + V1,"[""should avoid""]",0.98,2026-07-26
14fc84a724d3dd2bc203746ad113ef07f2b7fff4dd92d10ad2c2444e28845f3a,NASA-STD-4003A.csv,13,resonance,2,A long strap may resonate at certain frequencies.,特殊句型/需確認,S + modal + V1,"[""may resonate""]",0.98,2026-07-26
8ca5ee5d86acdf8d5d95c243e6f7c7e7379a63fa20323b26019dfce21228f5aa,NASA-STD-4003A.csv,14,joint,1,Each joint should be inspected and measured.,特殊句型/需確認,S + modal + be + past participle,"[""should be inspected""]",0.98,2026-07-26
3bd3a87b218246fce46f2f7c70765279fcb7d7dd080659f1b3367faa1880f23b,NASA-STD-4003A.csv,14,joint,2,A loose joint can increase resistance and noise.,特殊句型/需確認,S + modal + V1,"[""can increase""]",0.98,2026-07-26
f5e87b2443173dc6004362b3e7533bf331fc67f6c269c2f7495533fb1611e56a,NASA-STD-4003A.csv,15,vehicle structure,1,The equipment case should be connected to the vehicle structure.,特殊句型/需確認,S + modal + be + past participle,"[""should be connected""]",0.98,2026-07-26
e2311f7468623d65b359479c80a6c90402a92fb20d2b4c92c65fb7adc3f49c15,NASA-STD-4003A.csv,15,vehicle structure,2,"In a non-conductive ring, the vehicle structure must be defined carefully.",特殊句型/需確認,S + modal + be + past participle,"[""must be defined carefully""]",0.98,2026-07-26
476daec5ac1c0a7c0bc9812171e6a59f4474636a162b4fedb3bb6313cc9426bb,NASA-STD-4003A.csv,16,structural element,1,Each structural element should be part of the controlled reference network.,特殊句型/需確認,S + modal + V1,"[""should be""]",0.98,2026-07-26
396af1ffb8cd06602a472869d0668287fb1fd0ba4261534c943f966c68bdcf5d,NASA-STD-4003A.csv,16,structural element,2,An isolated structural element may become a noise source.,特殊句型/需確認,S + modal + V1,"[""may become""]",0.98,2026-07-26
929fd65e60cd7e5a9fa9829239363261b548b440781fc4c5d34fd9228cb56c64,NASA-STD-4003A.csv,17,interconnected,1,The A1 and A4 reference rings should be interconnected.,特殊句型/需確認,S + modal + be + past participle,"[""should be interconnected""]",0.98,2026-07-26
15565d37e5c2bba7690535e45b3bec4922f1c201788b9c5e48b947bee8ed5d24,NASA-STD-4003A.csv,17,interconnected,2,Interconnected metal paths reduce potential differences.,現在簡單式,S + V1 / V-s(es),"[""reduce""]",0.97,2026-07-26
8748552aec502bc47f5ab04fbfe3bf0b852247382f78e098b37c74395afc6226,NASA-STD-4003A.csv,18,uniform,1,The bonding network should have uniform low impedance.,特殊句型/需確認,S + modal + have + past participle,"[""should have""]",0.98,2026-07-26
f4ad75cbab99d1da7b88d8710fe1a2bc462152ebae5bbcf10f69d3ba90ccda21,NASA-STD-4003A.csv,18,uniform,2,A uniform reference helps reduce unexpected current paths.,現在簡單式,S + V1 / V-s(es),"[""helps""]",0.97,2026-07-26
bf72fbacaf72829a6a77c33b0d8b05303ce61872c857ebc381e5f82dae23fe09,NASA-STD-4003A.csv,19,dedicated return,1,The 28 V supply should use a dedicated return conductor.,特殊句型/需確認,S + modal + V1,"[""should use""]",0.98,2026-07-26
dc3fd00ea1bb2645f8a061a9ebc93d03280d473ccba5a179784e5b9277c8c993,NASA-STD-4003A.csv,19,dedicated return,2,A dedicated return keeps load current out of the reference ring.,現在簡單式,S + V1 / V-s(es),"[""keeps""]",0.97,2026-07-26
f55d7d9bb95b08d049252942b7fc21850d26b27a82815319cc29809c990b7016,NASA-STD-4003A.csv,22,backbone,1,A metal cable tray can serve as the bonding backbone.,特殊句型/需確認,S + modal + V1,"[""can serve""]",0.98,2026-07-26
757f8125b111ec7a26d672f1aeb22c585ad1c606e429c4f6d3265defd1cd51c4,NASA-STD-4003A.csv,22,backbone,2,The backbone should follow the main cable route.,特殊句型/需確認,S + modal + V1,"[""should follow""]",0.98,2026-07-26
ac2ad9cc90be9f68f3e3305f6b16981fd27f94918e15a774b390b5533db6c026,NASA-STD-4003A.csv,23,cable tray,1,A metal cable tray can provide a controlled return path.,特殊句型/需確認,S + modal + V1,"[""can provide""]",0.98,2026-07-26
9d4693cae1d60f51b853973fa4d1d2713aadd02756ac46c25ec644693ad7f9d6,NASA-STD-4003A.csv,23,cable tray,2,The cable tray should be connected to both reference rings.,特殊句型/需確認,S + modal + be + past participle,"[""should be connected""]",0.98,2026-07-26
0828209e102a68c6bbfe5f3b257c39e04fc196aa5d87d8eacbd6b2dc52a8bd5e,NASA-STD-4003A.csv,24,conduit,1,A metal conduit can improve shielding along the cable route.,特殊句型/需確認,S + modal + V1,"[""can improve shielding""]",0.98,2026-07-26
37700382ea8535700c58be5d770117d25da908c047da4eec7022697167b2dd38,NASA-STD-4003A.csv,24,conduit,2,The conduit must be electrically connected at both ends.,特殊句型/需確認,S + modal + V1,"[""must be electrically connected""]",0.98,2026-07-26
92a76048fa088959a7a16f026d69a8230abd805de160cdd8bc35d55c0a624a6b,NASA-STD-4003A.csv,26,parallel path,1,Multiple parallel paths reduce the impedance between A1 and A4.,現在簡單式,S + V1 / V-s(es),"[""reduce""]",0.97,2026-07-26
e86aaaddd25e9e2edab5ae5bd0620de77180d1f42950db40005710503a449cc7,NASA-STD-4003A.csv,26,parallel path,2,A single path is less robust than several parallel paths.,現在簡單式,S + am / is / are + complement,"[""is""]",0.97,2026-07-26
674e39df0183e2298049aa21d3e09bb0de1cc97575943aee65dcf15be8473cbb,NASA-STD-4003A.csv,27,local chassis,1,The shield should terminate to the local chassis.,特殊句型/需確認,S + modal + V1,"[""should terminate""]",0.98,2026-07-26
336035853f1377a3237238157e44d68337edf79ebbbbd5fa74354b4fdcd1c783,NASA-STD-4003A.csv,27,local chassis,2,Local chassis bonding reduces cable shield current loops.,現在簡單式,S + V1 / V-s(es),"[""reduces""]",0.97,2026-07-26
95d5114d0f3d8ffa5c17e78b79268204c230136091523b33b14986513e45685a,NASA-STD-4003A.csv,29,fault protection,1,Fault protection prevents overheating during a short circuit.,現在簡單式,S + V1 / V-s(es),"[""prevents""]",0.97,2026-07-26
10c607d0b6427af9cb10ac1ea7c11cf6c5218385c4b74aefa5fb5fa7f0a303e5,NASA-STD-4003A.csv,29,fault protection,2,Bonding for fault protection is different from RF bonding.,現在簡單式,S + am / is / are + complement,"[""is""]",0.97,2026-07-26
aced68f9da0b7df61d2ed4dde3190705e05ff81bd6b088ff43813d307b07a138,NASA-STD-4003A.csv,30,overload current,1,The path should survive the specified overload current.,特殊句型/需確認,S + modal + V1,"[""should survive""]",0.98,2026-07-26
f9f6b2109f57af5d8738a0c74b6f14858d47807f29f4679cb7803622e2d659c9,NASA-STD-4003A.csv,30,overload current,2,Overload current may heat a narrow conductor quickly.,特殊句型/需確認,S + modal + V1,"[""may heat""]",0.98,2026-07-26
3e1391c2146ec3a512ebdc0dee9cfa8defb2fb80db83ccc089bff171a0ad1036,NASA-STD-4003A.csv,31,current-carrying capability,1,The current-carrying capability of the bonding path must be verified.,特殊句型/需確認,S + modal + be + past participle,"[""must be verified""]",0.98,2026-07-26
ef0552a8149838267670d2b356f6aa57796fee4dc23702f19272e17e9c30e126,NASA-STD-4003A.csv,31,current-carrying capability,2,A wide conductor has better current-carrying capability.,現在簡單式,S + V1 / V-s(es),"[""has""]",0.97,2026-07-26
b02cfddf18a78840f2e6f7d774a48a814df86ac012ffa133f8f195fc57cdb138,NASA-STD-4003A.csv,33,return loop,1,The cable and reference path should form a small return loop.,特殊句型/需確認,S + modal + V1,"[""should form""]",0.98,2026-07-26
4fd198fbd9afb1340d82ba7dc4170df2ac6121112dcf94d7fcb7c9f6ea36abae,NASA-STD-4003A.csv,33,return loop,2,A large return loop can radiate more noise.,特殊句型/需確認,S + modal + V1,"[""can radiate more noise""]",0.98,2026-07-26
c1e3ca5124d431e9ced3f4bcc8338d3c45c20a3937a8d7d29815f3f38c94799d,NASA-STD-4003A.csv,34,loop area,1,Reducing loop area lowers magnetic coupling.,現在簡單式,S + V1 / V-s(es),"[""lowers""]",0.97,2026-07-26
d46f004f7bda5b67b69e751c0004d5725135aad3a52632dd58d4f4bf9755833a,NASA-STD-4003A.csv,34,loop area,2,Keep the bonding path close to the harness to minimize loop area.,特殊句型/需確認,(Please) + V1 + ...,"[""Keep""]",0.97,2026-07-26
17c2139437aeabf626cfcb6894c2c4f16a3fa01a593f24da424e96e9a2631a64,NASA-STD-4003A.csv,35,termination strategy,1,The shield termination strategy depends on the signal type.,現在簡單式,S + V1 / V-s(es),"[""depends""]",0.97,2026-07-26
f3154e709b0a1b37a005f3e1248c48aeb4a80289e1f10a08577ab8c884c9b37e,NASA-STD-4003A.csv,35,termination strategy,2,A clear termination strategy is required before harness design.,現在簡單式,S + am / is / are + past participle,"[""is required""]",0.97,2026-07-26
77e00b73f69b622a4052566eb3d571b3ba84c856cc31965c2e5858c81a89d7ca,NASA-STD-4003A.csv,36,controlled interconnection,1,A1 and A4 need a controlled interconnection between reference rings.,現在簡單式,S + V1 / V-s(es),"[""need""]",0.97,2026-07-26
874b932637df06b43d7a885ddc1eb1b559bf8fb5477e91fb0bd81085a300de12,NASA-STD-4003A.csv,36,controlled interconnection,2,Controlled interconnection prevents accidental current paths.,現在簡單式,S + V1 / V-s(es),"[""prevents""]",0.97,2026-07-26
a9b54bf2a3511b1756d252375a5872bc15c0e1064268c345fc445ac8e7cf34bd,NASA-STD-4003A.csv,37,end-to-end resistance,1,Measure the end-to-end resistance from the A1 ring to the A4 ring.,特殊句型/需確認,(Please) + V1 + ...,"[""Measure""]",0.97,2026-07-26
80283226f17ed4255440d4f1dce68f75adaa87d6a99f3a568694229009a7301d,NASA-STD-4003A.csv,37,end-to-end resistance,2,End-to-end resistance is different from single-joint resistance.,現在簡單式,S + am / is / are + complement,"[""is""]",0.97,2026-07-26
70994baaa8e5ebfebc5d037a21c5fd32ac2708c07ecb613cd707d69691f6e3c4,NASA-STD-4003A.csv,38,DC resistance,1,DC resistance alone does not prove good RF performance.,現在簡單式,S + do / does not + V1,"[""does not prove""]",0.97,2026-07-26
8d70fa09769904ed5c57c95e63a2c12317df230b933705aa1feea3bf695547fe,NASA-STD-4003A.csv,38,DC resistance,2,Use a four-wire meter for low DC resistance measurements.,特殊句型/需確認,(Please) + V1 + ...,"[""Use""]",0.97,2026-07-26
674393617acfa95ab93fbfd21cdf5d6dda929f7c4a908a88a8718d06ab2499db,NASA-STD-4003A.csv,40,surface conductivity,1,Surface conductivity must be verified on the coated composite panel.,特殊句型/需確認,S + modal + be + past participle,"[""must be verified""]",0.98,2026-07-26
91e9f941421622fd5829a6431efdab21e33629cc6022252a23d6e929c85c1d4a,NASA-STD-4003A.csv,40,surface conductivity,2,Poor surface conductivity can create local charge buildup.,特殊句型/需確認,S + modal + V1,"[""can create""]",0.98,2026-07-26
018035ed6de2cfec171f4e41869a9af320f222c11862bba0d10f528f190e8aee,NASA-STD-4003A.csv,41,conductive coating,1,The conductive coating must not be left floating.,特殊句型/需確認,S + modal + V1,"[""must not be""]",0.98,2026-07-26
3f387a5d28d20a102ed031d2f55aecd5c4d0d11c15de668d4ac877f0717491c8,NASA-STD-4003A.csv,41,conductive coating,2,Conductive coating can help control static charge on a composite surface.,特殊句型/需確認,S + modal + V1,"[""can help""]",0.98,2026-07-26
828c5d8f2df704340e943059fc5d29f11920da461a9ab1eb2fae23ccf09b8799,NASA-STD-4003A.csv,42,floating conductor,1,A floating conductor can behave like an unintended antenna.,特殊句型/需確認,S + modal + V1,"[""can behave like""]",0.98,2026-07-26
5dc7484c92268ed205549daddb1ec29a2a5434e007bbb30ceb4a823c854d9572,NASA-STD-4003A.csv,42,floating conductor,2,Copper pieces on the panel should not become floating conductors.,特殊句型/需確認,S + modal + V1,"[""should not become""]",0.98,2026-07-26
e79cfd0fa9284a8c8a02373be4ac1f3a9b461732bb40f7c61ddbf3696f0578b5,NASA-STD-4003A.csv,43,re-radiator,1,An isolated metal plate may become a re-radiator.,特殊句型/需確認,S + modal + V1,"[""may become""]",0.98,2026-07-26
31465fe3fb94e25797244399750d54a4ee00e48958fb64fea8ee95ddd0283a03,NASA-STD-4003A.csv,43,re-radiator,2,Bonding the panel reduces the chance of re-radiation.,現在簡單式,S + V1 / V-s(es),"[""reduces""]",0.97,2026-07-26
bc8742de7478149d2734c953599fd6e59585cd68d6e97dd883d86247044a6787,NASA-STD-4003A.csv,44,metallized layer,1,The metallized layer should connect to the reference ring.,特殊句型/需確認,S + modal + V1,"[""should connect""]",0.98,2026-07-26
e5809dd8ae9e049d6fc26badb877d179ac2f061c18968b86041e638174d789a9,NASA-STD-4003A.csv,44,metallized layer,2,A metallized layer can improve shielding if it is properly terminated.,特殊句型/需確認,S + modal + V1,"[""can improve shielding""]",0.98,2026-07-26
2a6cf8ff2ac3fbe64bea163ff11dac05406451aef13a51baaf88b334ea46b28c,NASA-STD-4003A.csv,45,radial bus,1,A radial bus connects the center hub to the reference ring.,現在簡單式,S + V1 / V-s(es),"[""connects""]",0.97,2026-07-26
cfb418f03393e727e13a886f5877be0b1051076a511bae97faa68d13f7ebff14,NASA-STD-4003A.csv,45,radial bus,2,Three radial buses can match the 120-degree panel layout.,特殊句型/需確認,S + modal + V1,"[""can match""]",0.98,2026-07-26
d05fbbb74a500ba1263e7ece13c0b82c2d6213b9d761117a5056afb385b6728e,NASA-STD-4003A.csv,46,chassis reference,1,The chassis reference should be defined before cable routing.,特殊句型/需確認,S + modal + be + past participle,"[""should be defined""]",0.98,2026-07-26
d3801e446c9270dffd1d159b6e4f31b782f7abc07ccfa6782cfbc0ca7f798479,NASA-STD-4003A.csv,46,chassis reference,2,A stable chassis reference improves Electromagnetic Interference (EMI) repeatability.,現在簡單式,S + V1 / V-s(es),"[""improves""]",0.97,2026-07-26
ef6be68060f5c7460a46fdc66cba50ccc1631706b26f0477d7e2403c8ca6665c,NASA-STD-4003A.csv,47,lightning indirect effect,1,Lightning indirect effects can couple into long cables.,特殊句型/需確認,S + modal + V1,"[""can couple""]",0.98,2026-07-26
e04be30b6e69576c7e76883c83b43744c6a3fd8c452d48163a5650c9ee64a5ff,NASA-STD-4003A.csv,47,lightning indirect effect,2,"Reference rings help control some lightning indirect effects, but they are not enough alone.",現在簡單式,S + am / is / are + complement,"[""are not""]",0.97,2026-07-26
d99818df6c35c660de8893bff0bd987bcaa1a1fcb999d38a25d32f9adbf54773,新加坡旅遊單字.csv,1,table,1,Could we have a table for five?,特殊句型/需確認,Modal + S + V1,"[""Could""]",0.98,2026-07-26
f95577f131c826a410e7c8f4370be481b78587e4264fc2b61f5490547707fac0,新加坡旅遊單字.csv,1,table,2,This table is close to the entrance.,現在簡單式,S + am / is / are + complement,"[""is""]",0.97,2026-07-26
99caefcc46d6a81fbde12a436f557af517df3d6d77e5e6460276165c5a19742c,新加坡旅遊單字.csv,2,menu,1,"May I see the menu, please?",特殊句型/需確認,Modal + S + V1,"[""May""]",0.98,2026-07-26
954f7cb5a3f7d86578fa6c4fd60b49df7c56e18ea4d493a1a8caa1664b03480b,新加坡旅遊單字.csv,2,menu,2,Does the menu have pictures?,現在簡單式,Do / Does + S + V1,"[""Does""]",0.99,2026-07-26
fbf3fe238b950842ee2a6c09c689eae20d3372b91ec1fd966c9a89589e855875,新加坡旅遊單字.csv,3,order,1,We are ready to order.,現在簡單式,S + am / is / are + complement,"[""are""]",0.97,2026-07-26
2024374abf4f6437337c543f46c98cb1f6c84366ed146bdcbbaed79285b29e26,新加坡旅遊單字.csv,3,order,2,I would like to order chicken rice.,特殊句型/需確認,S + would like + (to + V1),"[""would like""]",0.98,2026-07-26
4f012c1ec7d37ce99ebb9e41f2a9135f6bb3ad329a9e6da04a37c3efb964c755,新加坡旅遊單字.csv,4,dish,1,Which dish do you recommend?,現在簡單式,Do / Does + S + V1,"[""do""]",0.99,2026-07-26
131bebdb0948c7250a91eaff2e4818aaf95248fd20d5e4102bbd811e05cbb517,新加坡旅遊單字.csv,4,dish,2,This dish is good for sharing.,現在簡單式,S + am / is / are + complement,"[""is""]",0.97,2026-07-26
3ab4633779f12b8035d2ab00340c51d747bb54367d6d382492df48c0a33c02f3,新加坡旅遊單字.csv,5,meal,1,This meal is for my child.,現在簡單式,S + am / is / are + complement,"[""is""]",0.97,2026-07-26
775b47c8d92bee8a814ec89d8f2fe03a43b01459b9019fc6c73a077fe57f2d29,新加坡旅遊單字.csv,5,meal,2,We need a quick meal before the show.,現在簡單式,S + V1 / V-s(es),"[""need""]",0.97,2026-07-26
0725b0b374598e6bc298ba521ffd4d4164c725775cf2f737ab9a6936c9f47630,新加坡旅遊單字.csv,6,set meal,1,Do you have a kids’ set meal?,現在簡單式,Do / Does + S + V1,"[""Do""]",0.99,2026-07-26
7b1f0f266cd4d877a4f41201b93b8a1807a760f9cf883e1a19fb3f1cefea8058,新加坡旅遊單字.csv,6,set meal,2,The set meal comes with a drink.,現在簡單式,S + V1 / V-s(es),"[""comes""]",0.97,2026-07-26
ab1991053c4859214d5e733ab6d0e16f74e4afece378bb40cf9a0dfa3e82f36f,新加坡旅遊單字.csv,7,kids’ meal,1,We would like two kids’ meals.,特殊句型/需確認,S + would like + (to + V1),"[""would like""]",0.98,2026-07-26
d92f22ce63541ff8d98f593ae5df09ff254c2075b5c8befd71c40392a1156fa9,新加坡旅遊單字.csv,7,kids’ meal,2,Does the kids’ meal include fries?,現在簡單式,Do / Does + S + V1,"[""Does""]",0.99,2026-07-26
cf5d77e381afee53d825e1c079afdd31df735ab0657b8d23a90b4fdeaa6ae99c,新加坡旅遊單字.csv,8,portion,1,Is the portion big enough to share?,現在簡單式,S + am / is / are + complement,"[""Is""]",0.97,2026-07-26
bcce69de964b28e860cde779411400b414af38a5acc1a215d7273be0a4795a8f,新加坡旅遊單字.csv,8,portion,2,The portion is too large for one child.,現在簡單式,S + am / is / are + complement,"[""is""]",0.97,2026-07-26
16855342069e6878bc0ec6bfccdaae4942e753f75c588ea6c5f2487fe83b3c19,新加坡旅遊單字.csv,9,share,1,We will share this dish.,未來簡單式,S + will + V1,"[""will share""]",0.99,2026-07-26
ff3ba45cf1f0f2b92f0203d3037436ac4e15c90161775f75896b5bd33438306b,新加坡旅遊單字.csv,9,share,2,Can we have extra plates to share?,特殊句型/需確認,Modal + S + V1,"[""Can""]",0.98,2026-07-26
294041fb8f016e4e9549e4b0be5f6e71dc88503a875582bbfa2542677dbc7e65,新加坡旅遊單字.csv,10,spicy,1,Is this spicy?,現在簡單式,S + am / is / are + complement,"[""Is""]",0.97,2026-07-26
e7e227927de9132059a7932b6596ea29c149cdaf5d547a483369fd8703134750,新加坡旅遊單字.csv,10,spicy,2,My kids cannot eat spicy food.,特殊句型/需確認,S + modal + V1,"[""cannot""]",0.98,2026-07-26
0c8b22f341c4ac6430e28934abb1bd7c3c5250a66ebd309bd8923c5a60aa7f33,新加坡旅遊單字.csv,11,mild,1,Please make it mild for the kids.,特殊句型/需確認,(Please) + V1 + ...,"[""make""]",0.97,2026-07-26
bb1699d26eded0e185bca252a593915e848dbd192d6bbb23f145bf8fdbdec229,新加坡旅遊單字.csv,11,mild,2,I prefer mild curry.,現在簡單式,S + V1 / V-s(es),"[""prefer""]",0.97,2026-07-26
8bda21ffec2ed8ae489c40ed6b117b67827eeba255d1f24a9c68159f0b24dfdd,新加坡旅遊單字.csv,12,less spicy,1,Can you make it less spicy?,特殊句型/需確認,Modal + S + V1,"[""Can""]",0.98,2026-07-26
ab40dae29da0b873a196faf67ff971de32141bbe3071d1e159c1c648f04bc7cb,新加坡旅遊單字.csv,12,less spicy,2,Please make the noodles less spicy.,特殊句型/需確認,(Please) + V1 + ...,"[""make""]",0.97,2026-07-26
929644d5ce32013bb8e78268025cde7503e380c8ff561f6e39d543c98f4eb212,新加坡旅遊單字.csv,13,not spicy,1,Please make it not spicy.,特殊句型/需確認,(Please) + V1 + ...,"[""make""]",0.97,2026-07-26
c01e2ebc9fc1c24d0be0a8b8107fe4801597fd843a9adf538558c2197e40f9da,新加坡旅遊單字.csv,13,not spicy,2,Is there a not spicy option?,現在簡單式,S + am / is / are + complement,"[""Is""]",0.97,2026-07-26
175353f36c88588809f1131b3d216627601b476cb880fe68755663051478b5c8,新加坡旅遊單字.csv,14,sauce,1,Please put the sauce on the side.,特殊句型/需確認,(Please) + V1 + ...,"[""put""]",0.97,2026-07-26
17425715f9ebff1962564ab7f50d2c487d60509bb6c0ec1d809f2c7b70b4dc4d,新加坡旅遊單字.csv,14,sauce,2,Does this sauce contain peanuts?,現在簡單式,Do / Does + S + V1,"[""Does""]",0.99,2026-07-26
8ca5b47afe05cfcd62c15b8800dccb3d6ba5e767f5c613c7a9f92b6dd05c7456,新加坡旅遊單字.csv,15,soup,1,Is the soup hot?,現在簡單式,S + am / is / are + complement,"[""Is""]",0.97,2026-07-26
0bef7e220c477fa501ec42fdb4b9770a6dba8cec6a2826a333de84d1b823c02e,新加坡旅遊單字.csv,15,soup,2,Could we have one bowl of soup?,特殊句型/需確認,Modal + S + V1,"[""Could""]",0.98,2026-07-26
907951d6f06fb99cd1d7931903e08808dc4d8030f2e337f4f277b004c66bbd61,新加坡旅遊單字.csv,16,rice,1,My child would like chicken rice.,特殊句型/需確認,S + would like + (to + V1),"[""would like""]",0.98,2026-07-26
d8aa6b16f40a22c5b3dbc5b62a0c8533c565f4c1feb4a06895846fc89d44fd71,新加坡旅遊單字.csv,16,rice,2,Can we have extra rice?,特殊句型/需確認,Modal + S + V1,"[""Can""]",0.98,2026-07-26
e448b1bb2b102baed01464fd954dae000e8c2b8e5ba79b2676ef64eb7ed10981,新加坡旅遊單字.csv,17,noodles,1,Do you have fishball noodles?,現在簡單式,Do / Does + S + V1,"[""Do""]",0.99,2026-07-26
cd9d9479a271a9ecbdf3724d85512d1cb0d245c65f26ba2445690030949e2ca1,新加坡旅遊單字.csv,17,noodles,2,The noodles are for my son.,現在簡單式,S + am / is / are + complement,"[""are""]",0.97,2026-07-26
0df57386ffd8f1243b8a5fb5b4ee7fc68a9d6fe7c983fa4edeada16984de2416,新加坡旅遊單字.csv,18,fried rice,1,"One fried rice, please.",特殊句型/需確認,Fragment (no finite verb),"[""One fried rice, please.""]",0.78,2026-07-26
06f62838b6295489afbd4e54e03388a89235d18d995209c0610668ca5235b53d,新加坡旅遊單字.csv,18,fried rice,2,Can you make the fried rice without chili?,特殊句型/需確認,Modal + S + V1,"[""Can""]",0.98,2026-07-26
0982cb5d313e152606738c33c2dd8563edaf0001ebcee23490cc06c880267647,新加坡旅遊單字.csv,19,chicken rice,1,Is the chicken rice boneless?,現在簡單式,S + am / is / are + complement,"[""Is""]",0.97,2026-07-26
e7365292e53b5e02f56adfeff6f6b1bb5973cd88a25b4243b107ed3477c27165,新加坡旅遊單字.csv,19,chicken rice,2,We would like three plates of chicken rice.,特殊句型/需確認,S + would like + (to + V1),"[""would like""]",0.98,2026-07-26
faff466fe50d428785499fade65dd3eeb88a810e70c7071221572df281736750,新加坡旅遊單字.csv,20,fishball noodles,1,My kids like fishball noodles.,現在簡單式,S + V1 / V-s(es),"[""like""]",0.94,2026-07-26
17fbbbe3e142dea49a1799dd2b7c308d2c18dd6a435172d370757753e2e9d4b6,新加坡旅遊單字.csv,20,fishball noodles,2,Is the fishball noodles soup or dry?,現在簡單式,S + am / is / are + complement,"[""Is""]",0.97,2026-07-26
710b32b359285bf81008b38f4990a737fe73e4f8736f24987fcb048aa633fdd4,新加坡旅遊單字.csv,21,wonton noodles,1,We would like one wonton noodles.,特殊句型/需確認,S + would like + (to + V1),"[""would like""]",0.98,2026-07-26
1af7461bb55f5f9bcbd33ae4ec444c46a3645cd611d3137bb58fe574d6434831,新加坡旅遊單字.csv,21,wonton noodles,2,Please make the wonton noodles less salty.,特殊句型/需確認,(Please) + V1 + ...,"[""make""]",0.97,2026-07-26
b6e956a805c98b4550d4fca3e0ca3c1b7ddb267ee99a6fdf4a0db803121a0d4e,新加坡旅遊單字.csv,22,laksa,1,Is the laksa very spicy?,現在簡單式,S + am / is / are + complement,"[""Is""]",0.97,2026-07-26
23162f154ab13455f2523041e894e8bb96f6940ceec9cc4da269bd4138529cae,新加坡旅遊單字.csv,22,laksa,2,"I would like to try laksa, but not too spicy.",特殊句型/需確認,S + would like + (to + V1),"[""would like""]",0.98,2026-07-26
7e143b0d4358c2ee9f45cadc001102d1b7039cbaca72c6e719ad2036cc7a3321,新加坡旅遊單字.csv,23,satay,1,Does the satay sauce contain peanuts?,現在簡單式,Do / Does + S + V1,"[""Does""]",0.99,2026-07-26
0384426f8f6af045a72ac8f0f64f932e9901784e677a7bfa63a2c0331d087826,新加坡旅遊單字.csv,23,satay,2,We would like ten sticks of chicken satay.,特殊句型/需確認,S + would like + (to + V1),"[""would like""]",0.98,2026-07-26
5c6695cc51e9e27d001b9bc2b71062d7aad3d47541a649638a78a25a3bb20012,新加坡旅遊單字.csv,24,bak kut teh,1,Is the bak kut teh peppery?,現在簡單式,S + am / is / are + complement,"[""Is""]",0.97,2026-07-26
02aac3d559d3a452c112c14b5862f709c6c629f268f223689411e9dcc671217b,新加坡旅遊單字.csv,24,bak kut teh,2,Can we have more soup for the bak kut teh?,特殊句型/需確認,Modal + S + V1,"[""Can""]",0.98,2026-07-26
8f9af21da2f566ee209e5f5f256ebf40593914cd179446717b004992892c9542,新加坡旅遊單字.csv,25,kaya toast,1,We would like kaya toast for breakfast.,特殊句型/需確認,S + would like + (to + V1),"[""would like""]",0.98,2026-07-26
bb5490a9a809eba857b44a724046fd7009f1c435573cae05fd451f563f30c88c,新加坡旅遊單字.csv,25,kaya toast,2,Does the kaya toast come with eggs?,現在簡單式,Do / Does + S + V1,"[""Does""]",0.99,2026-07-26
8bb13cb12d51fc6a3b9a9cda49e52e803edfee8836e7de9e9391f60524a2f086,新加坡旅遊單字.csv,26,roti prata,1,Can we have roti prata without curry?,特殊句型/需確認,Modal + S + V1,"[""Can""]",0.98,2026-07-26
8e08359373c8261b56bae03fed9fcb77b31ab978d641526372b7290c3b619953,新加坡旅遊單字.csv,26,roti prata,2,My child wants plain roti prata.,現在簡單式,S + V1 / V-s(es),"[""wants""]",0.97,2026-07-26
96d2681e069aa90715d19c0d679de1274278c4c73936f293f7926b5af240e779,新加坡旅遊單字.csv,27,dim sum,1,Do you serve dim sum?,現在簡單式,Do / Does + S + V1,"[""Do""]",0.99,2026-07-26
1277b7dda369559778e18ee2ffddffed8a744543c1e1ca8b4b9db7415c6de326,新加坡旅遊單字.csv,27,dim sum,2,We would like some dim sum to share.,特殊句型/需確認,S + would like + (to + V1),"[""would like""]",0.98,2026-07-26
4ed203db06955e5c322dd34d8a2969dcbf4435687b7cf81567572c7930768a02,新加坡旅遊單字.csv,28,dumpling,1,My child would like a dumpling.,特殊句型/需確認,S + would like + (to + V1),"[""would like""]",0.98,2026-07-26
e21d395dda420fd4f749379bf3bbe4b611d45b66a1f592ac91fc16931fe97aec,新加坡旅遊單字.csv,28,dumpling,2,Are the dumplings steamed or fried?,現在簡單式,S + am / is / are + complement,"[""Are""]",0.97,2026-07-26
6cdbd1a04b6aea9a32ce73ab81ab8d72230a8040dfa711051780ef9702b8e0bb,新加坡旅遊單字.csv,29,seafood,1,Does this dish have seafood?,現在簡單式,Do / Does + S + V1,"[""Does""]",0.99,2026-07-26
81491dfae8c15d47c2098637ae01e04ce01c22baf5338a762a0f11728adfa6c3,新加坡旅遊單字.csv,29,seafood,2,We need a non-seafood option.,現在簡單式,S + V1 / V-s(es),"[""need""]",0.97,2026-07-26
55f5733fe6e6c76775edc6fb43f36f753ca870dd2bd9f25dedf8bdabcad28882,新加坡旅遊單字.csv,30,shrimp,1,My child is allergic to shrimp.,現在簡單式,S + am / is / are + complement,"[""is""]",0.97,2026-07-26
db1bf01fe8067e641213b23de09ad9a0f1679fc6f055003179fc79cc4abb2a3e,新加坡旅遊單字.csv,30,shrimp,2,Please remove the shrimp from this dish.,特殊句型/需確認,(Please) + V1 + ...,"[""remove""]",0.97,2026-07-26
7044b560718f9ccb520e351f3a414a045557776217bcd0ce04601410e3e264ca,新加坡旅遊單字.csv,31,crab,1,Is the crab spicy?,現在簡單式,S + am / is / are + complement,"[""Is""]",0.97,2026-07-26
4ece2f58c51a187c28533f9bbd307dbd572f178af302e4a762fdc202424c5aa4,新加坡旅遊單字.csv,31,crab,2,We would like to try chilli crab.,特殊句型/需確認,S + would like + (to + V1),"[""would like""]",0.98,2026-07-26
d695de6c171cb4f443d08c86b1abbdd64fb4202d13b2ee83da85920626359daa,新加坡旅遊單字.csv,32,chicken,1,"We would like chicken, not beef.",特殊句型/需確認,S + would like + (to + V1),"[""would like""]",0.98,2026-07-26
4ecff17b1af857b9cddb61dfa51fa3a96e9a5d1a687684d49e2ea678fdce693e,新加坡旅遊單字.csv,32,chicken,2,Is the chicken steamed or fried?,現在簡單式,S + am / is / are + complement,"[""Is""]",0.97,2026-07-26
7a2ff0b72b39463b71937fc49f26d92a1134e30eca0fa07f571cc5165a4762d4,新加坡旅遊單字.csv,33,pork,1,Does this soup contain pork?,現在簡單式,Do / Does + S + V1,"[""Does""]",0.99,2026-07-26
380a84167877eacab3f50e8108dfcc1f661344ad14a490b3bf84668d13ac1c96,新加坡旅遊單字.csv,33,pork,2,We do not want pork in this dish.,現在簡單式,S + do / does not + V1,"[""do not want""]",0.97,2026-07-26
2aab9bb1343dd01aabd547ed038a4b76207d55973b804b23f67c7328ec07e34f,新加坡旅遊單字.csv,34,beef,1,My child does not eat beef.,現在簡單式,S + do / does not + V1,"[""does not eat""]",0.97,2026-07-26
09a93921049291da2938baf971ea95bd6a8d0880670693ef5608c2219b553a40,新加坡旅遊單字.csv,34,beef,2,Does this noodle soup have beef?,現在簡單式,Do / Does + S + V1,"[""Does""]",0.99,2026-07-26
e895c6a797c66ef23c70976ef0279136c81e2979437ed7ca827b0a0d10396531,新加坡旅遊單字.csv,35,egg,1,Does this dish contain egg?,現在簡單式,Do / Does + S + V1,"[""Does""]",0.99,2026-07-26
b8280f443bf51fb8323e3ba3e35a422bd040e223c73cc378fa418ff8097178cc,新加坡旅遊單字.csv,35,egg,2,Can we add an egg?,特殊句型/需確認,Modal + S + V1,"[""Can""]",0.98,2026-07-26
d133d02d682ee9620f108cf94a261a7aba759cc937c99ba27b440115e6937f64,新加坡旅遊單字.csv,36,peanut,1,Please make sure there are no peanuts.,特殊句型/需確認,(Please) + V1 + ...,"[""make sure""]",0.97,2026-07-26
ebb2dc0c065b4c96deae8cf6ae3a863afb0c2bc747cd6514b7f5f9accbd4e922,新加坡旅遊單字.csv,36,peanut,2,My child has a peanut allergy.,現在簡單式,S + V1 / V-s(es),"[""has""]",0.97,2026-07-26
e5521922b798fb872970e24e87dd7b1f0a8e43e808167630fd42cd5eb5fa4b2b,新加坡旅遊單字.csv,37,allergy,1,My child has a food allergy.,現在簡單式,S + V1 / V-s(es),"[""has""]",0.97,2026-07-26
f54ac57f616f80dc99686e7f04a55f957a528acfc766170853fb633fb1aa4cb6,新加坡旅遊單字.csv,37,allergy,2,Is this safe for someone with an allergy?,現在簡單式,S + am / is / are + complement,"[""Is""]",0.97,2026-07-26
0723c0910d2e9800d929d3a6fe46dc88801bf189cbad3a0632c37f291f410337,新加坡旅遊單字.csv,38,vegetarian,1,Do you have vegetarian food?,現在簡單式,Do / Does + S + V1,"[""Do""]",0.99,2026-07-26
4d094c895b259520964432727f998884c391bf11b93d292817f7059e68ecb593,新加坡旅遊單字.csv,38,vegetarian,2,My wife would like a vegetarian meal.,特殊句型/需確認,S + would like + (to + V1),"[""would like""]",0.98,2026-07-26
08973aff9c230a6853c1168a52de8f54b08d622650fd40c3a99ff2e089feedde,新加坡旅遊單字.csv,39,halal,1,Is this restaurant halal?,現在簡單式,S + am / is / are + complement,"[""Is""]",0.97,2026-07-26
f7aa9349b0841052a3127068b145d8368266e1fe9bb81743e79af3dd1e42128d,新加坡旅遊單字.csv,39,halal,2,We are looking for halal food near the zoo.,現在進行式,S + am / is / are + V-ing,"[""are looking""]",0.99,2026-07-26
33a99e0d451c2aead1c557a6419816f1fda3d052f27094495463b6474d478dd5,新加坡旅遊單字.csv,40,water,1,Could we have some water?,特殊句型/需確認,Modal + S + V1,"[""Could""]",0.98,2026-07-26
2d8741012aa8171620c6135c446e024946f0345cc2073e0e3929a40c07ec25e7,新加坡旅遊單字.csv,40,water,2,Do you sell bottled water?,現在簡單式,Do / Does + S + V1,"[""Do""]",0.99,2026-07-26
d77babb93f0aed89b77c45efc2866a56227e6f3dc0ea020ee907164d5146685f,新加坡旅遊單字.csv,41,warm water,1,Could we have warm water for the kids?,特殊句型/需確認,Modal + S + V1,"[""Could""]",0.98,2026-07-26
45327de162d7b07c0b3d41494e3d6d0011b350c3a74aebed597509d245e0fd4d,新加坡旅遊單字.csv,41,warm water,2,My child needs warm water for medicine.,現在簡單式,S + V1 / V-s(es),"[""needs""]",0.97,2026-07-26
e46d2da3f1d6469af693a4198f61cdb35874892748dd37ea5ef254f9052c8b9e,新加坡旅遊單字.csv,42,ice,1,"No ice, please.",特殊句型/需確認,Fragment (no finite verb),"[""No ice, please.""]",0.78,2026-07-26
3810c70546847bc48624a06cfac727741b217954a3e58e503dc7d5478b9d7b4c,新加坡旅遊單字.csv,42,ice,2,Can we have a cup of ice?,特殊句型/需確認,Modal + S + V1,"[""Can""]",0.98,2026-07-26
9b53125155ec3902ca5d7bd1b2b707bdeb4b9285ec7b61187c4029199bf32d56,新加坡旅遊單字.csv,43,juice,1,Do you have apple juice?,現在簡單式,Do / Does + S + V1,"[""Do""]",0.99,2026-07-26
072724e4912c5492517f19899bc40812e9b42dc08e77553eb4876f46d21e3d8b,新加坡旅遊單字.csv,43,juice,2,"One orange juice without ice, please.",特殊句型/需確認,Fragment (no finite verb),"[""One orange juice without ice, please.""]",0.78,2026-07-26
ad7b5c77b8e8d8ef21bd50749568f6162f5b0e3aa9aeb2e031007e8fa7b14c0e,新加坡旅遊單字.csv,44,dessert,1,What desserts do you have?,現在簡單式,Do / Does + S + V1,"[""do""]",0.99,2026-07-26
39d21c8e85678e0715df4a4f3a32bdd877545e0cc4a6fd7ee97904e049b4be59,新加坡旅遊單字.csv,44,dessert,2,The kids would like ice cream for dessert.,特殊句型/需確認,S + would like + (to + V1),"[""would like""]",0.98,2026-07-26
3ec4dbe72d6e786ef6b627105d7eb9b642fd1c20d60931d832fbcd79ffae5530,新加坡旅遊單字.csv,45,spoon,1,Could we have three spoons?,特殊句型/需確認,Modal + S + V1,"[""Could""]",0.98,2026-07-26
1c64d2d8f097977f19e2e40efddd208ba9352feabbcb30291e57c93af8297fb7,新加坡旅遊單字.csv,45,spoon,2,My child dropped the spoon.,過去簡單式,S + V2 / V-ed,"[""dropped""]",0.97,2026-07-26
b2ed0a21040a6917eca9079b1b52309abc4b1b52bca490990cc56c06e54cd4b2,新加坡旅遊單字.csv,46,fork,1,My child needs a fork.,現在簡單式,S + V1 / V-s(es),"[""needs""]",0.97,2026-07-26
233ece86586c00359779b0b90c6ad0c7720ba7c0fe504ead50abc012c90dd530,新加坡旅遊單字.csv,46,fork,2,Could we have one more fork?,特殊句型/需確認,Modal + S + V1,"[""Could""]",0.98,2026-07-26
0734199db8acd6b1ecada8777cc4c0a7025728ae74ca40304e2d9b2a5c82341c,新加坡旅遊單字.csv,47,bowl,1,Could we have small bowls?,特殊句型/需確認,Modal + S + V1,"[""Could""]",0.98,2026-07-26
ec72b5c549266ad2a1444e76f6682138677580ff4a6179ce4ef328eb2035eb65,新加坡旅遊單字.csv,47,bowl,2,This bowl is for sharing soup.,現在簡單式,S + am / is / are + complement,"[""is""]",0.97,2026-07-26
147d8559e83a635678eadc9209015e8c94a5fe8df5d7823f3afe4179cb628ede,新加坡旅遊單字.csv,48,takeaway,1,Can we get this takeaway?,特殊句型/需確認,Modal + S + V1,"[""Can""]",0.98,2026-07-26
086ca4bc3f000db3529b49a4abf4421cb452f74139bddff0f470b7b9addf97b6,新加坡旅遊單字.csv,48,takeaway,2,Please pack the leftovers for takeaway.,特殊句型/需確認,(Please) + V1 + ...,"[""pack""]",0.97,2026-07-26
07b41262ac77facf3c00bff62ba16d7de07a6550e86033650a9c88aa9b9fe0bf,新加坡旅遊單字.csv,49,bill,1,"Could we have the bill, please?",特殊句型/需確認,Modal + S + V1,"[""Could""]",0.98,2026-07-26
f31ac39bfc60bbda35475374401626f61a911c21fb578fd645e940bacc49997d,新加坡旅遊單字.csv,49,bill,2,Is service charge included in the bill?,現在簡單式,S + am / is / are + complement,"[""Is""]",0.97,2026-07-26
63781f166661c4ef40526dce5ce0358af83ee4330f0b138a11a9fc566f1590f4,新加坡旅遊單字.csv,50,receipt,1,May I have a receipt?,特殊句型/需確認,Modal + S + V1,"[""May""]",0.98,2026-07-26
aa657028b82193c7713839861b1a90ba989fece66d33284cbffc9ede875efdb6,新加坡旅遊單字.csv,50,receipt,2,Could I have a receipt?,特殊句型/需確認,Modal + S + V1,"[""Could""]",0.98,2026-07-26
a16255873d6c3a1130b8d5dfd434f02cacce0c7ba3daec1c8d10fbad7d806aa0,新加坡旅遊單字.csv,51,clothes,1,We need to buy some clothes.,現在簡單式,S + V1 / V-s(es),"[""need""]",0.97,2026-07-26
15a9334b0d21aed81984814f174075279a33be21eb2201d45b7d73bebc39a0d3,新加坡旅遊單字.csv,51,clothes,2,My child needs dry clothes.,現在簡單式,S + V1 / V-s(es),"[""needs""]",0.97,2026-07-26
1d8178ae518d103d0a09cc8dfedae5cc8d3cf255156bdc8a148e823aeaf76df8,新加坡旅遊單字.csv,52,shirt,1,Do you have this shirt for kids?,現在簡單式,Do / Does + S + V1,"[""Do""]",0.99,2026-07-26
34c4caa38506281f11d6d1f9cabab72f9b2e3c0e0793939a897cdd216e4745f6,新加坡旅遊單字.csv,52,shirt,2,This shirt is too thick for hot weather.,現在簡單式,S + am / is / are + complement,"[""is""]",0.97,2026-07-26
22b6416664a56d9a07824dc8060973fe7b79e7e46b412b978d84cc4670148c56,新加坡旅遊單字.csv,53,T-shirt,1,My child needs a clean T-shirt.,現在簡單式,S + V1 / V-s(es),"[""needs""]",0.97,2026-07-26
d50de305655423ecc904b40f7b61c3858c4a5e61efa0d3aa46f106f4d084d1b0,新加坡旅遊單字.csv,53,T-shirt,2,Do you have this T-shirt in blue?,現在簡單式,Do / Does + S + V1,"[""Do""]",0.99,2026-07-26
4ecab5bfbaefb39c6df3a7aa743012fd96053059e7cd4c6298e87d36fede57b5,新加坡旅遊單字.csv,54,pants,1,Do you have light pants?,現在簡單式,Do / Does + S + V1,"[""Do""]",0.99,2026-07-26
0c302453902cbf97a8c8b100777b1aadb35af1fa64526a739005905ae59dbc8b,新加坡旅遊單字.csv,54,pants,2,These pants are too long for my child.,現在簡單式,S + am / is / are + complement,"[""are""]",0.97,2026-07-26
ff0994cac534cf917e1a7c5efbf2886b6b8e900d0bcd7a5bdbf2c3b1b89a97fb,新加坡旅遊單字.csv,55,shorts,1,We need shorts for hot weather.,現在簡單式,S + V1 / V-s(es),"[""need""]",0.97,2026-07-26
b533a4ade2c2d0b754dba60da315707e88c9ad7871401b0f40b07253b9e1bb30,新加坡旅遊單字.csv,55,shorts,2,Do you sell quick-dry shorts?,現在簡單式,Do / Does + S + V1,"[""Do""]",0.99,2026-07-26
ab77c5c1844752479b07f163e6a08227e0de307eefa59b4d5e516cd7124d3446,新加坡旅遊單字.csv,56,dress,1,Do you have this dress in a smaller size?,現在簡單式,Do / Does + S + V1,"[""Do""]",0.99,2026-07-26
3e435539b07ebba2a4b7b5b3bfa0cdf354f3f938c640967ac2ed55097bfa884e,新加坡旅遊單字.csv,56,dress,2,My daughter wants to try on this dress.,現在簡單式,S + V1 / V-s(es),"[""wants""]",0.97,2026-07-26
4efedd8d8bab54fc4de8f37ce85ff4cb6946971d1008ffee9697bce24a6fed3e,新加坡旅遊單字.csv,57,skirt,1,My daughter likes this skirt.,現在簡單式,S + V1 / V-s(es),"[""likes""]",0.97,2026-07-26
886213d99e50c26a668bdf3f1175759712972757445fe82a6670c71a854aa2b1,新加坡旅遊單字.csv,57,skirt,2,Is this skirt available in children’s size?,現在簡單式,S + am / is / are + complement,"[""Is""]",0.97,2026-07-26
fe7a80a6cd0ba52824d038b781cde6bae8343663ac803aa4ddb9f3c889e0debb,新加坡旅遊單字.csv,58,jacket,1,We need a light jacket.,現在簡單式,S + V1 / V-s(es),"[""need""]",0.97,2026-07-26
fe552db5ab244460c0baca47d60ec171087d29bf5b590bfd7f4e6bc91846b5fe,新加坡旅遊單字.csv,58,jacket,2,Is this jacket good for rain?,現在簡單式,S + am / is / are + complement,"[""Is""]",0.97,2026-07-26
5d64066b0c664592279d03af5e8e7d77e96f5f89a76c0db7fd4e3e1ab0b46ad4,新加坡旅遊單字.csv,59,raincoat,1,Do you sell raincoats for children?,現在簡單式,Do / Does + S + V1,"[""Do""]",0.99,2026-07-26
b0a3288305807d728c46b9781730302f537ed8e6406f702024527077daaae443,新加坡旅遊單字.csv,59,raincoat,2,We need a raincoat before going to the zoo.,現在簡單式,S + V1 / V-s(es),"[""need""]",0.97,2026-07-26
da9b7c2c4ec98423e5862d873d4a7e06b440c3f9b89795d1cefed30422411b36,新加坡旅遊單字.csv,60,poncho,1,We need a poncho for each child.,現在簡單式,S + V1 / V-s(es),"[""need""]",0.97,2026-07-26
7b72ca48e72ac66dfb2d950825cc39043b81e4e0367d0aa105fdc98f0a21e6da,新加坡旅遊單字.csv,60,poncho,2,Do you have disposable ponchos?,現在簡單式,Do / Does + S + V1,"[""Do""]",0.99,2026-07-26
10a5aad5e1aaef408e68da0f92c824bf34819d0de2aa91861e35c50be5760f13,新加坡旅遊單字.csv,61,umbrella,1,Do you sell umbrellas?,現在簡單式,Do / Does + S + V1,"[""Do""]",0.99,2026-07-26
7848bd3ff26c775c9077b60a21e50eca42cc199072bf86b4562994ad2a887ea5,新加坡旅遊單字.csv,61,umbrella,2,We need a small umbrella for the kids.,現在簡單式,S + V1 / V-s(es),"[""need""]",0.97,2026-07-26
ae1670edbb7d1a7f5a5825e58fefde09c4d6b5e38d6133fd926d6c85914ff3f4,新加坡旅遊單字.csv,62,hat,1,My child needs a sun hat.,現在簡單式,S + V1 / V-s(es),"[""needs""]",0.97,2026-07-26
b61575bdaa3e7a31299c2565b81f4a67ae11c3deaa68f4398c156b771c3365ee,新加坡旅遊單字.csv,62,hat,2,Is this hat adjustable?,現在簡單式,S + am / is / are + complement,"[""Is""]",0.97,2026-07-26
5a3639fcc2e306adf45f3c1c9ce33634d5bf5577ecaf724d321080317160d530,新加坡旅遊單字.csv,63,cap,1,Do you have a cap for kids?,現在簡單式,Do / Does + S + V1,"[""Do""]",0.99,2026-07-26
de557cf32053ec7038ca883bc7f24645db5bfeead0d1a1a97318fee800a797bf,新加坡旅遊單字.csv,63,cap,2,This cap protects my child from the sun.,現在簡單式,S + V1 / V-s(es),"[""protects""]",0.97,2026-07-26
5ca2e11804f872bc0d75b75c9b9cd4c3ce528b614ff6ae45a6fd34b567064bc4,新加坡旅遊單字.csv,64,sunglasses,1,Do you have children’s sunglasses?,現在簡單式,Do / Does + S + V1,"[""Do""]",0.99,2026-07-26
eba7dd1e2c7a063a5540c55c71c2003dc60a55fe8f192e4ca5a3ed5330cb4266,新加坡旅遊單字.csv,64,sunglasses,2,These sunglasses are too loose.,現在簡單式,S + am / is / are + complement,"[""are""]",0.97,2026-07-26
68aeb8656f89afd37a5d1e18e3b2a776ebc980fd5b32f41a08484319022a31c8,新加坡旅遊單字.csv,65,shoes,1,My child’s shoes are wet.,現在簡單式,S + am / is / are + complement,"[""are""]",0.97,2026-07-26
46bd1cd3b14fe1222c5baaeb25e5ec4ce9f3489a03e670f6ce9c444ac5a3c131,新加坡旅遊單字.csv,65,shoes,2,Do you have comfortable walking shoes?,現在簡單式,Do / Does + S + V1,"[""Do""]",0.99,2026-07-26
157d23ace2fca1adb1d1300014518b26f85f044acc07c70dea52c5deb1842de0,新加坡旅遊單字.csv,66,sandals,1,Do you have sandals for children?,現在簡單式,Do / Does + S + V1,"[""Do""]",0.99,2026-07-26
e822496199220791ec510bd5a8bebc35b4e9f3eb1b5e4e64e866983fa83abeb3,新加坡旅遊單字.csv,66,sandals,2,These sandals are good for hot weather.,現在簡單式,S + am / is / are + complement,"[""are""]",0.97,2026-07-26
e4727e4fef89cad7640ed4a5c2349d36dea28aeed949ab13d2da9b1b8ef183af,新加坡旅遊單字.csv,67,sneakers,1,We need comfortable sneakers.,現在簡單式,S + V1 / V-s(es),"[""need""]",0.97,2026-07-26
1b623f6acb030b2746b219a008b0e34989636b9b8f2ccba380a4cf6948b2efe9,新加坡旅遊單字.csv,67,sneakers,2,Are these sneakers waterproof?,現在簡單式,S + am / is / are + complement,"[""Are""]",0.97,2026-07-26
ddb96fb27e56bad64bacf913bd88dbe7fcbb0b351e53acd1a5a026bb2175c77b,新加坡旅遊單字.csv,68,socks,1,Do you sell socks?,現在簡單式,Do / Does + S + V1,"[""Do""]",0.99,2026-07-26
6c09ab2bb455df1b4f3fd1bb0840ee81a8b3a38202142da1010e357c2172b658,新加坡旅遊單字.csv,68,socks,2,My child needs a clean pair of socks.,現在簡單式,S + V1 / V-s(es),"[""needs""]",0.97,2026-07-26
7f29580ec66cc198d0be338e121124b92778683c46f3aba12bececd03d0da780,新加坡旅遊單字.csv,69,underwear,1,We need children’s underwear.,現在簡單式,S + V1 / V-s(es),"[""need""]",0.97,2026-07-26
f7ca941c6a91c409e9689776c4190c023928f4d0eb4a53b208417b99409af557,新加坡旅遊單字.csv,69,underwear,2,Where can I find underwear?,特殊句型/需確認,Modal + S + V1,"[""can""]",0.98,2026-07-26
8094d17bf4cd38ef0e5686b0e61fc6bf121690b5b2abb970cec6a944436c57ef,新加坡旅遊單字.csv,70,swimsuit,1,Do you sell swimsuits?,現在簡單式,Do / Does + S + V1,"[""Do""]",0.99,2026-07-26
c0e102612479e6460b7d09b356aa9b7f7a840cd341e4bced53c3ad1ddbbfcbaf,新加坡旅遊單字.csv,70,swimsuit,2,My child forgot his swimsuit.,過去簡單式,S + V2 / V-ed,"[""forgot""]",0.97,2026-07-26
514253128a794d0900f8aa892d36a6f680864c2149da4c4b38ae51d44780283a,新加坡旅遊單字.csv,71,towel,1,We need a small towel.,現在簡單式,S + V1 / V-s(es),"[""need""]",0.97,2026-07-26
131f0a0f580b690b70f53db3fef3e88f89948db07a1083386c60d914a90a80f5,新加坡旅遊單字.csv,71,towel,2,Could we have extra towels?,特殊句型/需確認,Modal + S + V1,"[""Could""]",0.98,2026-07-26
62b385f81f0d748fc55f86c46b37be127b4a3e9fdbca5492a27c2821c44962a1,新加坡旅遊單字.csv,72,backpack,1,I am looking for a small backpack.,現在進行式,S + am / is / are + V-ing,"[""am looking""]",0.99,2026-07-26
69c2c7534e4131704cc0f54fbdcafe74d820822be1f912d53db3594deff1f68b,新加坡旅遊單字.csv,72,backpack,2,This backpack is light enough for my child.,現在簡單式,S + am / is / are + complement,"[""is""]",0.97,2026-07-26
53417ed1f3b4dc47469d9afcf1d5911c2c3779d2607f42daf79c2e966b127cf8,新加坡旅遊單字.csv,73,bag,1,Could I have a shopping bag?,特殊句型/需確認,Modal + S + V1,"[""Could""]",0.98,2026-07-26
a496d0022508d62e3a0a0d3e3e162fc682616937fc3e45f064eb02cd33884648,新加坡旅遊單字.csv,73,bag,2,This bag is too heavy for my child.,現在簡單式,S + am / is / are + complement,"[""is""]",0.97,2026-07-26
28da1257c0aa42bcc0fb147be84ed16b061d45a480c740434dda4b3e1cafe963,新加坡旅遊單字.csv,74,size,1,What size is this?,現在簡單式,S + am / is / are + complement,"[""is""]",0.97,2026-07-26
34e40ed6b669a0fea54e696be1accfac99b1020d44bf63e8b08f2badbfa39933,新加坡旅遊單字.csv,74,size,2,Do you have this in a larger size?,現在簡單式,Do / Does + S + V1,"[""Do""]",0.99,2026-07-26
c9fc0e9e1e1b962551e8c7a4c7a77752d42130d6bb36a911a8164ddceb6aeb17,新加坡旅遊單字.csv,75,small,1,Do you have a small size?,現在簡單式,Do / Does + S + V1,"[""Do""]",0.99,2026-07-26
f740c344c2245c45809295a9232c3999b5393558b7826eb4a5b4f0d6e2483f9d,新加坡旅遊單字.csv,75,small,2,This small size fits my child.,現在簡單式,S + V1 / V-s(es),"[""fits""]",0.97,2026-07-26
d8163c6de8cc37eed4460bc0d902407f07b9210e24f34da47ec1c5c1f8874b4a,新加坡旅遊單字.csv,76,medium,1,I need a medium size.,現在簡單式,S + V1 / V-s(es),"[""need""]",0.97,2026-07-26
82a850e251263832f1c15f3741ff92e3ba1ee0aae5308a38c22a1feb477bb4ba,新加坡旅遊單字.csv,76,medium,2,Medium is too big for my daughter.,現在簡單式,S + am / is / are + complement,"[""is""]",0.97,2026-07-26
12ea4211f3e685878a9d478b458e6a76f61ced3339b8f931d272ea00ca13b032,新加坡旅遊單字.csv,77,large,1,This large size is too big.,現在簡單式,S + am / is / are + complement,"[""is""]",0.97,2026-07-26
e3585f345070adf1d3cb21371f56bbcfaf29f3c80a082337434b6464046d1df5,新加坡旅遊單字.csv,77,large,2,Do you have large in this color?,現在簡單式,Do / Does + S + V1,"[""Do""]",0.99,2026-07-26
56b61d56d917f5c2e24fb3892179baa1aee2c687c655109e994bff0071e8531f,新加坡旅遊單字.csv,78,extra small,1,Do you have extra small?,現在簡單式,Do / Does + S + V1,"[""Do""]",0.99,2026-07-26
60eb78fd71b6016bcfc35d4502858361d1c836fb6314cc42864f00a9346854b8,新加坡旅遊單字.csv,78,extra small,2,Extra small might fit my youngest child.,特殊句型/需確認,S + modal + V1,"[""might fit""]",0.98,2026-07-26
a1aad2e33b76cdb281350125077cbec6bf672052ef3467f0ede83480fd751153,新加坡旅遊單字.csv,79,extra large,1,Do you have extra large?,現在簡單式,Do / Does + S + V1,"[""Do""]",0.99,2026-07-26
c0a3661aa17b94fc96d2fb64295717f9feeaf686ffe9daee37b51d909b0bbe31,新加坡旅遊單字.csv,79,extra large,2,This extra large shirt is for me.,現在簡單式,S + am / is / are + complement,"[""is""]",0.97,2026-07-26
c23a05dd6f6f044ee6946c9be5eb72a0110108c83b14412c8c1b3c43917816b2,新加坡旅遊單字.csv,80,children’s size,1,Do you have children’s size?,現在簡單式,Do / Does + S + V1,"[""Do""]",0.99,2026-07-26
bd9b4c142255c1441c7a57939ff2ba3d4b73b47e5bff0c648e650c23ebf8f2aa,新加坡旅遊單字.csv,80,children’s size,2,I need children’s size for three kids.,現在簡單式,S + V1 / V-s(es),"[""need""]",0.97,2026-07-26
be34129b3885a514181cb2932623694dba2d7988e478dafd70e979c3fbff5b06,新加坡旅遊單字.csv,81,adult size,1,Is this adult size?,現在簡單式,S + am / is / are + complement,"[""Is""]",0.97,2026-07-26
77f12e88bbaf70b21ed660fb467c09077641354c9712e9261f9f411d959ac96e,新加坡旅遊單字.csv,81,adult size,2,Adult size is too large for my child.,現在簡單式,S + am / is / are + complement,"[""is""]",0.97,2026-07-26
c25b65c739fc541c59a5c8f2557d756fb2de9a7210d437ac3bc557269d1cd9a8,新加坡旅遊單字.csv,82,too big,1,This is too big for my child.,現在簡單式,S + am / is / are + complement,"[""is""]",0.97,2026-07-26
45cc1f682155f4193fe995a90e3fd072cf1c171cb5328e3b64e1c9e64ffbb562,新加坡旅遊單字.csv,82,too big,2,Do you have one size smaller?,現在簡單式,Do / Does + S + V1,"[""Do""]",0.99,2026-07-26
0ab94da2513621b3538a11314bbc9abf3a32aed1fb5d46b793c69f6891f2f142,新加坡旅遊單字.csv,83,too small,1,These shoes are too small.,現在簡單式,S + am / is / are + complement,"[""are""]",0.97,2026-07-26
091ba56a8fb3c641b4c2fc4d0231caf37d0979440ffa2594fdcf408eeb380d16,新加坡旅遊單字.csv,83,too small,2,This shirt is too small for my son.,現在簡單式,S + am / is / are + complement,"[""is""]",0.97,2026-07-26
a0d60bdda6158daf7ee6156f129590a80c3553378531bd1a9ea99f0cca9b1d8e,新加坡旅遊單字.csv,84,fit,1,Does it fit well?,現在簡單式,Do / Does + S + V1,"[""Does""]",0.99,2026-07-26
5691bcb2b72d061ccd63ea985d2ffcd347a79ea4d80e05a91939f5d7b6755790,新加坡旅遊單字.csv,84,fit,2,These shoes do not fit my child.,現在簡單式,S + do / does not + V1,"[""do not fit""]",0.97,2026-07-26
31e7ad78c9e1c02dfbf99a4f9a3ea00fda2c1c6d22a950f64c121942ce769d13,新加坡旅遊單字.csv,85,loose,1,I prefer something loose.,現在簡單式,S + V1 / V-s(es),"[""prefer""]",0.97,2026-07-26
b6aace02e3f6c3253dbbe7050a99d343629d39deb445e9730ac52f7aac5e768d,新加坡旅遊單字.csv,85,loose,2,This hat is too loose.,現在簡單式,S + am / is / are + complement,"[""is""]",0.97,2026-07-26
1547a3b03a0e500364f7267c496cd080b4edc1ac9db5a91b60028732f22c1149,新加坡旅遊單字.csv,86,tight,1,These shoes are too tight.,現在簡單式,S + am / is / are + complement,"[""are""]",0.97,2026-07-26
b548413ddfbcc12f86479c9d5878b5a1e0a29f321d33ed865e874c4b7f51830b,新加坡旅遊單字.csv,86,tight,2,The collar feels tight.,現在簡單式,S + V1 / V-s(es),"[""feels""]",0.97,2026-07-26
843632e2c4b0d0c98ceb48400b85f045c6158a242d4147105ed94690cd975e98,新加坡旅遊單字.csv,87,comfortable,1,Are these shoes comfortable?,現在簡單式,S + am / is / are + complement,"[""Are""]",0.97,2026-07-26
79da166a779fa08f54cc6c60d57a247d60a710bcda2697aa6efd05bf998c346e,新加坡旅遊單字.csv,87,comfortable,2,We need comfortable clothes for walking.,現在簡單式,S + V1 / V-s(es),"[""need""]",0.97,2026-07-26
862034b37d7193643fd3d600af80a01f289eb1b0aa2e617ca0de22fc29fb30c7,新加坡旅遊單字.csv,88,waterproof,1,Is this jacket waterproof?,現在簡單式,S + am / is / are + complement,"[""Is""]",0.97,2026-07-26
1e9b1c8906a24f859661042bdfa7f6eaf31e7dee8f184cf56bd07e189e49980c,新加坡旅遊單字.csv,88,waterproof,2,We need waterproof shoes for rainy weather.,現在簡單式,S + V1 / V-s(es),"[""need""]",0.97,2026-07-26
c305d8243c20fdf69479c2781ccd6d2530efefb75571f835375f7354cc89a78a,新加坡旅遊單字.csv,89,quick-dry,1,Do you have quick-dry clothes?,現在簡單式,Do / Does + S + V1,"[""Do""]",0.99,2026-07-26
40768435c3fd1f6722c654889e533f2e1cf7bb68bf36c2a023ff2a855f34be03,新加坡旅遊單字.csv,89,quick-dry,2,Quick-dry shorts are useful in Singapore.,現在簡單式,S + am / is / are + complement,"[""are""]",0.97,2026-07-26
5fb6ff68503d681172c5ecf427d2f52b3dff348cddc83b5850eef9e4a9f2996d,新加坡旅遊單字.csv,90,cotton,1,Is this T-shirt cotton?,現在簡單式,S + am / is / are + complement,"[""Is""]",0.97,2026-07-26
ef278a529cec46dc0aed3c52c8236996ef6f2d22499fbd6815abd25bb7cf9f01,新加坡旅遊單字.csv,90,cotton,2,Cotton clothes are comfortable for kids.,現在簡單式,S + am / is / are + complement,"[""are""]",0.97,2026-07-26
2feebf03d117848352c0623bd355e0d9d0bd1634c2901f5763e473e3a19a7034,新加坡旅遊單字.csv,91,try on,1,Can my child try this on?,特殊句型/需確認,Modal + S + V1,"[""Can""]",0.98,2026-07-26
62b0ea89dc9f5efcf902caafe4f6d5fbd1bfb409f38b86bcdeb6752d64f64069,新加坡旅遊單字.csv,91,try on,2,I would like to try on these shoes.,特殊句型/需確認,S + would like + (to + V1),"[""would like""]",0.98,2026-07-26
e42ba30a9a8890d5a5becd667c06ee27726c170d56190f0b250f69ae7ff537c8,新加坡旅遊單字.csv,92,fitting room,1,Where is the fitting room?,現在簡單式,S + am / is / are + complement,"[""is""]",0.97,2026-07-26
a4a9444e4287ee4a42febdf4d020cc24d0cf5df274de340eb7278cd1ad969606,新加坡旅遊單字.csv,92,fitting room,2,Is the fitting room available?,現在簡單式,S + am / is / are + complement,"[""Is""]",0.97,2026-07-26
b03383cf866550693fd2f5e1f86a6ff647f98fe7125dffb07d3bc834df4f5afb,新加坡旅遊單字.csv,93,price,1,What is the price of this?,現在簡單式,S + am / is / are + complement,"[""is""]",0.97,2026-07-26
25e8617b261eaccc41f3018a6a00fcf99fe8d3803f187fd079e05c0d6b78fe5a,新加坡旅遊單字.csv,93,price,2,The price is higher than I expected.,現在簡單式,S + am / is / are + complement,"[""is""]",0.97,2026-07-26
03b35c59627f9e91a63a8fb5b25f61304892eb2288222610aa668e75598f0245,新加坡旅遊單字.csv,94,discount,1,Is there any discount?,現在簡單式,S + am / is / are + complement,"[""Is""]",0.97,2026-07-26
2b2fb0b87b702c7c571f836cbf2e7fbc5c3dbd6a46f7dcc7491748d05156c05a,新加坡旅遊單字.csv,94,discount,2,Can I get a discount if I buy three?,特殊句型/需確認,Modal + S + V1,"[""Can""]",0.98,2026-07-26
af9b39d946a874861279dc18e587e78910e07de76573943a4a26517a025f573a,新加坡旅遊單字.csv,95,sale,1,Is this item on sale?,現在簡單式,S + am / is / are + complement,"[""Is""]",0.97,2026-07-26
43d5608a044f2f0245783fb0f8fe2ad40442f9e2f097b2c84babe94c4140ed37,新加坡旅遊單字.csv,95,sale,2,The store has a summer sale.,現在簡單式,S + V1 / V-s(es),"[""has""]",0.97,2026-07-26
8743a73dd2e4e47d06b07791ccc6d6bcb3e85b0fc7de203d967960e323ae5d88,新加坡旅遊單字.csv,96,tax refund,1,Can I get a tax refund?,特殊句型/需確認,Modal + S + V1,"[""Can""]",0.98,2026-07-26
64b188cbbb3868b8a02572fbf87af445afa4a3e2392329962b8d81f87fefae06,新加坡旅遊單字.csv,96,tax refund,2,Where can I process the tax refund?,特殊句型/需確認,Modal + S + V1,"[""can""]",0.98,2026-07-26
9c79e8e47f906db434a84ace776fafaa6d84c99a539c19ad558243b3acec0e76,新加坡旅遊單字.csv,97,exchange,1,Can I exchange this if it does not fit?,特殊句型/需確認,Modal + S + V1,"[""Can""]",0.98,2026-07-26
2e66a0bfd71d55d9ae2d8c361b6b390763ca985a688daa453967b1fe4adfb7b4,新加坡旅遊單字.csv,97,exchange,2,I would like to exchange this for a smaller size.,特殊句型/需確認,S + would like + (to + V1),"[""would like""]",0.98,2026-07-26
ae459247c76482a5d0caafbea7bc4eac74fb831c15b9bd52c1a2fd8ab401e1b7,新加坡旅遊單字.csv,98,refund,1,Can I get a refund?,特殊句型/需確認,Modal + S + V1,"[""Can""]",0.98,2026-07-26
72165c3306a28dcbd7718b8139ca403197cbcee1f3877f238d6984b785b5a0e6,新加坡旅遊單字.csv,98,refund,2,What is your refund policy?,現在簡單式,S + am / is / are + complement,"[""is""]",0.97,2026-07-26
6be97b4df0146b32402a7c5bc03fc9597b15494ed57fea4a7dfe4ae8fc2a4405,新加坡旅遊單字.csv,99,cashier,1,Where is the cashier?,現在簡單式,S + am / is / are + complement,"[""is""]",0.97,2026-07-26
4e5a38f8d07cefc4f53f0a75092dbd6cce4db8b3232e617319aec44f99cbbd60,新加坡旅遊單字.csv,99,cashier,2,Please pay at the cashier.,特殊句型/需確認,(Please) + V1 + ...,"[""pay""]",0.97,2026-07-26
cd6d2fb8d433bd6ed734c283a9364be073c4b6cf8b22546974bf6f8f4131f7f2,新加坡旅遊單字.csv,100,shopping mall,1,Is there a shopping mall nearby?,現在簡單式,S + am / is / are + complement,"[""Is""]",0.97,2026-07-26
015c0a12b93ed0a39ff6ddfb25b3af7b83e15ed46239676de26e350f4a6ae82a,新加坡旅遊單字.csv,100,shopping mall,2,We can buy raincoats at the shopping mall.,特殊句型/需確認,S + modal + V1,"[""can buy""]",0.98,2026-07-26
0c81747774440a460fa8f72905aa2b9f351563c4dda7be5897cca3b6474da58c,新加坡旅遊單字.csv,101,hotel,1,Our hotel is near the MRT station.,現在簡單式,S + am / is / are + complement,"[""is""]",0.97,2026-07-26
5884a910da144b80753f95c2203626ebd386abd8e57854b05b00f05d4abc3f4b,新加坡旅遊單字.csv,101,hotel,2,Can you show me the way to this hotel?,特殊句型/需確認,Modal + S + V1,"[""Can""]",0.98,2026-07-26
43ceef78bd2abb069f62618ae9976ff4e7d35e66d3ad7221cdca82840ebbed40,新加坡旅遊單字.csv,102,lobby,1,We will wait in the lobby.,未來簡單式,S + will + V1,"[""will wait""]",0.99,2026-07-26
a02027b9374c9e063b84e4c3895ec33a22df19e534631872f642c3e9973d7434,新加坡旅遊單字.csv,102,lobby,2,The hotel lobby is on the first floor.,現在簡單式,S + am / is / are + complement,"[""is""]",0.97,2026-07-26
ecf7e80c9ee3caead12a09de633a8188ee0468f84220d1cf767813e0f17702ad,新加坡旅遊單字.csv,103,front desk,1,I need to speak to the front desk.,現在簡單式,S + V1 / V-s(es),"[""need""]",0.97,2026-07-26
977ff347a13324da6b264faa464508d594f413e3a447a39801230776c5efb475,新加坡旅遊單字.csv,103,front desk,2,Please leave the key card at the front desk.,特殊句型/需確認,(Please) + V1 + ...,"[""leave""]",0.97,2026-07-26
5d5095052c0aa821ad1bd5b0eae609032f32363e5e25e7fc9b5dc0785494e1a4,新加坡旅遊單字.csv,104,receptionist,1,The receptionist helped us check in.,過去簡單式,S + V2 / V-ed,"[""helped""]",0.97,2026-07-26
cdfa71281f2cb494d3f721819acbd8af36a64ce53c3fa073878a8d95c282d0e3,新加坡旅遊單字.csv,104,receptionist,2,Could you ask the receptionist about breakfast?,特殊句型/需確認,Modal + S + V1,"[""Could""]",0.98,2026-07-26
59f887a0232444f0a4cc09f797b8c9f16f91d8a0eba57ab33adfb0de7f3d4f20,新加坡旅遊單字.csv,105,reservation,1,I have a reservation under the name Chen.,現在簡單式,S + V1 / V-s(es),"[""have""]",0.97,2026-07-26
f555d636639aff62d4f3c7f4b80909e0da3e016ade636bd8d1728c50744b61e6,新加坡旅遊單字.csv,105,reservation,2,Could you check my reservation?,特殊句型/需確認,Modal + S + V1,"[""Could""]",0.98,2026-07-26
ecadb88624954f0c844ee0a637891528d765713cbfbf1e586fd4696401bf95c0,新加坡旅遊單字.csv,106,booking,1,I made a booking online.,過去簡單式,S + V2 / V-ed,"[""made""]",0.97,2026-07-26
7b2ee85b1efda5474a32f867a3e769b3deaba0f624cd9b745655be9a84f75b45,新加坡旅遊單字.csv,106,booking,2,The booking is for two adults and three children.,現在簡單式,S + am / is / are + complement,"[""is""]",0.97,2026-07-26
d0a230de277b20b04d745846ee6d199e390c2061d0295abe536a078f7ab8f2e8,新加坡旅遊單字.csv,107,confirmation,1,Here is my booking confirmation.,現在簡單式,S + am / is / are + complement,"[""is""]",0.97,2026-07-26
8d97f8acfa460019c446a8fe6c0bd6e12523beb3360cee2faf02b8329b3d71ea,新加坡旅遊單字.csv,107,confirmation,2,I did not receive a confirmation email.,過去簡單式,S + did not + V1,"[""did not receive""]",0.97,2026-07-26
f1eb28a1f8a8851f2f284409a96441d9c18919017b231fb2442db45e5e8bc79e,新加坡旅遊單字.csv,108,passport,1,Here is my passport.,現在簡單式,S + am / is / are + complement,"[""is""]",0.97,2026-07-26
740024adc8b859c3f9e5ec3ee0f694a82ea2804dcdcbce5b2e2877f6a25f8558,新加坡旅遊單字.csv,108,passport,2,Do you need all five passports?,現在簡單式,Do / Does + S + V1,"[""Do""]",0.99,2026-07-26
f91ef6565c4ce7e6e5babd1ee2ec54184a8c447dd42892fa4f0a993d3a850809,新加坡旅遊單字.csv,109,check-in,1,We would like to check in.,特殊句型/需確認,S + would like + (to + V1),"[""would like""]",0.98,2026-07-26
d3edceadf72b7f761c36934b60fddbfb78ba07dbe79c3b02536fdb4ed648e252,新加坡旅遊單字.csv,109,check-in,2,What time does check-in start?,現在簡單式,Do / Does + S + V1,"[""does""]",0.99,2026-07-26
e28dce8224fb401f416ffc774a874a7f40402eec68975f7669838fe57138b359,新加坡旅遊單字.csv,110,check-out,1,What time is check-out?,現在簡單式,S + am / is / are + complement,"[""is check""]",0.97,2026-07-26
b6201254424e9738515567e29f265a9359b0900eaaaa991ae77a396e5d3c07fa,新加坡旅遊單字.csv,110,check-out,2,We would like to check out now.,特殊句型/需確認,S + would like + (to + V1),"[""would like""]",0.98,2026-07-26
4c4e86d57386060bbc25114b656f9b047358b4ffa3f78513e43eb787fa1f4e1d,新加坡旅遊單字.csv,111,early check-in,1,Is early check-in available?,現在簡單式,S + am / is / are + complement,"[""Is""]",0.97,2026-07-26
3ca8473b458db8286441b9864e8b0ebc803aa546f9a9316b7043ba2d8cae61a0,新加坡旅遊單字.csv,111,early check-in,2,We arrived early and need early check-in.,特殊句型/需確認,Mixed tense: past simple + present simple,"[""arrived"", ""need""]",0.88,2026-07-26
bbc13cf564448f7b77cead0d4a335a9e24748e8a2ffc3b8e2ba8499b51a14598,新加坡旅遊單字.csv,112,late check-out,1,Can we have late check-out?,特殊句型/需確認,Modal + S + V1,"[""Can""]",0.98,2026-07-26
b7ac221af479e67220f34ee36771da08649533dc8febc84bc7640107423165d3,新加坡旅遊單字.csv,112,late check-out,2,Is there an extra charge for late check-out?,現在簡單式,S + am / is / are + complement,"[""Is""]",0.97,2026-07-26
b35068deb3bc2dd2192c3fc23a16ac49cf2c53edad5dc5ad8907582ab1020305,新加坡旅遊單字.csv,113,room,1,Is our room ready?,現在簡單式,S + am / is / are + complement,"[""Is""]",0.97,2026-07-26
f7c43bd110f4a1abe8ead4e9e1a62f007d3fe1de8630da31a292af150b6f09e1,新加坡旅遊單字.csv,113,room,2,Our room is too small for five people.,現在簡單式,S + am / is / are + complement,"[""is""]",0.97,2026-07-26
a3cee3cf26ab5bc890464ab604fd80dd5e7681b2073fd35e59cd692496f26c9c,新加坡旅遊單字.csv,114,family room,1,Do you have a family room?,現在簡單式,Do / Does + S + V1,"[""Do""]",0.99,2026-07-26
57d41fdd1096bcbf950a9999d49f699dc11512219c42fd981cf004b92b82efd8,新加坡旅遊單字.csv,114,family room,2,We prefer a family room with two beds.,現在簡單式,S + V1 / V-s(es),"[""prefer""]",0.97,2026-07-26
2f63f1270cca1746d6e6a6a317815d39a6dfbfdef3a54152881991dd3efff8ed,新加坡旅遊單字.csv,115,connecting room,1,Can we book a connecting room for our family?,特殊句型/需確認,Modal + S + V1,"[""Can""]",0.98,2026-07-26
a13722f7852b4ea1b94d5b1c1c628af5b47a39beea68ac712171e48a65a7ef69,新加坡旅遊單字.csv,115,connecting room,2,Connecting rooms are better for our family.,現在簡單式,S + am / is / are + complement,"[""are""]",0.97,2026-07-26
785e306a1a6cfb313f1391a9e7d82e0745a74fec79c32d678cc762cb642d406a,新加坡旅遊單字.csv,116,twin room,1,We need a twin room.,現在簡單式,S + V1 / V-s(es),"[""need""]",0.97,2026-07-26
c804dda388680e524f767fd02fa1711599effd706131d3616b50dfe1a9b2fbcc,新加坡旅遊單字.csv,116,twin room,2,Does the twin room have two single beds?,現在簡單式,Do / Does + S + V1,"[""Does""]",0.99,2026-07-26
6fbdf571c935c379de9081e8a2a558ef1273d8692f72314ab81c8ce87ca8b84d,新加坡旅遊單字.csv,117,double room,1,We booked a double room.,過去簡單式,S + V2 / V-ed,"[""booked""]",0.97,2026-07-26
d4eeaf90151d092b3f285934b74344cf69439870c3d461c6ad6e3c9ef7bb6aa7,新加坡旅遊單字.csv,117,double room,2,Is the double room suitable for two adults?,現在簡單式,S + am / is / are + complement,"[""Is""]",0.97,2026-07-26
bfbb37d62abab0d5cfcb57d26e6836c981c9b555bd9e2b1bc1dab14dbbc45e00,新加坡旅遊單字.csv,118,extra bed,1,Can we add an extra bed?,特殊句型/需確認,Modal + S + V1,"[""Can""]",0.98,2026-07-26
eef5105e26f4d17a1edfd9a923314b0c7c03d7b1eaede73f3cca55bec3f49a65,新加坡旅遊單字.csv,118,extra bed,2,How much is an extra bed per night?,現在簡單式,S + am / is / are + complement,"[""is""]",0.97,2026-07-26
e6f83c7e94f38a50be75a982719dfd4be91a2582cd8a50c0187b430695ef2c13,新加坡旅遊單字.csv,119,crib,1,Do you have a crib?,現在簡單式,Do / Does + S + V1,"[""Do""]",0.99,2026-07-26
5065f1169f454aa163b36100d7770750149511282378a04614c9d6646dd3cb5d,新加坡旅遊單字.csv,119,crib,2,We do not need a crib for our children.,現在簡單式,S + do / does not + V1,"[""do not need""]",0.97,2026-07-26
a9b2207373efe48750be128973d0fa8bb7d389784c39a10991f2f18ece695a23,新加坡旅遊單字.csv,120,key card,1,My key card does not work.,現在簡單式,S + do / does not + V1,"[""does not work""]",0.97,2026-07-26
012c78b009bdfaf7ae8e21ea1ec387258adb334dc8e4a174f6edaa92a5f9b568,新加坡旅遊單字.csv,120,key card,2,Could you replace my key card?,特殊句型/需確認,Modal + S + V1,"[""Could""]",0.98,2026-07-26
e5158be2c653004c7269765ff57cec9dbda60bcda952c0b273b8cfca475498c5,新加坡旅遊單字.csv,121,room number,1,What is our room number?,現在簡單式,S + am / is / are + complement,"[""is""]",0.97,2026-07-26
b2532c7b0184392057a14d15e697ecdcf72027ac1f669348b29a25587de02301,新加坡旅遊單字.csv,121,room number,2,Please write down the room number.,特殊句型/需確認,(Please) + V1 + ...,"[""write""]",0.97,2026-07-26
2e969056bb9d926b033481a78e9a110e19bc32ff6f8b731ae281a657d92a84ee,新加坡旅遊單字.csv,122,floor,1,Which floor is our room on?,現在簡單式,S + am / is / are + complement,"[""is""]",0.97,2026-07-26
c206047e0b843e6e7dee451516dc8f9718966a6c5befcc9475be9beaa2b78171,新加坡旅遊單字.csv,122,floor,2,The breakfast area is on the third floor.,現在簡單式,S + am / is / are + complement,"[""is""]",0.97,2026-07-26
75985bf0f748b86444157dd45caf6b284e0818a92f3b34ea857091a122e31df7,新加坡旅遊單字.csv,123,elevator,1,Where is the elevator?,現在簡單式,S + am / is / are + complement,"[""is""]",0.97,2026-07-26
45c53662f0afa4c3fae78877e2496aadf47bfa8b6e6bcb6244616457ce8a92db,新加坡旅遊單字.csv,123,elevator,2,The elevator is too crowded for the stroller.,現在簡單式,S + am / is / are + past participle,"[""is too crowded""]",0.97,2026-07-26
b833762c76830282c9eef38630711a5e2a805933e9b57895d5d43807511b3420,新加坡旅遊單字.csv,124,stairs,1,Where are the stairs?,現在簡單式,S + am / is / are + complement,"[""are""]",0.97,2026-07-26
d9def79b0f3e94cbf6f54f71153bc4e08057323eb71e4c51b6ac76f7b4fc8760,新加坡旅遊單字.csv,124,stairs,2,We cannot use the stairs with luggage.,特殊句型/需確認,S + modal + V1,"[""cannot""]",0.98,2026-07-26
44e534216827ed6214ba71dcfd7d60560231c9f5a69e9f9a4ee12569920ff74d,新加坡旅遊單字.csv,125,luggage,1,Could we leave our luggage here?,特殊句型/需確認,Modal + S + V1,"[""Could""]",0.98,2026-07-26
db5c574bf358c5082a31ea977fc96307a58fa51008a41eca9dd26def11a14639,新加坡旅遊單字.csv,125,luggage,2,Where can we collect our luggage?,特殊句型/需確認,Modal + S + V1,"[""can""]",0.98,2026-07-26
3bdc3373ac89cceab55e5d9a47b5ddc6e84a5a9568a97c416189715b6ae60d62,新加坡旅遊單字.csv,126,luggage storage,1,Do you have luggage storage?,現在簡單式,Do / Does + S + V1,"[""Do""]",0.99,2026-07-26
5af2171f15580b96823388fe9285277fe01f2b75cff005b8da3635ec886c5667,新加坡旅遊單字.csv,126,luggage storage,2,We need luggage storage after check-out.,現在簡單式,S + V1 / V-s(es),"[""need""]",0.97,2026-07-26
d89ccaf23e655199e654bbead6d6000377896a742009588b62f572818dc6a0dc,新加坡旅遊單字.csv,127,porter,1,Could a porter help us with the luggage?,特殊句型/需確認,Modal + S + V1,"[""Could""]",0.98,2026-07-26
a4b53584fdd2b1b19f775b026d8e5991244d84ede08ffbf5e16b2f89bfd13c43,新加坡旅遊單字.csv,127,porter,2,The porter will bring your luggage to the room.,未來簡單式,S + will + V1,"[""will bring""]",0.99,2026-07-26
95ecabc4dbff97f5703b7deef5368e1e1177478e9ed04e8a2a780d548c930abc,新加坡旅遊單字.csv,128,housekeeping,1,Could you send housekeeping to our room?,特殊句型/需確認,Modal + S + V1,"[""Could""]",0.98,2026-07-26
0f24e6e9c5d6535963ef5d24609a66cdd2ed3912aaf3430edfba1ed08fd6d5fb,新加坡旅遊單字.csv,128,housekeeping,2,Housekeeping forgot to replace the towels.,過去簡單式,S + V2 / V-ed,"[""forgot""]",0.97,2026-07-26
a921404158ff7ccfc629f457f80d6af30ef48e80d0b3e2ed073b142285882d04,新加坡旅遊單字.csv,129,cleaning,1,Could you clean our room?,特殊句型/需確認,Modal + S + V1,"[""Could""]",0.98,2026-07-26
6e26aba72fa7fe60571ad9b2cb919f5f80e9218fe0bd420d406f023c070b18a9,新加坡旅遊單字.csv,129,cleaning,2,We do not need cleaning today.,現在簡單式,S + do / does not + V1,"[""do not need""]",0.97,2026-07-26
35e062f7bb590af417eba3589d47f3cb1a710c8cd95eb70f884702235dff5d6e,新加坡旅遊單字.csv,130,blanket,1,Could we have an extra blanket?,特殊句型/需確認,Modal + S + V1,"[""Could""]",0.98,2026-07-26
0f6ae24690f84c046cb43d47c00e17ff5d974bb63edfb8a651dd9d010019fee9,新加坡旅遊單字.csv,130,blanket,2,My child feels cold and needs a blanket.,現在簡單式,S + V1 / V-s(es),"[""needs""]",0.97,2026-07-26
b859679d8cf3b6ad4e7b77f69a2047b0fdcb823a3da1e257151968800f72786b,新加坡旅遊單字.csv,131,pillow,1,Could we have another pillow?,特殊句型/需確認,Modal + S + V1,"[""Could""]",0.98,2026-07-26
d3cc89921251026f72392781d44f14a9cd6fb840032d91a130c9d3f83329feba,新加坡旅遊單字.csv,131,pillow,2,This pillow is too high for my child.,現在簡單式,S + am / is / are + complement,"[""is""]",0.97,2026-07-26
e0fe9d770b839afd0f596172f3faec90c18d0d77e5d11e255ea26d37a2f18c39,新加坡旅遊單字.csv,132,toothbrush,1,Could we have a toothbrush for each child?,特殊句型/需確認,Modal + S + V1,"[""Could""]",0.98,2026-07-26
1ccfcf17c188036ccffa9dc82cdee59e6e1819fc3418bd665e5677b8ccf579c1,新加坡旅遊單字.csv,132,toothbrush,2,We need five toothbrushes.,現在簡單式,S + V1 / V-s(es),"[""need""]",0.97,2026-07-26
97f818f628d41d9d302a53d66f21e0d60ed157af7977719d110746b0da5dbcb2,新加坡旅遊單字.csv,133,toothpaste,1,Do you provide toothpaste?,現在簡單式,Do / Does + S + V1,"[""Do""]",0.99,2026-07-26
9b5ba4bb11c5a06cf1eb238a0da4863ceeea6143440425c50c2558a63f5becae,新加坡旅遊單字.csv,133,toothpaste,2,We forgot to bring toothpaste.,過去簡單式,S + V2 / V-ed,"[""forgot""]",0.97,2026-07-26
e3ea9ca27f9c3b8b54bc98d7e24f3b6d69ed6691d52551eb81ee1ac32eeb1429,新加坡旅遊單字.csv,134,shampoo,1,We need more shampoo.,現在簡單式,S + V1 / V-s(es),"[""need""]",0.97,2026-07-26
582555b8bee4a9b498297bdd666156c0c8f4531b05bf4c89d02b8967a7357e5a,新加坡旅遊單字.csv,134,shampoo,2,Is the shampoo in the bathroom free?,現在簡單式,S + am / is / are + complement,"[""Is""]",0.97,2026-07-26
59d2be0e9deae8f1810adc7524c2082ee569e3708ef47b91aec88eb736e9bd77,新加坡旅遊單字.csv,135,body wash,1,Could we have more body wash?,特殊句型/需確認,Modal + S + V1,"[""Could""]",0.98,2026-07-26
0befe4daf8495e82a21325633e9452dc763c3e9eb619f99a64f0a8779788e1f8,新加坡旅遊單字.csv,135,body wash,2,The body wash bottle is empty.,現在簡單式,S + am / is / are + complement,"[""is""]",0.97,2026-07-26
c54f34de563a5a91ae23acff4816c44c62926e0eb86bc067f19d15d5f85a55ef,新加坡旅遊單字.csv,136,hair dryer,1,Is there a hair dryer in the room?,現在簡單式,S + am / is / are + complement,"[""Is""]",0.97,2026-07-26
b06bd2e63844646adee0b8b6de3c16a71b6c394c82330f7b36cf966f72814ad7,新加坡旅遊單字.csv,136,hair dryer,2,The hair dryer is not working.,現在進行式,S + am / is / are + V-ing,"[""is not working""]",0.99,2026-07-26
6b3d64428799049da79581da192dc0914aa411dd02e2ae4955a4698f32f879dc,新加坡旅遊單字.csv,137,air conditioner,1,The air conditioner is not working.,現在進行式,S + am / is / are + V-ing,"[""is not working""]",0.99,2026-07-26
1ff0c8bdc526e5e7e1ab6e453ba99a1f71f90b843ae6c101de866168cbc70b9c,新加坡旅遊單字.csv,137,air conditioner,2,Could you adjust the air conditioner?,特殊句型/需確認,Modal + S + V1,"[""Could""]",0.98,2026-07-26
147fa8bd9725dccc08101fd74ece10e6c301ded077acc6cb0c2912093093eaa9,新加坡旅遊單字.csv,138,hot water,1,There is no hot water.,現在簡單式,S + am / is / are + complement,"[""is""]",0.97,2026-07-26
8ac88be87607d6f4121703802024ec5da612f0bdbbc232d6c03e4eed1484a957,新加坡旅遊單字.csv,138,hot water,2,The hot water is not warm enough.,現在簡單式,S + am / is / are + complement,"[""is not""]",0.97,2026-07-26
ceaf6013de4510ad4a9a11801e4fd31b06d7157956444f0b8dc8d0b0d62c2d23,新加坡旅遊單字.csv,139,shower,1,The shower is leaking.,現在進行式,S + am / is / are + V-ing,"[""is leaking""]",0.99,2026-07-26
594917a7e73753a4f9429044eb4c3ebc63c7d7e48e985bbb352d6f016c7a923a,新加坡旅遊單字.csv,139,shower,2,The shower water pressure is weak.,現在簡單式,S + am / is / are + complement,"[""is""]",0.97,2026-07-26
706616b3e8f4d00d9ee4d7dfb95b880a58f9fc5e1b50b15cbdf28303b74ade69,新加坡旅遊單字.csv,140,toilet,1,The toilet is blocked.,現在簡單式,S + am / is / are + complement,"[""is""]",0.97,2026-07-26
f8bf89cab162caba10ce673019970f31312f375b32a7fe4fc93c1f9cf9442691,新加坡旅遊單字.csv,140,toilet,2,Could you send someone to fix the toilet?,特殊句型/需確認,Modal + S + V1,"[""Could""]",0.98,2026-07-26
cefaecf1f1316b5f210371ac662fa1dd8957602619d391da5302eb29dc2e2e78,新加坡旅遊單字.csv,141,sink,1,The sink is clogged.,現在簡單式,S + am / is / are + complement,"[""is""]",0.97,2026-07-26
770fe79b0a318bc89813c195adec12e420fb03da1cc409243b09c279a402e308,新加坡旅遊單字.csv,141,sink,2,The sink is leaking under the counter.,現在進行式,S + am / is / are + V-ing,"[""is leaking""]",0.99,2026-07-26
db8856025482dceb6d54c9f08d9bdb5083baf6e696dbd5906b7b6b82eae16e23,新加坡旅遊單字.csv,142,safe,1,Is there a safe in the room?,現在簡單式,S + am / is / are + complement,"[""Is""]",0.97,2026-07-26
77793637ab4135b487a78456927c486ce9f01045bda219f8c57ef8db45b1d62a,新加坡旅遊單字.csv,142,safe,2,I cannot open the safe.,特殊句型/需確認,S + modal + V1,"[""cannot""]",0.98,2026-07-26
11d693ed1b346b9d00077e5a70beffe756509298ddd620195a77b856bf4b29d3,新加坡旅遊單字.csv,143,Wi-Fi,1,What is the Wi-Fi password?,現在簡單式,S + am / is / are + complement,"[""is""]",0.97,2026-07-26
82cbb34b21e582cbc95f2f40f223999cb2a997a33b7ea58c0fb9b3983e90d059,新加坡旅遊單字.csv,143,Wi-Fi,2,The Wi-Fi is slow in our room.,現在簡單式,S + am / is / are + complement,"[""is""]",0.97,2026-07-26
139f644de7ea29b28d3ab2dc26d1113b4893c79276174b45db848709e3d8b8e2,新加坡旅遊單字.csv,144,password,1,Could you write down the password?,特殊句型/需確認,Modal + S + V1,"[""Could""]",0.98,2026-07-26
18309a4815bb230eafdc30603eb46c2f02a0476f2d9ac49638c20746baa339dd,新加坡旅遊單字.csv,144,password,2,The password does not work.,現在簡單式,S + do / does not + V1,"[""does not work""]",0.97,2026-07-26
b46fc55f333bc90425c953cb1f90fa7a4b519d57e66fa7c54152e65ad6440ee2,新加坡旅遊單字.csv,145,charger,1,I forgot my charger.,過去簡單式,S + V2 / V-ed,"[""forgot""]",0.97,2026-07-26
bfdebf1b8c54da528f6856ea4da18e572db5bccde598522917789746e91b7f45,新加坡旅遊單字.csv,145,charger,2,Do you have a phone charger I can borrow?,特殊句型/需確認,S + modal + V1,"[""can borrow""]",0.98,2026-07-26
57bebf9746605d40275c71daf596b6e315dab6a84d9931e8a1fdb3d4e523babf,新加坡旅遊單字.csv,146,adapter,1,Do you have a travel adapter?,現在簡單式,Do / Does + S + V1,"[""Do""]",0.99,2026-07-26
e2a4ee4ddf017bb789bfee2fba7b57d5a74d48b04b61630ed9c31b23b6aa0769,新加坡旅遊單字.csv,146,adapter,2,We need an adapter for Singapore outlets.,現在簡單式,S + V1 / V-s(es),"[""need""]",0.97,2026-07-26
a90d19ec6a7763c682eacb02e093d680caa281df4fe4e7175d123c18c7e7e1ba,新加坡旅遊單字.csv,147,breakfast,1,What time does breakfast start?,現在簡單式,Do / Does + S + V1,"[""does""]",0.99,2026-07-26
206851bb1bdc52c14a9e1092f6e631237ed0400164fdb34c320e73119a9b927c,新加坡旅遊單字.csv,147,breakfast,2,Is breakfast included in our booking?,現在簡單式,S + am / is / are + complement,"[""Is""]",0.97,2026-07-26
42ab48aebbfc4837dc98c6e4066483ba36b48e23a2c48ce4da07d42ad966f5b9,新加坡旅遊單字.csv,148,shuttle bus,1,Do you have a shuttle bus to the airport?,現在簡單式,Do / Does + S + V1,"[""Do""]",0.99,2026-07-26
85766e76914013b9585f7292429537c4f3d5baa4a707dcb8971be60c4ae09cf7,新加坡旅遊單字.csv,148,shuttle bus,2,What time does the shuttle bus leave?,現在簡單式,Do / Does + S + V1,"[""does""]",0.99,2026-07-26
4aedd20074fe359e892438f194f59e2f976eabd89b08376161a6ba498659b7c4,新加坡旅遊單字.csv,149,taxi,1,Could you help us call a taxi?,特殊句型/需確認,Modal + S + V1,"[""Could""]",0.98,2026-07-26
0078263b447c18badd91b08fd0c8513d8539dbcebf051335d5c4dc350d2ec1bd,新加坡旅遊單字.csv,149,taxi,2,Where is the taxi stand?,現在簡單式,S + am / is / are + complement,"[""is""]",0.97,2026-07-26
d4f68bed68872b6bbc8b3b59135eeb1e0d2ce7af06d2d7b44b3af78a7e3ae2d1,新加坡旅遊單字.csv,150,airport,1,We are going to the airport.,現在進行式,S + am / is / are + V-ing,"[""are going""]",0.99,2026-07-26
46954b3f77a19e9e0643ec2274974d04af55826d4877bd764a5b03af10e6f4ea,新加坡旅遊單字.csv,150,airport,2,How long does it take to get to the airport?,現在簡單式,Do / Does + S + V1,"[""does""]",0.99,2026-07-26
509b62cb2a3faa073e2bfc63cc83a7c57e5b759b0c5a686c22da8a62b8150415,新加坡旅遊單字.csv,151,terminal,1,Which terminal is our flight in?,現在簡單式,S + am / is / are + complement,"[""is""]",0.97,2026-07-26
1d19716090581ef4717eefbc6d004df999ffbe10e269ae0d9b2f459d251043f9,新加坡旅遊單字.csv,151,terminal,2,We need to go to Terminal 3.,現在簡單式,S + V1 / V-s(es),"[""need""]",0.97,2026-07-26
ff95eb5c07154f9ac81bcdc7756ad3774775b805f466ab498ca6e84d199ff6b7,新加坡旅遊單字.csv,152,flight,1,Our flight is at 2 p.m.,現在簡單式,S + am / is / are + complement,"[""is""]",0.97,2026-07-26
54f535d0a7ff0bc931d3798cce7ccc09ed518bc436ae52aefe266b1d4fa1e05e,新加坡旅遊單字.csv,152,flight,2,Is our flight on time?,現在簡單式,S + am / is / are + complement,"[""Is""]",0.97,2026-07-26
fa258d5517f440f7358fe3c2f428c1a92867604a72343e7b79d2c8c44ff795bd,新加坡旅遊單字.csv,153,airline,1,Which airline are you flying with?,現在簡單式,S + am / is / are + complement,"[""are""]",0.97,2026-07-26
b23a7bf1879353bbcd8c55b6d393e7b91b0b78e0f883bd49aced480615078060,新加坡旅遊單字.csv,153,airline,2,Our airline allows online check-in.,現在簡單式,S + V1 / V-s(es),"[""allows""]",0.97,2026-07-26
a297e2df45d5f5cce99d79962f6b00daf5fbd6da5e305606995db2c33ac548b7,新加坡旅遊單字.csv,154,check-in counter,1,Where is the check-in counter?,現在簡單式,S + am / is / are + complement,"[""is""]",0.97,2026-07-26
da46586a40e30fb4977e1f9dc76bb5aefd4a5cf4e1e7cdae27453194e719dc6f,新加坡旅遊單字.csv,154,check-in counter,2,The check-in counter is not open yet.,現在簡單式,S + am / is / are + past participle,"[""is not open""]",0.97,2026-07-26
8d2d759fcd6485af129771f21a6785dbd5d3baf500f1055cd35e292cb92c6990,新加坡旅遊單字.csv,155,boarding pass,1,May I see your boarding pass?,特殊句型/需確認,Modal + S + V1,"[""May""]",0.98,2026-07-26
d3b039b28c7c4990bc8422a312bffb45acb48511d4052444b90697b34c3c1534,新加坡旅遊單字.csv,155,boarding pass,2,I lost my boarding pass.,過去簡單式,S + V2 / V-ed,"[""lost""]",0.97,2026-07-26
c5306be92fd4d18e8dafaa1bf5ad6b7ef5e2a1dc3c8ee4a8fb6072203184795a,新加坡旅遊單字.csv,156,gate,1,Which gate should we go to?,特殊句型/需確認,S + modal + V1,"[""should""]",0.98,2026-07-26
7d4f69e103fd6403bdd40c09405b71a0bc512f8894a49d94fa0a77ca5d9ee7ec,新加坡旅遊單字.csv,156,gate,2,The gate has changed.,現在完成式,S + has / have + past participle,"[""has changed""]",0.99,2026-07-26
423e76a60dcaa0c6c36fee0c32b3ee228006d1705fd07d7cf5bafe53960653c5,新加坡旅遊單字.csv,157,boarding time,1,What is the boarding time?,現在簡單式,S + am / is / are + complement,"[""is""]",0.97,2026-07-26
b258f79eb2606d2b8b9de2691a3205bacc8253ee56534bda949cf69b35df747a,新加坡旅遊單字.csv,157,boarding time,2,Please arrive before boarding time.,特殊句型/需確認,(Please) + V1 + ...,"[""arrive""]",0.97,2026-07-26
e73ae9c170de536acc4083cf7095d2c997afd4947d4bd13b22b429e5ade7addb,新加坡旅遊單字.csv,158,departure,1,Where is the departure hall?,現在簡單式,S + am / is / are + complement,"[""is""]",0.97,2026-07-26
273ea11c5b910b3b60b523c060b00d5340730e9cc277c590c349309610c6f3a6,新加坡旅遊單字.csv,158,departure,2,Our departure time is 2 p.m.,現在簡單式,S + am / is / are + complement,"[""is""]",0.97,2026-07-26
f348f9dbd238305b8c3eafdf157563be560ee7f037ce21d3dbf51cab670dad80,新加坡旅遊單字.csv,159,arrival,1,Where is the arrival hall?,現在簡單式,S + am / is / are + complement,"[""is""]",0.97,2026-07-26
aa7944447ee7e2e71e8671261b272ce0db0e434ee3543a9392de2fdc8305b7ea,新加坡旅遊單字.csv,159,arrival,2,The arrival area is crowded.,現在簡單式,S + am / is / are + complement,"[""is""]",0.97,2026-07-26
e808fb088d0b15a45ddfb7740a1e961e33b70f2c220844a2d246f98dd9afed06,新加坡旅遊單字.csv,160,baggage claim,1,Where is the baggage claim area?,現在簡單式,S + am / is / are + complement,"[""is""]",0.97,2026-07-26
14fc16ed930c880c51aba75bc080c615bdd696d12ca612c1ffe70909d29d7fe1,新加坡旅遊單字.csv,160,baggage claim,2,We are waiting at baggage claim.,現在進行式,S + am / is / are + V-ing,"[""are waiting""]",0.99,2026-07-26
bab6a44bc04da1bd67fa3fd79590794817d813e22ad803e71ba9c90d0b021600,新加坡旅遊單字.csv,161,stroller,1,Can we bring the stroller to the gate?,特殊句型/需確認,Modal + S + V1,"[""Can""]",0.98,2026-07-26
e97533049858f1ff3a73eec8640447a061f43e394711698535925030b3f93e49,新加坡旅遊單字.csv,161,stroller,2,Where can we rent a stroller?,特殊句型/需確認,Modal + S + V1,"[""can""]",0.98,2026-07-26
80333335388196d95cfc0f2f11b9f1a388f5018da114bd2e6e754e7768868208,新加坡旅遊單字.csv,162,security check,1,Where is the security check?,現在簡單式,S + am / is / are + complement,"[""is""]",0.97,2026-07-26
cd29d7fdc6871dcb97240a05e4faa9abf6519dafbd1d2b0f245e9e1d40d08893,新加坡旅遊單字.csv,162,security check,2,We need to go through security check first.,現在簡單式,S + V1 / V-s(es),"[""need""]",0.97,2026-07-26
e1eb51752e4fa0356392f9ae747ff80c92996172557be6792fe657f83fbb19b9,新加坡旅遊單字.csv,163,immigration,1,We need to go through immigration.,現在簡單式,S + V1 / V-s(es),"[""need""]",0.97,2026-07-26
b51973b6dcf7a487b93c5e1122fd73eec949cd14961c5484a51dcf71a1b4214e,新加坡旅遊單字.csv,163,immigration,2,Is this the line for immigration?,現在簡單式,S + am / is / are + complement,"[""Is""]",0.97,2026-07-26
547f754ee47606705e479b9e9f254cc181e71808647f70d4c78d1b94bb656e82,新加坡旅遊單字.csv,164,passport control,1,Where is passport control?,現在簡單式,S + am / is / are + complement,"[""is""]",0.97,2026-07-26
8c3576f6ec917abc6bbd8423afb32232c8a9898e4e7767dba551fdf230768709,新加坡旅遊單字.csv,164,passport control,2,Please follow the signs to passport control.,特殊句型/需確認,(Please) + V1 + ...,"[""follow""]",0.97,2026-07-26
4700f4b6ccc7c458ba53becf54774ca1912ab54409da909d374c9ec8de8437db,新加坡旅遊單字.csv,165,taxi stand,1,Please take us to this hotel.,特殊句型/需確認,(Please) + V1 + ...,"[""take""]",0.97,2026-07-26
b46584e02ee85efdbd325ae703c3607063833746b1f81454903c31c1c8466d4d,新加坡旅遊單字.csv,165,taxi stand,2,The taxi stand is outside the terminal.,現在簡單式,S + am / is / are + complement,"[""is""]",0.97,2026-07-26
9752bd7e621aca7935acb4b315bfb1c218da977e95c2e16a0c2418661be3c3ee,新加坡旅遊單字.csv,166,ride-hailing,1,Can we use a ride-hailing app here?,特殊句型/需確認,Modal + S + V1,"[""Can""]",0.98,2026-07-26
21a50162cf37e93f90737137f8bac8c6fc7bc960f605205285e2625d62b3dfe8,新加坡旅遊單字.csv,166,ride-hailing,2,Ride-hailing may be cheaper than a taxi.,特殊句型/需確認,S + modal + V1,"[""may be""]",0.98,2026-07-26
a34d7f102b2d6808fc084853fb2d44d798a53bd2fda65864e2b7e2c83a3ba264,新加坡旅遊單字.csv,167,driver,1,Could you tell the driver this address?,特殊句型/需確認,Modal + S + V1,"[""Could""]",0.98,2026-07-26
4e2fdf711ae962c751a53947318cca5d594b733c3d65a40aaefbb6d2d58959f4,新加坡旅遊單字.csv,167,driver,2,The driver is waiting at the entrance.,現在進行式,S + am / is / are + V-ing,"[""is waiting""]",0.99,2026-07-26
8f104a98218dd1db71377191378077443afc7b6f0a799df677dc91662806fa30,新加坡旅遊單字.csv,168,address,1,This is our hotel address.,現在簡單式,S + am / is / are + complement,"[""is""]",0.97,2026-07-26
63667fa8d5214e97df916cd9a7ebb9466ff5050e533b853a18b4da0ba839c5b8,新加坡旅遊單字.csv,168,address,2,Could you write the address in English?,特殊句型/需確認,Modal + S + V1,"[""Could""]",0.98,2026-07-26
94cb446de2af9c833e95a868c4946f6cf0318655369dbbcf2cd1eb5ec3fc3ad3,新加坡旅遊單字.csv,169,fare,1,How much is the fare?,現在簡單式,S + am / is / are + complement,"[""is""]",0.97,2026-07-26
645644e8387668ce3f18fb82f01a6c6943668d204bd93ea811af89614016f369,新加坡旅遊單字.csv,169,fare,2,Is the child fare cheaper?,現在簡單式,S + am / is / are + complement,"[""Is""]",0.97,2026-07-26
225c735dd703d0f86fdf0989909a5ee51f92f53e67a8a6a27322340170f06c94,新加坡旅遊單字.csv,170,meter,1,Please use the meter.,特殊句型/需確認,(Please) + V1 + ...,"[""use""]",0.97,2026-07-26
9c9fe0b401888816b1c61e717f2fb639660a4560756627213e3f271c57351ac5,新加坡旅遊單字.csv,170,meter,2,Is the taxi meter running?,現在簡單式,S + am / is / are + complement,"[""Is""]",0.97,2026-07-26
892f26627c2fc60e65b8cf728c52422076173c3282056975150a044b54644654,新加坡旅遊單字.csv,171,traffic,1,Is the traffic heavy now?,現在簡單式,S + am / is / are + complement,"[""Is""]",0.97,2026-07-26
dd0aece9d87d8ba17708f9a6dd2a8d1a359ee96063b2299ce95e2d3fb5b871ee,新加坡旅遊單字.csv,171,traffic,2,Traffic is lighter in the morning.,現在簡單式,S + am / is / are + complement,"[""is""]",0.97,2026-07-26
ba4a5b520a217e7f14768f6a8ba2aa09b2c788bb99a78d837fc77160881cde60,新加坡旅遊單字.csv,172,traffic jam,1,There is a traffic jam.,現在簡單式,S + am / is / are + complement,"[""is""]",0.97,2026-07-26
3757c7466c19c87576ad3dabc9cdc4e3792171ec336bffe0d1bf1254a6952c18,新加坡旅遊單字.csv,172,traffic jam,2,We may be late because of a traffic jam.,特殊句型/需確認,S + modal + V1,"[""may be late""]",0.98,2026-07-26
00cdd9a9fc4b80d43f4cf0ade296624abb2d7d54af6c4cc22699112d493ba58a,新加坡旅遊單字.csv,173,MRT,1,Which MRT line should we take?,特殊句型/需確認,S + modal + V1,"[""should""]",0.98,2026-07-26
0e89a65cc7f093ebebf0fed075240b1143edf365fa46101612b784a6cf1c16de,新加坡旅遊單字.csv,173,MRT,2,Can we use a credit card on the MRT?,特殊句型/需確認,Modal + S + V1,"[""Can""]",0.98,2026-07-26
ae635106a96729cf35559309a40f88d2f9988a0729af6b7e58fbddcb02775cd8,新加坡旅遊單字.csv,174,station,1,Which station should we get off at?,特殊句型/需確認,S + modal + V1,"[""should""]",0.98,2026-07-26
7d809df4691588d3f970ed00bd96a4c3c88d34573db5311634db0ee51193c2ef,新加坡旅遊單字.csv,174,station,2,The station is close to our hotel.,現在簡單式,S + am / is / are + complement,"[""is""]",0.97,2026-07-26
82b1cb594233653b2caaff0eda024f28fc97d2ea6e233553e99527bf0c24d0c8,新加坡旅遊單字.csv,175,line,1,Is this the correct line?,現在簡單式,S + am / is / are + complement,"[""Is""]",0.97,2026-07-26
cbf079edee735c09ed95a85fa468cb4bc2b6fb05696e1eb86fd45e1afa5b9a5c,新加坡旅遊單字.csv,175,line,2,We need to change to the Downtown Line.,現在簡單式,S + V1 / V-s(es),"[""need""]",0.97,2026-07-26
a17962e8abee2489d8182704f31286581e7fcf40cdc86560e33defd6c3e75203,新加坡旅遊單字.csv,176,platform,1,Which platform should we go to?,特殊句型/需確認,S + modal + V1,"[""should""]",0.98,2026-07-26
6240b761864bd52d58011e8f0ff4f75b087bb4c2c9473dd35850c1883e5cbd23,新加坡旅遊單字.csv,176,platform,2,The train leaves from platform two.,現在簡單式,S + V1 / V-s(es),"[""leaves""]",0.97,2026-07-26
4ad7dddf7a883cb9b2330e9b17a7e3859c614329b4ec718a05ceedb5b98e46ac,新加坡旅遊單字.csv,177,train,1,Is this train going to Chinatown?,現在簡單式,S + am / is / are + complement,"[""Is""]",0.97,2026-07-26
0e156d0e1555ecefc903c9236f9981e8991828ecb8a7a02c37cf1ccc75208961,新加坡旅遊單字.csv,177,train,2,The next train arrives in three minutes.,現在簡單式,S + V1 / V-s(es),"[""arrives""]",0.97,2026-07-26
ad8e7535a38c0d234485c876ec1423835ed4b0ff59dacf847b32bdce08827776,新加坡旅遊單字.csv,178,public bus,1,Is this the public bus to the zoo?,現在簡單式,S + am / is / are + complement,"[""Is""]",0.97,2026-07-26
e9ee17612c70ea6878f877eb5623e12d60616de08e7492910fead4116c49af95,新加坡旅遊單字.csv,178,public bus,2,We need to take a public bus after the MRT.,現在簡單式,S + V1 / V-s(es),"[""need""]",0.97,2026-07-26
a25eb7aa8afdb0da94ad7ff59d53e41211e4d9f690cebd195ac561fcbc5882d2,新加坡旅遊單字.csv,179,bus stop,1,Where is the nearest bus stop?,現在簡單式,S + am / is / are + complement,"[""is""]",0.97,2026-07-26
7382ad853ab0233eff1a4ffeac1ce002dbd0ab867e0f4ee2fe2c81b9f0781c12,新加坡旅遊單字.csv,179,bus stop,2,The bus stop is across the street.,現在簡單式,S + am / is / are + complement,"[""is""]",0.97,2026-07-26
8b77c808bc453981da67e78acb439a09ba3770719b488e14cbac7b080fd31e1b,新加坡旅遊單字.csv,180,transfer,1,Where should we transfer?,特殊句型/需確認,Modal + S + V1,"[""should""]",0.98,2026-07-26
544709745afb65516a422259b1ad42147eb71b2753530f3c6aa9f94a06b12483,新加坡旅遊單字.csv,180,transfer,2,We need to transfer at Dhoby Ghaut.,現在簡單式,S + V1 / V-s(es),"[""need""]",0.97,2026-07-26
13f66f10d75742746e76788c69672167fe7f1cc7cd1c9253304d4223e24872e8,新加坡旅遊單字.csv,181,direction,1,Are we going in the right direction?,現在簡單式,S + am / is / are + complement,"[""Are""]",0.97,2026-07-26
c110155c202344e9f43f86d5a79e2b6e65d1c66aa626301ca94679de72daa24a,新加坡旅遊單字.csv,181,direction,2,Please point us in the right direction.,特殊句型/需確認,(Please) + V1 + ...,"[""point""]",0.97,2026-07-26
e50423f1bf6a7db0696cc2049cdafa0234b64dec8f89910c27f8a564530f14c0,新加坡旅遊單字.csv,182,map,1,Could you show me on the map?,特殊句型/需確認,Modal + S + V1,"[""Could""]",0.98,2026-07-26
0086143f696a9355d67bc732c3b3bf5d022fc771d26c4ba85f1338464e67539a,新加坡旅遊單字.csv,182,map,2,I downloaded the map before the trip.,過去簡單式,S + V2 / V-ed,"[""downloaded""]",0.97,2026-07-26
440ac9837f0a35f0ca40e9164f4d46382cb8ffbf88b4f40129a3f1d81ef67785,新加坡旅遊單字.csv,183,route,1,What is the fastest route?,現在簡單式,S + am / is / are + complement,"[""is""]",0.97,2026-07-26
f1ac33f3f30f4c0d5923a474de0b0726870e0fa4fc4122333b1eab55651e10e8,新加坡旅遊單字.csv,183,route,2,This route has fewer transfers.,現在簡單式,S + V1 / V-s(es),"[""transfers""]",0.97,2026-07-26
3ac3b5baed6abed0f3a922f5a98b0e1b4cea85d8ab99dc9c5ae2bb1f0c423a10,新加坡旅遊單字.csv,184,ticket,1,I need a ticket for the show.,現在簡單式,S + V1 / V-s(es),"[""need""]",0.97,2026-07-26
c275c27a4d7bb7fb366a5daf91b0a08882115bcd28e1a80876e50b8837e8d059,新加坡旅遊單字.csv,184,ticket,2,Do children need tickets?,現在簡單式,Do / Does + S + V1,"[""Do""]",0.99,2026-07-26
285d3664e30b4038419a8bcf825ea77d83779b6cbfa9be67176f8c4e154bbf91,新加坡旅遊單字.csv,185,ticket machine,1,How do I use this ticket machine?,現在簡單式,Do / Does + S + V1,"[""do""]",0.99,2026-07-26
4da3f9d2f6a9d503817804edcbd19007e788fd5d62fc0353ac8d1b7942514e13,新加坡旅遊單字.csv,185,ticket machine,2,The ticket machine accepts cards.,現在簡單式,S + V1 / V-s(es),"[""accepts""]",0.97,2026-07-26
a784c87dbdeb2cc4276c624af72c1e5308e8e8daeed68ee2e64d5a4b0c10179a,新加坡旅遊單字.csv,186,ticket counter,1,Where is the ticket counter?,現在簡單式,S + am / is / are + complement,"[""is""]",0.97,2026-07-26
1791451d8bfa1d32b54a3024fcfd26ed67151506395fbe2008d61627280dc14c,新加坡旅遊單字.csv,186,ticket counter,2,Please buy the zoo tickets at the ticket counter.,特殊句型/需確認,(Please) + V1 + ...,"[""buy""]",0.97,2026-07-26
215ec03b6f128ccbf6b03c42b3145ea2337810916fe58d27e782659a255ee647,新加坡旅遊單字.csv,187,one-way ticket,1,I need five one-way tickets.,現在簡單式,S + V1 / V-s(es),"[""need""]",0.97,2026-07-26
adbe124a59ea4234ca8935d25979ca3d3e7ac9200ca368869f2a0dcae212475e,新加坡旅遊單字.csv,187,one-way ticket,2,Is a one-way ticket enough for this route?,現在簡單式,S + am / is / are + complement,"[""Is""]",0.97,2026-07-26
a7cc98564784ccb453ba7a88d3ed1d6d6c6f34a38ddc240669bd0cc929bde0b5,新加坡旅遊單字.csv,188,round-trip ticket,1,Do you sell round-trip tickets?,現在簡單式,Do / Does + S + V1,"[""Do""]",0.99,2026-07-26
131a042ff0ab6651410727e33e925eaead830adaeeba22eb9b53eaaa289db177,新加坡旅遊單字.csv,188,round-trip ticket,2,A round-trip ticket may be cheaper.,特殊句型/需確認,S + modal + V1,"[""may be""]",0.98,2026-07-26
0424495f5e47d4a6c7fcca4518e80eee43ac990444e4dc2dad8b7cf21360deae,新加坡旅遊單字.csv,189,entrance,1,Where is the entrance?,現在簡單式,S + am / is / are + complement,"[""is""]",0.97,2026-07-26
4d231b35512183d2bf7fe2c210dde4eaa9047b166374727cdfa2bf9718c91cea,新加坡旅遊單字.csv,189,entrance,2,The stroller entrance is on the left.,現在簡單式,S + am / is / are + complement,"[""is""]",0.97,2026-07-26
b602b92d39a89095dd69a6984525a5011ffb934d22586a4630988b9675b197ee,新加坡旅遊單字.csv,190,exit,1,Where is the exit?,現在簡單式,S + am / is / are + complement,"[""is""]",0.97,2026-07-26
1016b42f499ead073f1a16bbf5c533df9e037f48c46e4cff793535c16dabe40f,新加坡旅遊單字.csv,190,exit,2,Please meet us near the exit.,特殊句型/需確認,(Please) + V1 + ...,"[""meet""]",0.97,2026-07-26
956e937e85769b45d409bb34a3cbaabcadea308a9485025db0cbc138e968f3d5,新加坡旅遊單字.csv,191,restroom,1,Where is the nearest restroom?,現在簡單式,S + am / is / are + complement,"[""is""]",0.97,2026-07-26
25f75d13b292f3b58736c58153d41cbd39a1522274e13d339adf67e2aa3b8b47,新加坡旅遊單字.csv,191,restroom,2,My child needs the restroom now.,現在簡單式,S + V1 / V-s(es),"[""needs""]",0.97,2026-07-26
2583842f3955cb34e05dcac267cfaa1fd518deb7b43824f657ae97266d812a56,新加坡旅遊單字.csv,192,lift,1,Is there a lift nearby?,現在簡單式,S + am / is / are + complement,"[""Is""]",0.97,2026-07-26
15ab61a82452edfed7c3916fc0201fe73b462d74c921b4089ba2eedbe7e9b0cd,新加坡旅遊單字.csv,192,lift,2,We need an elevator because we have a stroller.,現在簡單式,S + V1 / V-s(es),"[""need""]",0.97,2026-07-26
0e4e8fcfcf25358eae0c0905612405727a143d8e21d2b293ac17cc3544316352,新加坡旅遊單字.csv,193,escalator,1,Please hold the handrail on the escalator.,特殊句型/需確認,(Please) + V1 + ...,"[""hold""]",0.97,2026-07-26
f2b8aaa311362ea62d909005b8ea00c2c0f79e22609300d6c0f475ab1852ec89,新加坡旅遊單字.csv,193,escalator,2,Where is the nearest escalator?,現在簡單式,S + am / is / are + complement,"[""is""]",0.97,2026-07-26
3f23e9b319f2d714781afd25fd30d25085f43e29a52b5fabf79b3c4c855814ef,新加坡旅遊單字.csv,194,lost,1,We are lost. Could you help us?,特殊句型/需確認,S + modal + V1,"[""Could""]",0.98,2026-07-26
31cac1c00d9fd71cc6513297f331a6e4b6c7a91baf99961ae85e194f5696133f,新加坡旅遊單字.csv,194,lost,2,My child is lost. Please help me.,特殊句型/需確認,(Please) + V1 + ...,"[""help""]",0.97,2026-07-26
1d7111ea593c77597f85225753f20f20cb72f2891ee87f516b5350523cdd945a,新加坡旅遊單字.csv,195,emergency,1,This is an emergency.,現在簡單式,S + am / is / are + complement,"[""is""]",0.97,2026-07-26
0a62ee0066fabd86aa21e95762477ef09f8f265d62dc6eea4f10c5c768ca3553,新加坡旅遊單字.csv,195,emergency,2,Where is the emergency exit?,現在簡單式,S + am / is / are + complement,"[""is""]",0.97,2026-07-26
45ab2a9fb9b9cc353f247ab20d27ec5c81983873fcc0fa5958a6c50593f4b0cb,新加坡旅遊單字.csv,196,medical help,1,We need medical help for my child.,現在簡單式,S + V1 / V-s(es),"[""need""]",0.97,2026-07-26
6c73eea11eaae39ea11a525b03225aecee4aab3199085d1baa27b4a19e0e39cf,新加坡旅遊單字.csv,196,medical help,2,Where can we get medical help nearby?,特殊句型/需確認,Modal + S + V1,"[""can""]",0.98,2026-07-26
dc99925150f4ac4fb4a89b848d4f97fff6964b3e7a72dddc1d84fdada828d528,複合材質航電環.csv,6,design scope,1,The design scope is limited to conductive materials and standard fasteners.,現在簡單式,S + am / is / are + past participle,"[""is limited""]",0.97,2026-07-26
acff9c580a3e73d1c71fef645c94383221cc42cbeac19c917fac53f989f2c2cf,複合材質航電環.csv,6,design scope,2,Adhesive and protective film are outside the current design scope.,現在簡單式,S + am / is / are + complement,"[""are""]",0.97,2026-07-26
a194e303419b26cddd0c5344a51e85534871bda78b4787c5d8053a39083e75b0,複合材質航電環.csv,37,baseline,1,The A4 baseline uses 100 micrometer copper foil and a 1 millimeter busbar.,現在簡單式,S + V1 / V-s(es),"[""uses""]",0.97,2026-07-26
43a6e5a28f2196a76a52f349b313b0bb8501949d8ad2f15985bc612e0009defe,複合材質航電環.csv,37,baseline,2,A clear baseline helps compare weight changes between options.,現在簡單式,S + V1 / V-s(es),"[""helps""]",0.97,2026-07-26
e4feb77bf0777c107ba8ccb714dd390ecbaebdceb4687c5279a50eacf145a2cb,複合材質航電環.csv,36,trade-off,1,The upper-only busbar option is a trade-off between weight and Electromagnetic Compatibility (EMC) risk.,現在簡單式,S + am / is / are + complement,"[""is""]",0.97,2026-07-26
ed166ae01225c4b7b83382bc878868c00d055ae45ce25e2c3d66bc09fc7be5a0,複合材質航電環.csv,36,trade-off,2,Every trade-off should be reviewed with the consultant before design freeze.,特殊句型/需確認,S + modal + be + past participle,"[""should be reviewed""]",0.98,2026-07-26
72d9514a1a722359fe06416a98dd9ee7bb973244f5c4a4ba11604d2dc9b4c404,複合材質航電環.csv,35,flight article,1,The final flight article should use the 100 micrometer copper foil baseline.,特殊句型/需確認,S + modal + V1,"[""should use""]",0.98,2026-07-26
95c495e8262a8377a1055ce13112e4dace96723976e007999aa331aff8b72bf8,複合材質航電環.csv,35,flight article,2,Prototype weights may differ from the flight article weight.,特殊句型/需確認,S + modal + V1,"[""may differ""]",0.98,2026-07-26
6bc82f2d143c3da9f3b5a673f39b969ecd7454904e4887c0e0d262693216901c,複合材質航電環.csv,7,inner wall,1,Copper foil is attached to the inner wall of the avionics ring.,現在簡單式,S + am / is / are + past participle,"[""is attached""]",0.97,2026-07-26
b0514763868df785b08cbec065800c4d331e246d69d4f423e5376b96c36b1795,複合材質航電環.csv,7,inner wall,2,The A4 inner wall has a larger foil area than the A1 inner wall.,現在簡單式,S + V1 / V-s(es),"[""has""]",0.97,2026-07-26
7eb237e8b74a0cb11b7fc69c055ca2fa308cd8c00573e5f800338bb42f4c39b7,複合材質航電環.csv,17,geometry,1,The weight model is based on the ring geometry and copper coverage.,現在簡單式,S + am / is / are + past participle,"[""is based""]",0.97,2026-07-26
da681d56a76f9156c6fb75f9d8ec28027cdc7113073252ea85bb86df1f82fdfa,複合材質航電環.csv,17,geometry,2,Incorrect geometry will lead to an incorrect weight estimate.,未來簡單式,S + will + V1,"[""will lead""]",0.99,2026-07-26
0b5a90a4d70b03b33780d0a0c9b7930dce3be70a39ca9852cddedb33a89ea932,複合材質航電環.csv,18,circumference,1,The upper ring busbar length is based on the ring circumference.,現在簡單式,S + am / is / are + past participle,"[""is based""]",0.97,2026-07-26
8c17d6b8ca2beceada3ed4809c9ebb17b8433fb6eaa3871091dc7278aeaf4d60,複合材質航電環.csv,18,circumference,2,The circumference is calculated from the ring diameter.,現在簡單式,S + am / is / are + complement,"[""is""]",0.97,2026-07-26
52e95c84977ef60db610ea31d3ec2edf8a7dfb81510f2f1d60815f0f32da775e,複合材質航電環.csv,8,coverage ratio,1,The coverage ratio of the A1 inner-wall copper foil is about 80 percent.,現在簡單式,S + am / is / are + complement,"[""is""]",0.97,2026-07-26
79160b7dae33f276104e2049c67934946ba15a7ea8cfbfab5e5b252b045be80a,複合材質航電環.csv,8,coverage ratio,2,Changing the coverage ratio directly changes the copper foil weight.,現在簡單式,S + V1 / V-s(es),"[""changes""]",0.97,2026-07-26
b24bfc7f6484b3d223b672c7ecbebc93998e31097b6b919ec6f6f320b6394058,複合材質航電環.csv,1,copper foil,1,The inner wall is covered with copper foil to provide a conductive surface.,現在簡單式,S + am / is / are + complement,"[""is""]",0.97,2026-07-26
6cf2115d9a6526c2fc3fbe5fbec5837d0b3076f148a8e455ef3dd30de008150e,複合材質航電環.csv,1,copper foil,2,We selected 100 micrometer copper foil for the flight configuration.,過去簡單式,S + V2 / V-ed,"[""selected""]",0.97,2026-07-26
e501afc5d4041286580c6c2a9421dafaa6afad0f0820dfe01a161f6fe6d3f9dd,複合材質航電環.csv,2,busbar,1,The top busbar connects each subsystem to the reference ring.,現在簡單式,S + V1 / V-s(es),"[""connects""]",0.97,2026-07-26
e5ff9c9e384085e3af90b4c57da4f3840c05902190be9f8b83169d9159732144,複合材質航電環.csv,2,busbar,2,A thicker busbar increases weight but can reduce resistance.,特殊句型/需確認,S + modal + V1,"[""can reduce""]",0.98,2026-07-26
9a87ef17f1c858f2ccdbabb787e7428252f73cb8fe52fac550a8bc6444e0946b,複合材質航電環.csv,13,braided strap,1,Each subsystem is connected to the busbar through a braided strap.,現在簡單式,S + am / is / are + past participle,"[""is connected""]",0.97,2026-07-26
3c1f221d1a89306c40bdec8338d0b494eeaccb9fa21281baba24ae64eb2fce2b,複合材質航電環.csv,13,braided strap,2,A shorter braided strap usually gives lower inductance and better RF performance.,現在簡單式,S + V1 / V-s(es),"[""gives""]",0.97,2026-07-26
72051b0f74593bc4fc36e548ffa61395283ebb04f04b7f6fe643dc1d7e3651fb,複合材質航電環.csv,14,tinned copper,1,The braided strap is modeled as tinned copper in the weight estimate.,現在簡單式,S + am / is / are + past participle,"[""is modeled""]",0.97,2026-07-26
e7da9d0a0a251ee028dbce9a132f7a42f3a29227be5204991b4f3418c8e5f13a,複合材質航電環.csv,14,tinned copper,2,Tinned copper can improve corrosion resistance compared with bare copper.,特殊句型/需確認,S + modal + V1,"[""can improve""]",0.98,2026-07-26
ec4c19a408b6f11d93642aa3d762ff07be54357e6af444f651563d4637987889,複合材質航電環.csv,20,solid copper equivalent,1,The braided strap weight is estimated using a solid copper equivalent.,現在簡單式,S + am / is / are + past participle,"[""is estimated""]",0.97,2026-07-26
6fa8730637ac6c4d487e5eed832066486e70f9e3a2bf87e078e09e6da217c297,複合材質航電環.csv,20,solid copper equivalent,2,The actual braided strap may be lighter because of gaps in the weave.,特殊句型/需確認,S + modal + V1,"[""may be""]",0.98,2026-07-26
c77830f34d4959d2c397b51a6b4c1dc6bfd92d65bafff43fbc5369df7832dba5,複合材質航電環.csv,15,density,1,Copper density is used to convert volume into weight.,現在簡單式,S + am / is / are + past participle,"[""is used to convert""]",0.97,2026-07-26
2211d7ef212fa50c64b91b927770fa37c2438c3f19ab5c2778cc7abe2dc3adc6,複合材質航電環.csv,15,density,2,The report uses stainless-steel density for the screw and washer calculation.,現在簡單式,S + V1 / V-s(es),"[""uses""]",0.97,2026-07-26
a2b2b37bd8a535778afca4b1728593a0a23e3188146f6e8a028f96c9c94ec8a8,複合材質航電環.csv,16,thickness,1,Copper foil thickness has a major impact on total weight.,現在簡單式,S + V1 / V-s(es),"[""has""]",0.97,2026-07-26
c8a7afc03b9cfd9054d9bac6120d39168296ef413f2b8425605679119556e77b,複合材質航電環.csv,16,thickness,2,The busbar thickness options are 1 millimeter and 2 millimeters.,現在簡單式,S + am / is / are + complement,"[""are""]",0.97,2026-07-26
53f1649c2181b19c5c39e2d965d2589771bf61cd24a4d68cfe4fcbcdde66796b,複合材質航電環.csv,5,material consumption,1,Material consumption should include a cutting allowance.,特殊句型/需確認,S + modal + V1,"[""should include""]",0.98,2026-07-26
91286f0b6b927e16f0d02dd82e3e9ffdbbee0b3a3df24ba021e7648bbbb4d4d6,複合材質航電環.csv,5,material consumption,2,The report summarizes material consumption for copper foil and busbars.,現在簡單式,S + V1 / V-s(es),"[""summarizes""]",0.97,2026-07-26
f0415a8dc8202a7ddaa43ef06fafbecc0e6bd61d79c1effbbecd4c1233bdc36d,複合材質航電環.csv,3,weight estimate,1,"The weight estimate includes copper foil, busbars, screws, washers, and braided straps.",現在簡單式,S + V1 / V-s(es),"[""includes""]",0.97,2026-07-26
62707be805c589407d8a917bff3593a9d4e79bf3ac54000a88c073ed4d3f0368,複合材質航電環.csv,3,weight estimate,2,This weight estimate does not include adhesive or installation loss.,現在簡單式,S + do / does not + V1,"[""does not include""]",0.97,2026-07-26
25160107f9763959ec3a41f99376568e69ae47cb22d062f6ccbff005ee33632f,複合材質航電環.csv,4,installation configuration,1,The installation configuration affects both Electromagnetic Compatibility (EMC) performance and assembly effort.,現在簡單式,S + V1 / V-s(es),"[""affects""]",0.97,2026-07-26
624e3cb9e2b2bb8e789af3e011ceb0be0117e7ce96b0189f4083210055ca8e61,複合材質航電環.csv,4,installation configuration,2,We compared two installation configurations for the A2 section.,過去簡單式,S + V2 / V-ed,"[""compared""]",0.97,2026-07-26
ddb353619b51a7ea305f5d4dcd73adfb9b28835ee1c39121bbde66337f6a7a0a,複合材質航電環.csv,9,clearance hole,1,The M5 clearance hole diameter is assumed to be 6 millimeters.,現在簡單式,S + am / is / are + past participle,"[""is assumed""]",0.97,2026-07-26
7125ab5de93178456e8bb391aca990c5866fc987cd9f2e7d4d7a91271c41b9d4,複合材質航電環.csv,9,clearance hole,2,The copper area removed by each clearance hole is subtracted from the weight calculation.,現在簡單式,S + am / is / are + past participle,"[""is subtracted""]",0.97,2026-07-26
fb75be0a6d7ae590c814725bfdd58ef6c055b21d779ca752ea1c487f2c5c5e26,複合材質航電環.csv,10,fastener,1,Fastener weight is not negligible in the four-side busbar option.,現在簡單式,S + am / is / are + complement,"[""is not""]",0.97,2026-07-26
0699db629c532a5ae9cb622624ec912859feff2da89ae5c4fa815358fe616d9b,複合材質航電環.csv,10,fastener,2,Each fastener location uses one screw and one washer in this estimate.,現在簡單式,S + V1 / V-s(es),"[""uses""]",0.97,2026-07-26
39e7fe8c01c5037bca2c212acc0e4c25e8c396ae52206c3ecf8ada36f2dfd1d7,複合材質航電環.csv,11,washer,1,A washer is placed under each M5 screw.,現在簡單式,S + am / is / are + past participle,"[""is placed""]",0.97,2026-07-26
3afb2e11cde1f4660afffdc0ca4f8d55026be7478236d0489193af829c784cf0,複合材質航電環.csv,11,washer,2,The washer prevents local damage and helps distribute the clamping force.,現在簡單式,S + V1 / V-s(es),"[""helps""]",0.97,2026-07-26
f1559087b406f80bd63cd4b14e02e4a765010940c8e9a27777f41c7ca343ec3b,複合材質航電環.csv,12,hex-head screw,1,The estimate uses an M5 by 15 millimeter stainless-steel hex-head screw.,現在簡單式,S + V1 / V-s(es),"[""uses""]",0.97,2026-07-26
53a7d1d1a0366321ddcfdd92c69f36a5f90a2fb08c8f8e3d8d8be45033375261,複合材質航電環.csv,12,hex-head screw,2,The mass of each hex-head screw is approximated from its shaft and head geometry.,現在簡單式,S + am / is / are + past participle,"[""is approximated""]",0.97,2026-07-26
efacaa18ea168bdde6c76ccb7a35d20aced95ba5f29934c631eab1bd9cd1e185,複合材質航電環.csv,19,hole spacing,1,The hole spacing on the upper ring busbar is 200 millimeters.,現在簡單式,S + am / is / are + complement,"[""is""]",0.97,2026-07-26
51b7acab4b04b38b7265d4d4a3415e04af7968d1a1d3f99292d7406dedca5d70,複合材質航電環.csv,19,hole spacing,2,Smaller hole spacing increases the number of fasteners.,現在簡單式,S + V1 / V-s(es),"[""increases""]",0.94,2026-07-26
785610fdc707de970ad6c573d0f0385465a89ff984eda8e6a6b3efc52f68fb41,複合材質航電環.csv,25,support bracket,1,Support brackets are not included in this material weight estimate.,現在簡單式,S + am / is / are + past participle,"[""are not included""]",0.97,2026-07-26
a2cfe33b6a3a244be0cd9886d75b73147a7051e380bbb9b9a57e20244dd5f8c7,複合材質航電環.csv,25,support bracket,2,Additional support brackets may be needed for vibration robustness.,特殊句型/需確認,S + modal + be + past participle,"[""may be needed""]",0.98,2026-07-26
b2f8f6566841b38f96b281a8d8656687c834ad1f7b9c93bc75c54c9ab73cbf57,複合材質航電環.csv,33,threaded insert,1,The actual torque limit depends on the threaded insert and parent material.,現在簡單式,S + V1 / V-s(es),"[""depends""]",0.97,2026-07-26
88b5745163b31f681570b56ce43bd40d2ae5a5c54ea426576ac3b46c939b548b,複合材質航電環.csv,33,threaded insert,2,A weak threaded insert may reduce allowable clamp load.,特殊句型/需確認,S + modal + V1,"[""may reduce""]",0.98,2026-07-26
10ed3f8a4904b22cb31b01cfb24f84a8c5f6de162b190f8de04fca5a8d611c9a,複合材質航電環.csv,32,torque,1,The M5 screw torque is suggested to be 4 to 6 newton-meters.,現在簡單式,S + am / is / are + past participle,"[""is suggested""]",0.97,2026-07-26
6542c6e649aa4f6826550e0af2d75cd880651bd991641c3660b55559ff329bc2,複合材質航電環.csv,32,torque,2,Final torque should be confirmed based on the insert and locking method.,特殊句型/需確認,S + modal + be + past participle,"[""should be confirmed""]",0.98,2026-07-26
94bc215116b3bc8ddf41af3c06ef3d0595b61790cdfa55f40161845d1242fbe7,複合材質航電環.csv,34,anti-loosening method,1,The anti-loosening method must be selected before vibration testing.,特殊句型/需確認,S + modal + be + past participle,"[""must be selected""]",0.98,2026-07-26
2d3bd4966dfbfee35681a93e67af302d83e007c3c2f785fbd974984aa131d10d,複合材質航電環.csv,34,anti-loosening method,2,"Thread locker, lock wire, or lock washers are possible anti-loosening methods.",現在簡單式,S + am / is / are + complement,"[""are""]",0.97,2026-07-26
8c7d3a4cb6b4bed732c4ca0faafaa07c6f3f6f7b951fa5f3ca70bbfc003c1c29,複合材質航電環.csv,23,protective film,1,Protective film is not included in the current weight estimate.,現在簡單式,S + am / is / are + past participle,"[""is not included""]",0.97,2026-07-26
64330d7eea9677979eee265057703eda0c95037ddfa9dc8590bce4a400e97925,複合材質航電環.csv,23,protective film,2,The protective film must not cover the required contact surfaces.,特殊句型/需確認,S + modal + V1,"[""must not cover""]",0.98,2026-07-26
f3f070d1a3495283f614616748b0d04e2dde73083a2683af6bbd333061a7f253,複合材質航電環.csv,24,adhesive,1,Adhesive weight is outside the current estimate boundary.,現在簡單式,S + am / is / are + complement,"[""is""]",0.97,2026-07-26
02d0e267067881fa6d7bfeec416ff4d4d126c63bdb8e3622c40f40c37fabb68d,複合材質航電環.csv,24,adhesive,2,The adhesive process must prevent copper foil edges from lifting.,特殊句型/需確認,S + modal + V1,"[""must prevent""]",0.98,2026-07-26
5fcd4dd154fa51a7a72764c8d5f2e7498cf70861611dca86b9cf889cad92dcb7,複合材質航電環.csv,26,cutting allowance,1,A five to ten percent cutting allowance is recommended for procurement.,現在簡單式,S + am / is / are + past participle,"[""is recommended""]",0.97,2026-07-26
5081edafe4581fc3b685cf4145fa7147cc388607fa80463dce2bdb36d00bee3a,複合材質航電環.csv,26,cutting allowance,2,The final flight weight should not include unused cutting allowance.,特殊句型/需確認,S + modal + V1,"[""should not include""]",0.98,2026-07-26
fef77330d238e0473f1c44e3380b40f95ce791bc4c2bfd6e81615d7c76ca0a9f,複合材質航電環.csv,27,procurement,1,Procurement should confirm copper foil availability before design freeze.,特殊句型/需確認,S + modal + V1,"[""should confirm""]",0.98,2026-07-26
449afe937f0a97c1a67e5b260320e8fb3725620e0cca7f0afa0117be46f6a6df,複合材質航電環.csv,27,procurement,2,The procurement quantity should include expected cutting loss.,特殊句型/需確認,S + modal + V1,"[""should include""]",0.98,2026-07-26
9ae9050fb1b66e56ccb6872ffee13a29f3391ff769ec852c2424cabb2b984c7f,複合材質航電環.csv,28,overlap,1,Copper foil overlap should be planned near the panel edge.,特殊句型/需確認,S + modal + be + past participle,"[""should be planned""]",0.98,2026-07-26
e4d16a4d944aa2141170acc532662f2e4e83e74849d28c3e6db7ca5680741ec2,複合材質航電環.csv,28,overlap,2,Poor overlap can increase contact resistance.,特殊句型/需確認,S + modal + V1,"[""can increase""]",0.98,2026-07-26
e5ff3f3ea91756a54eb0bfd2ffdb1d20513f648931264bace2757a46d9d6b5fd,複合材質航電環.csv,21,tolerance,1,Installation tolerance must be considered before freezing the design.,特殊句型/需確認,S + modal + be + past participle,"[""must be considered""]",0.98,2026-07-26
e5c686173930bf5a686ca39bc8b724b3e044d3ef09f39e0dfa2cedf02f2d21ec,複合材質航電環.csv,21,tolerance,2,Large tolerance can affect hole alignment and assembly quality.,特殊句型/需確認,S + modal + V1,"[""can affect""]",0.98,2026-07-26
b103f6fd2fa6c78b3739a8ee9cca1a0644ff64e8f0c06958799b730b47aa8023,複合材質航電環.csv,22,surface treatment,1,Surface treatment must not insulate the bonding contact area.,特殊句型/需確認,S + modal + V1,"[""must not insulate""]",0.98,2026-07-26
180dc3809fe820c2c80935293d7f165b9b099653a2b2e2f9d95fe69460a93fda,複合材質航電環.csv,22,surface treatment,2,"Copper, aluminum, and stainless steel may require different surface treatments.",特殊句型/需確認,S + modal + V1,"[""may require""]",0.98,2026-07-26
ced7ef8020d5e2f039a2a776cfc0aa354f018ff2c9acf4bc18da586fb4dd0c00,複合材質航電環.csv,29,rework,1,The installation plan should leave enough space for rework.,特殊句型/需確認,S + modal + V1,"[""should leave""]",0.98,2026-07-26
9b4bb2af23b203eee472d5aa23776c1612e58060793f3439dd6d672ceaf4fef0,複合材質航電環.csv,29,rework,2,Rework may be required if the copper foil edge is damaged.,特殊句型/需確認,S + modal + be + past participle,"[""may be required""]",0.98,2026-07-26
042946c5da139c60c89550c5ff74dc3c4bd68e2f03743ea613af0376ab9d3fe2,複合材質航電環.csv,30,edge lifting,1,Edge lifting of copper foil should be avoided during installation.,特殊句型/需確認,S + modal + be + past participle,"[""should be avoided""]",0.98,2026-07-26
c2552c7223faae18815021d2da10d91a40cc4977f1569654cbb94578fc8b7e5e,複合材質航電環.csv,30,edge lifting,2,Edge lifting can create unreliable electrical contact.,特殊句型/需確認,S + modal + V1,"[""can create""]",0.98,2026-07-26
26e0547f7fe4168a37ecb28ba40ee3b608395ab7bd639484410707a6c6c7125d,複合材質航電環.csv,31,galvanic corrosion,1,Galvanic corrosion should be evaluated at copper-to-aluminum interfaces.,特殊句型/需確認,S + modal + be + past participle,"[""should be evaluated""]",0.98,2026-07-26
951cad7c759bd85474fabfd4b4fcae57565c555f19aa51215b592b824f129ffc,複合材質航電環.csv,31,galvanic corrosion,2,Improper surface treatment may accelerate galvanic corrosion.,特殊句型/需確認,S + modal + V1,"[""may accelerate""]",0.98,2026-07-26
105cd0e7d59b36b1ac1db563012a14643cbab32aa5b716fc514217258de2fb62,複合材質航電環.csv,38,impedance,1,The impedance must be controlled in high-speed avionics wiring.,特殊句型/需確認,S + modal + be + past participle,"[""must be controlled""]",0.98,2026-07-26
e0f27e26aab6bef8b044bdda7d13f134dda34dc56bc67330f6627f907a28130b,複合材質航電環.csv,38,impedance,2,Cable impedance affects signal integrity and Electromagnetic Compatibility (EMC) performance.,現在簡單式,S + V1 / V-s(es),"[""affects""]",0.97,2026-07-26
3dd70f7be656cc3432f16506edaa1523e3d4bc7fca87253a08dff2baf5006287,複合材質航電環.csv,39,coupling,1,Capacitive coupling may introduce noise into the receiver input.,特殊句型/需確認,S + modal + V1,"[""may introduce""]",0.98,2026-07-26
ee39a579449d89c85cfea1d8478eeb7e5bccd53d190c6e6c9a356a234573053b,複合材質航電環.csv,39,coupling,2,Reducing cable coupling is important for aircraft Electromagnetic Compatibility (EMC) design.,現在簡單式,S + am / is / are + complement,"[""is""]",0.97,2026-07-26
2524d95f8cb7a0492601fdd9eb0b97be2a30402093ef0d31fd87cb37f27faa51,EMC航電詞彙整合1.csv,58,power electronics,2,Jet vane drivers should be isolated from sensitive Data Acquisition (DAQ) systems.,特殊句型/需確認,S + modal + be + p.p.,"[""should be isolated""]",0.99,2026-07-27
2d2b2375b5675c7eadeb3fa7a056bfbfb15c03d53d0a9d70c3fa5df217b9ca44,EMC航電詞彙整合1.csv,65,Data Acquisition (DAQ),1,The Data Acquisition (DAQ) system connects to multiple sensors.,現在簡單式,S + V-s,"[""connects""]",0.99,2026-07-27
7ad14ba549d6fd2bc082fa6ff532a950a6f0aff806d0790e94995df039684546,EMC航電詞彙整合1.csv,65,Data Acquisition (DAQ),2,Data Acquisition (DAQ) wiring is sensitive to grounding and shielding errors.,現在簡單式,S + is + complement,"[""is""]",0.99,2026-07-27
95f4043575dd3b93d61631fb7dea5660ec57fb8ad09a9434707081f6cb646552,EMC航電詞彙整合1.csv,66,IEPE sensor,2,IEPE cable shields should be terminated according to the Data Acquisition (DAQ) design.,特殊句型/需確認,S + modal + be + p.p.,"[""should be terminated""]",0.99,2026-07-27
d92a6530581915e324a0dcbbcdb5f97c043bf8c10d594ff18980118213848658,EMC顧問回覆與系統整合詞彙.csv,25,intra-system Electromagnetic Compatibility (EMC),2,JetVane operation is a key intra-system Electromagnetic Compatibility (EMC) case for Data Acquisition (DAQ) monitoring.,現在簡單式,S + is + complement,"[""is""]",0.99,2026-07-27
68a2dca46920cd6712d299443842c80e236079fb7b1d24662d26b4e86fff60ce,EMC顧問回覆與系統整合詞彙.csv,32,source-victim matrix,2,"The source-victim matrix should include JetVane, Electronic Power Distribution System (EPDS), RF modules, Data Acquisition (DAQ), and flight computers.",特殊句型/需確認,S + modal + V1,"[""should include""]",0.99,2026-07-27
ca381eb648b24bb9d325b3c77e2a5641fe7f63580a30db5b2f964c9b76267317,EMC顧問回覆與系統整合詞彙.csv,33,victim,1,The Data Acquisition (DAQ) module is a likely victim of actuator switching noise.,現在簡單式,S + is + complement,"[""is""]",0.99,2026-07-27
061181306a0bb928cb9613dcf7a291154c785732fc781ccb39bf5fe5787b42c0,EMC顧問回覆與系統整合詞彙.csv,53,quiet mode,1,Quiet mode establishes the baseline noise level of Data Acquisition (DAQ) and navigation.,現在簡單式,S + V-s,"[""establishes""]",0.99,2026-07-27
26018a8233abfdac93279aa264f7c46f8aa90426835aeb61109529e53885973d,EMC顧問回覆與系統整合詞彙.csv,54,RF transmit mode,2,Data Acquisition (DAQ) drift and receiver desense are monitored during RF transmit mode.,現在簡單式,S + are + p.p.,"[""are monitored""]",0.99,2026-07-27
2af18f7acfce70460c584f08eb4122db88b3d0b29b4e3784b8d10e610a4784a7,EMC顧問回覆與系統整合詞彙.csv,59,noise floor,1,The Data Acquisition (DAQ) noise floor is measured before turning on the actuator.,現在簡單式,S + is + p.p.,"[""is measured""]",0.99,2026-07-27
520ca4120e3ef6652a180cf6aa1f372dd86592fdd476208b89de13a06dafb464,EMC顧問回覆與系統整合詞彙.csv,71,refer to,1,Please refer to the Electromagnetic Compatibility (EMC) test report for the measured limits.,特殊句型/需確認,Imperative + V1,"[""refer""]",0.98,2026-07-27
3ad956b870edc7d01897c6ed4427c1d74714f1fb7d54a9a09f467f98f72a5062,EMC顧問回覆與系統整合詞彙.csv,71,refer to,2,The response should refer to the latest grounding diagram.,特殊句型/需確認,S + modal + V1,"[""should refer""]",0.99,2026-07-27
7c0605f2e1fc11d9b7c97e4865e063d04ac8111aa27486d1eace68251653e6d3,EMC顧問回覆與系統整合詞彙.csv,72,approach,1,This approach reduces common-mode current on the harness.,現在簡單式,S + V-s,"[""reduces""]",0.99,2026-07-27
b0e3176e949eb32f5f65d3ef682dc316798a27f6cdf73a4b8a8bfefafbb03752,EMC顧問回覆與系統整合詞彙.csv,72,approach,2,The consultant recommended a different shielding approach.,過去簡單式,S + V-ed,"[""recommended""]",0.99,2026-07-27
383de16eaa563ca21f2cd97b871d52adcf6c96f373fbd08e3d66932efc7a1cd0,EMC顧問回覆與系統整合詞彙.csv,73,evidence,1,The measurement provides evidence of inadequate shield termination.,現在簡單式,S + V-s,"[""provides""]",0.99,2026-07-27
1bf326c8755741e5be85222288e123bf9a65074ff3a895b77c3aaf7203a85379,EMC顧問回覆與系統整合詞彙.csv,73,evidence,2,We need clear evidence before changing the grounding design.,現在簡單式,S + V1,"[""need""]",0.99,2026-07-27
bfe9edc0fb03153b18d2d6b52ae38ba29ce8f843243e11eaa6564abc4b144fd3,EMC顧問回覆與系統整合詞彙.csv,74,instead of,1,Use a bonded metal enclosure instead of an unshielded plastic cover.,特殊句型/需確認,Imperative + V1,"[""Use""]",0.98,2026-07-27
8aae0dbe78da0655f6f50699aa48b90a82b7a8b23485091c4b43d4e1459bb7c6,EMC顧問回覆與系統整合詞彙.csv,74,instead of,2,The team selected filtering instead of replacing the entire harness.,過去簡單式,S + V-ed,"[""selected""]",0.99,2026-07-27
2694db40c6f490e1ce5439912f1e2828e9e7116cdbbcc5de3f0f7429dbc3d16d,EMC顧問回覆與系統整合詞彙.csv,75,harsh,1,The avionics unit must operate in a harsh electromagnetic environment.,特殊句型/需確認,S + modal + V1,"[""must operate""]",0.99,2026-07-27
e05373192ed5a58a216a1639e6a5987fcf35c0cf1941a3400146a9008582c530,EMC顧問回覆與系統整合詞彙.csv,75,harsh,2,Harsh conditions can accelerate connector contamination.,特殊句型/需確認,S + modal + V1,"[""can accelerate""]",0.99,2026-07-27
b7b124b99a7b50f8bd9b7e0d9afe921388ea8a13a440fb72a65c77b22b8c1c91,EMC顧問回覆與系統整合詞彙.csv,76,exposure,1,Repeated Radio Frequency (RF) exposure can affect sensitive receivers.,特殊句型/需確認,S + modal + V1,"[""can affect""]",0.99,2026-07-27
925dd3cd181dde43700b91c857870975a3a8c2f7f31b3aecd9504d45f4509711,EMC顧問回覆與系統整合詞彙.csv,76,exposure,2,The test records the equipment exposure level at each frequency.,現在簡單式,S + V-s,"[""records""]",0.99,2026-07-27
dc38a2e92c01001e155e8f6a40840e33a7b69106bbfe49183fb2f0899857bc5b,EMC顧問回覆與系統整合詞彙.csv,77,accumulate,1,Static charge can accumulate on an isolated composite surface.,特殊句型/需確認,S + modal + V1,"[""can accumulate""]",0.99,2026-07-27
75429093d35e86eebcdaab7ca1057059a9f481b44d668c1b27450fdd607c4642,EMC顧問回覆與系統整合詞彙.csv,77,accumulate,2,Moisture and residue accumulate around poorly sealed interfaces.,現在簡單式,S + V1,"[""accumulate""]",0.99,2026-07-27
f5a6e2849dfffbcf01758dd9c23eae51d1a847906a29af1303ee00836c2c9c94,EMC顧問回覆與系統整合詞彙.csv,78,contamination,1,Surface contamination increases bonding resistance.,現在簡單式,S + V-s,"[""increases""]",0.99,2026-07-27
d28c803f777fb7001c34b71422072eb3900bcd0f4da2edef6f38e216265aa391,EMC顧問回覆與系統整合詞彙.csv,78,contamination,2,Inspection should identify contamination before assembly.,特殊句型/需確認,S + modal + V1,"[""should identify""]",0.99,2026-07-27
8b734cfcd191b9b869162979d436193c49574abcc58d2dadf6bfb52c75490290,EMC顧問回覆與系統整合詞彙.csv,79,appear,1,Interference may appear only during simultaneous transmitter operation.,特殊句型/需確認,S + modal + V1,"[""may appear""]",0.99,2026-07-27
4b8f0c8aa3a53cb93e9daec98e55ce9ee77e9ed01bbac5f5de70a27eac086582,EMC顧問回覆與系統整合詞彙.csv,79,appear,2,The noise appears when the actuator starts moving.,現在簡單式,S + V-s + when + S + V-s,"[""appears"", ""starts""]",0.99,2026-07-27
cdb536c4b528bc27dfdeeabbbbf767bc1efcd4766adab0730205a52a81d5bf71,EMC顧問回覆與系統整合詞彙.csv,80,disturb,1,High-frequency current can disturb low-level sensor signals.,特殊句型/需確認,S + modal + V1,"[""can disturb""]",0.99,2026-07-27
5f05cc38e626d25f9ae17fdc0dc939a50b24f6eaf83a86f3a9bd56375e5f4694,EMC顧問回覆與系統整合詞彙.csv,80,disturb,2,Switching noise may disturb the Data Acquisition (DAQ) channels.,特殊句型/需確認,S + modal + V1,"[""may disturb""]",0.99,2026-07-27
433f832b62ce81acf5e6c519a4f96eb219ecad76a13a3bba68ee9ae6c2c1f7e7,EMC顧問回覆與系統整合詞彙.csv,81,establishes,1,A dedicated bonding strap establishes a controlled return path.,現在簡單式,S + V-s,"[""establishes""]",0.99,2026-07-27
a21966e5d9afadac082609b96d529dcfbe53d8ea3b9a1da7a01c8ddb7603ee82,EMC顧問回覆與系統整合詞彙.csv,81,establishes,2,The test plan establishes the acceptance criteria for each operating mode.,現在簡單式,S + V-s,"[""establishes""]",0.99,2026-07-27
57764b106351dc4a22be7ee6f5cb79ef170facd787b3c20640864423f38bf137,MSFC-HDBK-3697_01_需求發展與接合目的.csv,201,requirements flowdown,1,Requirements flowdown is an iterative process across system levels.,現在簡單式,S + am / is / are + complement,"[""is""]",0.99,2026-09-21
3dfe6896ad0352e154dc3f6b4403d8a850814412ce6dec3125317e4501cadb9a,MSFC-HDBK-3697_01_需求發展與接合目的.csv,201,requirements flowdown,2,Clear requirements flowdown is important for every design team.,現在簡單式,S + am / is / are + complement,"[""is""]",0.99,2026-09-21
7b0c17e01b957bc2be07368e4f76d253c17385bf427988aeb2a19bb8a895db0c,MSFC-HDBK-3697_01_需求發展與接合目的.csv,202,derived requirement,1,A derived requirement is created from system analysis and interfaces.,現在簡單式,S + am / is / are + complement,"[""is""]",0.99,2026-09-21
1f6869bb89e66d38a6a47f7d648a836bbf8c4bfb1f237b547cc60fc58f8b175b,MSFC-HDBK-3697_01_需求發展與接合目的.csv,202,derived requirement,2,Each derived requirement is part of the allocated baseline.,現在簡單式,S + am / is / are + complement,"[""is""]",0.99,2026-09-21
c0f7bcf6a1a89efad41ae51f6fd03437933a28067336ac55cbc58ac42de9d5bf,MSFC-HDBK-3697_01_需求發展與接合目的.csv,203,producibility,1,Producibility is the ability to manufacture a design consistently.,現在簡單式,S + am / is / are + complement,"[""is""]",0.99,2026-09-21
95bb8b63ebace81d6c2bc34498d207a1ca057ef2a2f768adc19079be14948668,MSFC-HDBK-3697_01_需求發展與接合目的.csv,203,producibility,2,Producibility is included when the allocated baseline is developed.,現在簡單式,S + am / is / are + complement,"[""is""]",0.99,2026-09-21
0e99105ae79742d77e8191cdb3ab372806aaaf16c555e55e85d9fe31535e06fd,MSFC-HDBK-3697_01_需求發展與接合目的.csv,204,reliability,1,Reliability is the ability of a system to perform as intended.,現在簡單式,S + am / is / are + complement,"[""is""]",0.99,2026-09-21
8bdb4aa11151d81d50856f0a74d8d89f92fdd6d764c0d19f97e3055978e8f068,MSFC-HDBK-3697_01_需求發展與接合目的.csv,204,reliability,2,Reliability is considered with other derived requirements.,現在簡單式,S + am / is / are + complement,"[""is""]",0.99,2026-09-21
ff779a8c9de9d95d6a7982d1d67fb8036fd16d970db771ed8d64295f30168212,MSFC-HDBK-3697_01_需求發展與接合目的.csv,205,supportability,1,Supportability is the ability to maintain and support a system.,現在簡單式,S + am / is / are + complement,"[""is""]",0.99,2026-09-21
5bfceca1d732f4c69ae39df060bd1fd8a141f9c24e40298b74bc494b0b1de84b,MSFC-HDBK-3697_01_需求發展與接合目的.csv,205,supportability,2,Supportability is part of the allocated design baseline.,現在簡單式,S + am / is / are + complement,"[""is""]",0.99,2026-09-21
4faf8bb49c267f4295d6537962935eb732abc208e200d5d334a1afa2beb62ca7,MSFC-HDBK-3697_01_需求發展與接合目的.csv,206,physical hierarchy,1,A physical hierarchy is an ordered structure of systems and components.,現在簡單式,S + am / is / are + complement,"[""is""]",0.99,2026-09-21
c4513a4b16093eeaac5c67f8844651c09744e7499cb046d810cf7047f1489f27,MSFC-HDBK-3697_01_需求發展與接合目的.csv,206,physical hierarchy,2,The lowest level of the physical hierarchy is assigned to a design team.,現在簡單式,S + am / is / are + complement,"[""is""]",0.99,2026-09-21
08e0a158d813e2c090a869a9a6c94e164b9de779d7b6334e549c3a315bf57a73,MSFC-HDBK-3697_01_需求發展與接合目的.csv,207,design-to requirement,1,A design-to requirement is a requirement that directly controls the design.,現在簡單式,S + am / is / are + complement,"[""is""]",0.99,2026-09-21
a678ee53922037906b8d2468ff336af64356e9e6007995d0477294c891e2e79d,MSFC-HDBK-3697_01_需求發展與接合目的.csv,207,design-to requirement,2,Each design-to requirement is defined in the allocated baseline.,現在簡單式,S + am / is / are + complement,"[""is""]",0.99,2026-09-21
dd416325a4bdaacb54ccbd3f647d4463c6358a721cb0292cfaa5a67dd8acc4fe,MSFC-HDBK-3697_01_需求發展與接合目的.csv,208,preferred method,1,A preferred method is the selected option when several methods are acceptable.,現在簡單式,S + am / is / are + complement,"[""are""]",0.99,2026-09-21
e2a1b91b5fcc265ecfca15d193ac9419b27e2b4dbee92ba4230810340ddabb9b,MSFC-HDBK-3697_01_需求發展與接合目的.csv,208,preferred method,2,The preferred method is noted on the design when one option is better.,現在簡單式,S + am / is / are + complement,"[""is""]",0.99,2026-09-21
6fbe10db7c7de06ef58f7c9f1487ae543d4b7d49f78664419dffdc4f0a39de98,MSFC-HDBK-3697_02_接合分類與電氣設計.csv,209,electrical bond,1,An electrical bond is a conductive connection between two items.,現在簡單式,S + am / is / are + complement,"[""is""]",0.99,2026-09-21
9ebd5b233a6ff37683e69ae9bbd03379c3eddb7d0af914e55e1e24ff7f82ddbe,MSFC-HDBK-3697_02_接合分類與電氣設計.csv,209,electrical bond,2,A reliable electrical bond is necessary for current return and protection.,現在簡單式,S + am / is / are + complement,"[""is""]",0.99,2026-09-21
d44f72039ec006c85ff8328c79ebe0b122fb5e7bf5f2b8f64c0f5f9f7b091a19,MSFC-HDBK-3697_02_接合分類與電氣設計.csv,210,bond classification,1,A bond classification is based on the purpose of the electrical bond.,現在簡單式,S + am / is / are + complement,"[""is""]",0.99,2026-09-21
6d2645a2fc08c6dc4b7071930e84014802a0e5cfcb775a992788a2dce97dbcf5,MSFC-HDBK-3697_02_接合分類與電氣設計.csv,210,bond classification,2,Each bond classification is associated with different electrical characteristics.,現在簡單式,S + am / is / are + complement,"[""is""]",0.99,2026-09-21
5af03768fd7b03c83cb52435038c46b3fd57f047ed5a7b659bc84a32b9813cbd,MSFC-HDBK-3697_02_接合分類與電氣設計.csv,211,power return bond,1,A power return bond is used to carry intentional current through structure.,現在簡單式,S + am / is / are + complement,"[""is""]",0.99,2026-09-21
154fb647a05bc0671fa81149ee218a7962bc492bd4dbf9c7bd2cad2740a929c9,MSFC-HDBK-3697_02_接合分類與電氣設計.csv,211,power return bond,2,A power return bond is sized for current and voltage-drop limits.,現在簡單式,S + am / is / are + complement,"[""is""]",0.99,2026-09-21
4a769e3fa61397b147f23a74ab44046dc89e52021c6f95a0d72eab46d2d87f24,MSFC-HDBK-3697_02_接合分類與電氣設計.csv,212,shock-hazard bond,1,A shock-hazard bond is used to protect personnel from exposed voltage.,現在簡單式,S + am / is / are + complement,"[""is""]",0.99,2026-09-21
ce0e550500eebb870a4e504c769048d8bbf1b0806d71f42b423ebcfce1706885,MSFC-HDBK-3697_02_接合分類與電氣設計.csv,212,shock-hazard bond,2,A shock-hazard bond is required to carry fault current safely.,現在簡單式,S + am / is / are + complement,"[""is""]",0.99,2026-09-21
88afaf427fd5ae93addd41b3196db01efc29852cd4ad93ed161181ed883c6c31,MSFC-HDBK-3697_02_接合分類與電氣設計.csv,213,radio-frequency bond,1,A radio-frequency bond is designed for low impedance at high frequency.,現在簡單式,S + am / is / are + complement,"[""is""]",0.99,2026-09-21
1661c5964c736485433479e40af70cc03702c5546fd91c678e740d1df46354d7,MSFC-HDBK-3697_02_接合分類與電氣設計.csv,213,radio-frequency bond,2,A radio-frequency bond is important for shields and filters.,現在簡單式,S + am / is / are + complement,"[""is""]",0.99,2026-09-21
d88d5572846fa7e5ccd8935458f4de56ecd063a10ec477b7a91139693277c06b,MSFC-HDBK-3697_02_接合分類與電氣設計.csv,214,lightning bond,1,A lightning bond is designed to carry large transient currents.,現在簡單式,S + am / is / are + complement,"[""is""]",0.99,2026-09-21
61ca6cc44514d910da7f90266f9e5c25ae00228e9fa0b1ca4a940872f83a82e8,MSFC-HDBK-3697_02_接合分類與電氣設計.csv,214,lightning bond,2,A lightning bond is kept short to reduce series inductance.,現在簡單式,S + am / is / are + complement,"[""is""]",0.99,2026-09-21
3257850d965ba15f9825acb5a71e3d1e33ec12f39df1aff89abd665ff8ddedde,MSFC-HDBK-3697_02_接合分類與電氣設計.csv,215,electrostatic-charge bond,1,An electrostatic-charge bond is used to dissipate stored charge.,現在簡單式,S + am / is / are + complement,"[""is""]",0.99,2026-09-21
302976aada5a1ea14164acd3147b20fbcb3eb770908f891cc88b739507b82feb,MSFC-HDBK-3697_02_接合分類與電氣設計.csv,215,electrostatic-charge bond,2,An electrostatic-charge bond is applied to items subject to charging.,現在簡單式,S + am / is / are + complement,"[""is""]",0.99,2026-09-21
2a53c22ec299124bf83ba28daf79a06d37246c28dff44ea39d338e94d8d96d8b,MSFC-HDBK-3697_02_接合分類與電氣設計.csv,216,DC bond resistance,1,DC bond resistance is measured across an electrical joint.,現在簡單式,S + am / is / are + complement,"[""is""]",0.99,2026-09-21
eed054e30cf7b04901c5985438cd4245bc7b25ea1e09d2201e4fe2cf32e7cbd9,MSFC-HDBK-3697_02_接合分類與電氣設計.csv,216,DC bond resistance,2,The allowed DC bond resistance is different for each bond class.,現在簡單式,S + am / is / are + complement,"[""is""]",0.99,2026-09-21
16680f2374f28132b0efa4081a70c3da9266cd720d7673e6045cdce6f5545949,MSFC-HDBK-3697_03_直接與間接接合方法.csv,217,direct bonding,1,Direct bonding is metal-to-metal contact between joined members.,現在簡單式,S + am / is / are + complement,"[""is""]",0.99,2026-09-21
83aaca5d39665e9fbb4f4e29d57252777fc0daf694483f4d22f94db1fbfeb211,MSFC-HDBK-3697_03_直接與間接接合方法.csv,217,direct bonding,2,Direct bonding is preferred when the mating surfaces are accessible.,現在簡單式,S + am / is / are + complement,"[""are""]",0.99,2026-09-21
1a060fc92c8631cf49609dca6cc1b04d48513a61e814b7e9815cf05746ef0ba1,MSFC-HDBK-3697_03_直接與間接接合方法.csv,218,indirect bonding,1,Indirect bonding is a connection made with a conductive jumper or strap.,現在簡單式,S + am / is / are + complement,"[""is""]",0.99,2026-09-21
c8ca9e595143790e772af402eb0a376e0241bf497a5058c3880b5a9f3705d249,MSFC-HDBK-3697_03_直接與間接接合方法.csv,218,indirect bonding,2,Indirect bonding is used when direct metal contact is impractical.,現在簡單式,S + am / is / are + complement,"[""is""]",0.99,2026-09-21
eec637874a29c8e30d5b1ead1dbfe8b38bf81fc8478ec1f27e8cfa4653187fe2,MSFC-HDBK-3697_03_直接與間接接合方法.csv,219,permanent joint,1,A permanent joint is formed when mating surfaces become one piece of metal.,現在簡單式,S + am / is / are + complement,"[""is""]",0.99,2026-09-21
54b7d3500124d42240dca90182b477fbf8c3a98bdeb41c9f552d67bb6066c206,MSFC-HDBK-3697_03_直接與間接接合方法.csv,219,permanent joint,2,A welded or brazed joint is considered a permanent joint.,現在簡單式,S + am / is / are + complement,"[""is""]",0.99,2026-09-21
000f43690026b243730c2baecf3fa1f7a3bd4475699a93d8bd513eba37e16a1a,MSFC-HDBK-3697_03_直接與間接接合方法.csv,220,semi-permanent joint,1,A semi-permanent joint is held together by removable fasteners.,現在簡單式,S + am / is / are + complement,"[""is""]",0.99,2026-09-21
7a916d219b5ce9215ba9410ba608aa6a63f14d5405575e751a5adeae259fd726,MSFC-HDBK-3697_03_直接與間接接合方法.csv,220,semi-permanent joint,2,A bolted or riveted assembly is considered a semi-permanent joint.,現在簡單式,S + am / is / are + complement,"[""is""]",0.99,2026-09-21
d2af27b06efbfe5fc9b0678fd037faa566e645112aa3f2d76aa5310cd49a9373,MSFC-HDBK-3697_03_直接與間接接合方法.csv,221,contact pressure,1,Contact pressure is necessary to maintain a stable conductive interface.,現在簡單式,S + am / is / are + complement,"[""is""]",0.99,2026-09-21
ca9c1426709e303650951ebfaf2e34209541317ab424ddd9ec0f346863a06df0,MSFC-HDBK-3697_03_直接與間接接合方法.csv,221,contact pressure,2,Adequate contact pressure is maintained by fasteners on the faying surfaces.,現在簡單式,S + am / is / are + complement,"[""is""]",0.99,2026-09-21
add517a5722d155a76f9b0d388cf91233009a7eed7ff21506e382ba78908ecd5,MSFC-HDBK-3697_03_直接與間接接合方法.csv,222,multiple fasteners,1,Multiple fasteners are useful on large mating flanges.,現在簡單式,S + am / is / are + complement,"[""are""]",0.99,2026-09-21
ee06802c789eee753ce2f43583f9bcf65f8a64d92f3e0ed5dab119ce1b870c7e,MSFC-HDBK-3697_03_直接與間接接合方法.csv,222,multiple fasteners,2,The use of multiple fasteners is analyzed as part of the bond path.,現在簡單式,S + am / is / are + complement,"[""is""]",0.99,2026-09-21
62ab3fa3001f17279ca950efb74bc06f5e8adab373b6f3df1bcb9ae31aaf6f6b,MSFC-HDBK-3697_03_直接與間接接合方法.csv,223,bond strap installation,1,Bond strap installation is controlled to prevent damage and excess inductance.,現在簡單式,S + am / is / are + complement,"[""is""]",0.99,2026-09-21
12178f2d7e86fd5df15da66d67563719d0008671057839f4dc5dadbf74b6a2d6,MSFC-HDBK-3697_03_直接與間接接合方法.csv,223,bond strap installation,2,Proper bond strap installation is important under vibration and motion.,現在簡單式,S + am / is / are + complement,"[""is""]",0.99,2026-09-21
e6d11438fe11d75aa1840795f79f345cec45b521ce4d965ec53f442417b47a6b,MSFC-HDBK-3697_03_直接與間接接合方法.csv,224,cross-sectional area,1,Cross-sectional area is selected for the current carried by a conductor.,現在簡單式,S + am / is / are + complement,"[""is""]",0.99,2026-09-21
7b9dd2d62d25e9caf6731d22a6375e5deafd471a3309b6ec8866f536d1a9ce5b,MSFC-HDBK-3697_03_直接與間接接合方法.csv,224,cross-sectional area,2,Adequate cross-sectional area is necessary for lightning bonding straps.,現在簡單式,S + am / is / are + complement,"[""is""]",0.99,2026-09-21
c8b0ac130ad76ba1aa7974a6bc081b8ab4ed42e91c7c40527bf6bc434229a76e,MSFC-HDBK-3697_04_材料表面清潔與腐蝕.csv,225,interference frequency spectrum,1,The interference frequency spectrum is used to evaluate bond impedance.,現在簡單式,S + am / is / are + complement,"[""is""]",0.99,2026-09-21
a71d736f6eb4b09d9771651583eb0aac79595490b7b0339ecdefd624816483cf,MSFC-HDBK-3697_04_材料表面清潔與腐蝕.csv,225,interference frequency spectrum,2,A broad interference frequency spectrum is important for radio-frequency bonding.,現在簡單式,S + am / is / are + complement,"[""is""]",0.99,2026-09-21
cc24d55e4cbfa014ea55185c91da761d7b74ada4f0922ebfd50bfdf23ce4072b,MSFC-HDBK-3697_04_材料表面清潔與腐蝕.csv,226,surface cleanliness,1,Surface cleanliness is necessary for low-resistance metal contact.,現在簡單式,S + am / is / are + complement,"[""is""]",0.99,2026-09-21
fe69125d91978757ad4fe94666040525a023f92c0287393dbdbae0e414ffa032,MSFC-HDBK-3697_04_材料表面清潔與腐蝕.csv,226,surface cleanliness,2,Good surface cleanliness is maintained before bond assembly.,現在簡單式,S + am / is / are + complement,"[""is""]",0.99,2026-09-21
98781f507ddafb7b867e059312f09ae71e7349aa2887906819be760f9fcc9549,MSFC-HDBK-3697_04_材料表面清潔與腐蝕.csv,227,contact surface area,1,Contact surface area is selected to carry the expected current.,現在簡單式,S + am / is / are + complement,"[""is""]",0.99,2026-09-21
ce532bcb193b4daceeec4d7f06bdddbb6c7bf518834fdc239e743bae53081669,MSFC-HDBK-3697_04_材料表面清潔與腐蝕.csv,227,contact surface area,2,A larger contact surface area is helpful for reducing joint impedance.,現在簡單式,S + am / is / are + complement,"[""is""]",0.99,2026-09-21
131601820d4a016a5f4a1aa42d9c6642fdba2a84c87d50bb403929a830d517c2,MSFC-HDBK-3697_04_材料表面清潔與腐蝕.csv,228,aqueous environment,1,An aqueous environment is an environment that contains liquid water or condensation.,現在簡單式,S + am / is / are + complement,"[""is""]",0.99,2026-09-21
439379d0a223bf76223b9542586c6062309ae1b02d43c7f3179cc60d3e66e408,MSFC-HDBK-3697_04_材料表面清潔與腐蝕.csv,228,aqueous environment,2,An aqueous environment is considered when fasteners are sealed against corrosion.,現在簡單式,S + am / is / are + complement,"[""are""]",0.99,2026-09-21
2293611f02b47a574bc08ac818922dac169396ce0d6dea02a44409ffed9e202d,MSFC-HDBK-3697_04_材料表面清潔與腐蝕.csv,229,corrosion-resistant steel,1,Corrosion-resistant steel is used where resistance to corrosion is required.,現在簡單式,S + am / is / are + complement,"[""is""]",0.99,2026-09-21
1f5e7841470ae6a8457e25228943b152a5c8afbae3e5ae6828c0069fffd17f73,MSFC-HDBK-3697_04_材料表面清潔與腐蝕.csv,229,corrosion-resistant steel,2,Corrosion-resistant steel is compared with other metals in the galvanic series.,現在簡單式,S + am / is / are + complement,"[""is""]",0.99,2026-09-21
ae886bd6867b12ebf7c60c955dea7e6267109edfb09c0c7e9eba88aab41fc5f5,MSFC-HDBK-3697_04_材料表面清潔與腐蝕.csv,230,protective finish,1,A protective finish is applied to limit corrosion and surface damage.,現在簡單式,S + am / is / are + complement,"[""is""]",0.99,2026-09-21
4ee095304e8cc1bceb7e55e386d3d5a28f6a2608a54dcc6573d604861cc882ba,MSFC-HDBK-3697_04_材料表面清潔與腐蝕.csv,230,protective finish,2,The original protective finish is restored after bonding work is complete.,現在簡單式,S + am / is / are + complement,"[""is""]",0.99,2026-09-21
dc347c0d26ee2a992918dcd7b72c41345bf10867855841fba2faf0ce16a8e077,MSFC-HDBK-3697_04_材料表面清潔與腐蝕.csv,231,galvanic couple,1,A galvanic couple is formed when dissimilar metals are electrically connected.,現在簡單式,S + am / is / are + complement,"[""are""]",0.99,2026-09-21
fb09d14f41b86e50f5720d0f85725b9bdbb688774b453dda8adb74a504b53e1e,MSFC-HDBK-3697_04_材料表面清潔與腐蝕.csv,231,galvanic couple,2,A galvanic couple is more active when an electrolyte is present.,現在簡單式,S + am / is / are + complement,"[""is""]",0.99,2026-09-21
4cc5c8b030928dd11d48513396626a19e194aa5f1f64466f42902d7444ebc284,MSFC-HDBK-3697_04_材料表面清潔與腐蝕.csv,232,conductive finish,1,A conductive finish is retained on a prepared bonding surface.,現在簡單式,S + am / is / are + complement,"[""is""]",0.99,2026-09-21
5f9931ef78965451fea2e7aa0da407cb943dc91f3bdd7ba56b2918879208f8bf,MSFC-HDBK-3697_04_材料表面清潔與腐蝕.csv,232,conductive finish,2,A conductive finish is cleaned rather than removed before assembly.,現在簡單式,S + am / is / are + complement,"[""is""]",0.99,2026-09-21
bce8eb3d9fe6d10b17694328ad7309b517c23b03d446dd14bc10476e4f950029,MSFC-HDBK-3697_05_特殊設備與複合材料接合.csv,233,enclosure shielding integrity,1,Enclosure shielding integrity is maintained across seams and access covers.,現在簡單式,S + am / is / are + complement,"[""is""]",0.99,2026-09-21
32075c2a0ea3862ec4cc3887e7667226b5b4a15bbc6249d0d68c3823a8832f7b,MSFC-HDBK-3697_05_特殊設備與複合材料接合.csv,233,enclosure shielding integrity,2,Good enclosure shielding integrity is dependent on low-impedance joints.,現在簡單式,S + am / is / are + complement,"[""is""]",0.99,2026-09-21
254d671f6e73d8f3b914b5cf84dbad6a211908184201bfbc8cc6eb7ac2c27713,MSFC-HDBK-3697_05_特殊設備與複合材料接合.csv,234,conductive gasket,1,A conductive gasket is used to bridge irregularities along an enclosure seam.,現在簡單式,S + am / is / are + complement,"[""is""]",0.99,2026-09-21
83b2fcc965ebf0085248ddaae0f74de0c677174e4ab9c8d0bfe936bf20aee66d,MSFC-HDBK-3697_05_特殊設備與複合材料接合.csv,234,conductive gasket,2,A conductive gasket is selected for compression and shielding effectiveness.,現在簡單式,S + am / is / are + complement,"[""is""]",0.99,2026-09-21
df807838f5956be665375364028b1e817517da664c94558396bea63223e277c5,MSFC-HDBK-3697_05_特殊設備與複合材料接合.csv,235,connector backshell,1,A connector backshell is bonded to the metal enclosure.,現在簡單式,S + am / is / are + complement,"[""is""]",0.99,2026-09-21
a51fe2246f4095aac1c08b6a8262889948706e1b0b29a73ac920c087233c473c,MSFC-HDBK-3697_05_特殊設備與複合材料接合.csv,235,connector backshell,2,The connector backshell is important for a complete cable-shield termination.,現在簡單式,S + am / is / are + complement,"[""is""]",0.99,2026-09-21
021876fd3f202fe7954a60b3240b95ce5771b3c3126e9265079a0420fbefa19a,MSFC-HDBK-3697_05_特殊設備與複合材料接合.csv,236,cable shield termination,1,A cable shield termination is connected to a low-impedance enclosure surface.,現在簡單式,S + am / is / are + complement,"[""is""]",0.99,2026-09-21
c9528f43e95a071c06fa693e76b1edf53d1eb85e1a22b780037f428036fef917,MSFC-HDBK-3697_05_特殊設備與複合材料接合.csv,236,cable shield termination,2,A complete cable shield termination is necessary for effective shielding.,現在簡單式,S + am / is / are + complement,"[""is""]",0.99,2026-09-21
7beeff0233489c7cb567ac0afae96f46fcc8dbaea2c326bfc43f12039e62636f,MSFC-HDBK-3697_05_特殊設備與複合材料接合.csv,237,bonding clamp,1,A bonding clamp is installed without damaging the conduit or hose.,現在簡單式,S + am / is / are + complement,"[""is""]",0.99,2026-09-21
e1b70c32a8b0aa586cfbadacdf3b7e80f62b5e52e1a0ceadfa5e5979498fb8b0,MSFC-HDBK-3697_05_特殊設備與複合材料接合.csv,237,bonding clamp,2,A bonding clamp is attached to a clean metal contact area.,現在簡單式,S + am / is / are + complement,"[""is""]",0.99,2026-09-21
b92be2f538d53ae2376d001e384db5123cb134e09fb31dfbc576a5d0bb40a4ed,MSFC-HDBK-3697_05_特殊設備與複合材料接合.csv,238,rotating joint,1,A rotating joint is bonded to prevent the accumulation of static charge.,現在簡單式,S + am / is / are + complement,"[""is""]",0.99,2026-09-21
4455ff72d212c1e6d6049aa6994a64428d86c4af1d6100cec452c0a4af6ff091,MSFC-HDBK-3697_05_特殊設備與複合材料接合.csv,238,rotating joint,2,A rotating joint is commonly bonded with a slip ring and brush assembly.,現在簡單式,S + am / is / are + complement,"[""is""]",0.99,2026-09-21
50ed0575feba941c866f7746d3bcd4e3ab095c07f4d3e0446a414d55bb791c33,MSFC-HDBK-3697_05_特殊設備與複合材料接合.csv,239,slip ring,1,A slip ring is a conductive device used on rotating machinery.,現在簡單式,S + am / is / are + complement,"[""is""]",0.99,2026-09-21
e088c974aa01a4c1d42e42aa3c6957f4df4e4fbf7bd17a5706947ed8ef11aee5,MSFC-HDBK-3697_05_特殊設備與複合材料接合.csv,239,slip ring,2,A slip ring is paired with a brush to provide a bonding path.,現在簡單式,S + am / is / are + complement,"[""is""]",0.99,2026-09-21
156377e42b3a565fdbc70f546b441c2ed52e6e68e1866f910fc455e4215f366d,MSFC-HDBK-3697_05_特殊設備與複合材料接合.csv,240,shock mount,1,A shock mount is a support device that isolates vibration and motion.,現在簡單式,S + am / is / are + complement,"[""is""]",0.99,2026-09-21
027975e2713aba9aeab32e6e11655bfb07f3a54611df9653d8c9d9d8ec46056d,MSFC-HDBK-3697_05_特殊設備與複合材料接合.csv,240,shock mount,2,A shock mount is bridged by flexible bonding straps when bonding is required.,現在簡單式,S + am / is / are + complement,"[""is""]",0.99,2026-09-21
6e28150bca1136ffe9a6a894f692eac5c4f023c2ce07c0466a8a9fbb60193c5f,MSFC-HDBK-3697_06_驗證與工程圖面.csv,241,bond verification,1,Bond verification is the process of confirming that a bond meets its requirements.,現在簡單式,S + am / is / are + complement,"[""is""]",0.99,2026-09-21
c58b944fe9f398f982252e1260846d8a0d1bde642ca662559703c817e4257170,MSFC-HDBK-3697_06_驗證與工程圖面.csv,241,bond verification,2,Bond verification is performed by inspection or resistance measurement.,現在簡單式,S + am / is / are + complement,"[""is""]",0.99,2026-09-21
d630d22818267d71543585f0f79a79d7ce3bf8ab2dc6854fb8b90f8761a24d10,MSFC-HDBK-3697_06_驗證與工程圖面.csv,242,milliohm meter,1,A milliohm meter is used to measure very low electrical resistance.,現在簡單式,S + am / is / are + complement,"[""is""]",0.99,2026-09-21
d4c751b6a0d2cb4ba395737d2693ab99b7bd6d1362c38ad8d2eaf58519c5d7c4,MSFC-HDBK-3697_06_驗證與工程圖面.csv,242,milliohm meter,2,A milliohm meter is connected with separate current and voltage leads.,現在簡單式,S + am / is / are + complement,"[""is""]",0.99,2026-09-21
9f5edb47e1877e4c7dc4a50d6a2f930b3d980c268d0bed2402540ed7dbd71657,MSFC-HDBK-3697_06_驗證與工程圖面.csv,243,four-wire method,1,A four-wire method is used to reduce lead-resistance error.,現在簡單式,S + am / is / are + complement,"[""is""]",0.99,2026-09-21
60b13e73b8a4cae162196f990a448f140da2f398f93b018bcb609b60cf7ce926,MSFC-HDBK-3697_06_驗證與工程圖面.csv,243,four-wire method,2,The four-wire method is suitable for low-resistance bond measurements.,現在簡單式,S + am / is / are + complement,"[""is""]",0.99,2026-09-21
ac9c9082485721eb1b385c51b6de2d28ee086c2744aa5bde9c96314f25291daf,MSFC-HDBK-3697_06_驗證與工程圖面.csv,244,verification requirement,1,A verification requirement is a defined method for confirming compliance.,現在簡單式,S + am / is / are + complement,"[""is""]",0.99,2026-09-21
01c2bff647eaf252174ffa09e26c0070be62a8d116350f813c9285055b9da282,MSFC-HDBK-3697_06_驗證與工程圖面.csv,244,verification requirement,2,Each verification requirement is linked to the applicable bond class.,現在簡單式,S + am / is / are + complement,"[""is""]",0.99,2026-09-21
c6a4d9955ffb66777a701b91f1638ead338a3372202a9f5405efc7fb59722b16,MSFC-HDBK-3697_06_驗證與工程圖面.csv,245,test data sheet,1,A test data sheet is a record of measured bond values.,現在簡單式,S + am / is / are + complement,"[""is""]",0.99,2026-09-21
9b774497858d9f64c46f1b350100c7d9b292c6ee635bf3862355fe1b56ae8a26,MSFC-HDBK-3697_06_驗證與工程圖面.csv,245,test data sheet,2,The test data sheet is retained as objective evidence of verification.,現在簡單式,S + am / is / are + complement,"[""is""]",0.99,2026-09-21
71f01435d02980f7c67ee797ce03e60df84c1c5ab4f99edca16ef0ce2fce3924,MSFC-HDBK-3697_06_驗證與工程圖面.csv,246,fabrication drawing,1,A fabrication drawing is used to communicate bonding details for a part.,現在簡單式,S + am / is / are + complement,"[""is""]",0.99,2026-09-21
436f54f1e00e17fb34a986132decf4baf77c2fe5f32e429cce8633fcd504cedb,MSFC-HDBK-3697_06_驗證與工程圖面.csv,246,fabrication drawing,2,A fabrication drawing is prepared with the required materials and finishes.,現在簡單式,S + am / is / are + complement,"[""is""]",0.99,2026-09-21
21ffcf276c8f619b513c31f7321f9433c73cc57f08365a70c2e72c878799c759,MSFC-HDBK-3697_06_驗證與工程圖面.csv,247,assembly drawing,1,An assembly drawing is used to show bonding between joined parts.,現在簡單式,S + am / is / are + complement,"[""is""]",0.99,2026-09-21
d3e5ee4236f8ea3e11ed912842cf3502d245eb32a62fc1e5df1f225b24066220,MSFC-HDBK-3697_06_驗證與工程圖面.csv,247,assembly drawing,2,An assembly drawing is prepared with local or flag notes where necessary.,現在簡單式,S + am / is / are + complement,"[""is""]",0.99,2026-09-21
b4baabbc59f94e530b0e5c802c2a018f5b8736b8879cb1354d661def8293ac47,MSFC-HDBK-3697_06_驗證與工程圖面.csv,248,bonding symbol,1,A bonding symbol is used to identify a required bonding location.,現在簡單式,S + am / is / are + complement,"[""is""]",0.99,2026-09-21
5248f5e27d2fe0af7b1a3baa7952dfd739b2f63f7e48c4a8c1cc56ec35ec34d5,MSFC-HDBK-3697_06_驗證與工程圖面.csv,248,bonding symbol,2,A bonding symbol is placed near the applicable drawing note.,現在簡單式,S + am / is / are + complement,"[""is""]",0.99,2026-09-21
03b5e879d62298a3c408685a4e15a16669c0cc66fa6244c836bf4da5fb5a6155,MSFC-HDBK-3697_07_電氣接合檢查表.csv,249,bonding checklist,1,A bonding checklist is used to review the design before release.,現在簡單式,S + am / is / are + complement,"[""is""]",0.99,2026-09-21
23349e99880cfcbbc61b439d9de7e96ad275426e1d1893bf837fb80e780d6737,MSFC-HDBK-3697_07_電氣接合檢查表.csv,249,bonding checklist,2,The bonding checklist is organized by design and verification topics.,現在簡單式,S + am / is / are + complement,"[""is""]",0.99,2026-09-21
896e9e410d0c5bed8eb709cf138251641b7aa86d9c00d1ef62fd474085380d49,MSFC-HDBK-3697_07_電氣接合檢查表.csv,250,inspection access,1,Inspection access is necessary for examining a completed bond.,現在簡單式,S + am / is / are + complement,"[""is""]",0.99,2026-09-21
cf0d2cef5f06e1ebaea776b6a6f318dd2f60704537d269eee302eef39b668928,MSFC-HDBK-3697_07_電氣接合檢查表.csv,250,inspection access,2,Adequate inspection access is considered during mechanical layout.,現在簡單式,S + am / is / are + complement,"[""is""]",0.99,2026-09-21
e2f9f878fc91966d8dd023ee87c087a952df1890c7067d42a72afcec0d3d61a0,MSFC-HDBK-3697_07_電氣接合檢查表.csv,251,installation sequence,1,An installation sequence is planned so bonding surfaces remain clean.,現在簡單式,S + am / is / are + complement,"[""is""]",0.99,2026-09-21
9eb96b6c41673ba1de1f122b1b6776d78b06f478e3bbdcbf3bad909399ff5944,MSFC-HDBK-3697_07_電氣接合檢查表.csv,251,installation sequence,2,The installation sequence is included in the work instructions when needed.,現在簡單式,S + am / is / are + complement,"[""is""]",0.99,2026-09-21
1b5bdb3fa4dbeddb526ac96501d83d9b3b87413e5e00e0f07ad8dcb1d87c7750,MSFC-HDBK-3697_07_電氣接合檢查表.csv,252,environmental exposure,1,Environmental exposure is considered when selecting corrosion protection.,現在簡單式,S + am / is / are + complement,"[""is""]",0.99,2026-09-21
fd0fac749b9d5380b7cc4afadb22961673653257c4020f886bb566f463cf1fa2,MSFC-HDBK-3697_07_電氣接合檢查表.csv,252,environmental exposure,2,Expected environmental exposure is reviewed for each bonding location.,現在簡單式,S + am / is / are + complement,"[""is""]",0.99,2026-09-21
bceb6e465e913f845baf4d1b7474f7dc3788c7031b28067142675e81374e17a6,MSFC-HDBK-3697_07_電氣接合檢查表.csv,253,measurement point,1,A measurement point is a defined location for checking bond resistance.,現在簡單式,S + am / is / are + complement,"[""is""]",0.99,2026-09-21
8879f5035f8af84f00327cba9b30e541ba831f01be2e64a386d0fa5061057e27,MSFC-HDBK-3697_07_電氣接合檢查表.csv,253,measurement point,2,Each measurement point is accessible to the verification technician.,現在簡單式,S + am / is / are + complement,"[""is""]",0.99,2026-09-21
6b01e2144e4bcec1a3b847cb6c8c1208c5afce9292dd4fcebcba62b8c6b80dd8,MSFC-HDBK-3697_07_電氣接合檢查表.csv,254,test lead,1,A test lead is a conductor that connects the meter to the bond.,現在簡單式,S + am / is / are + complement,"[""is""]",0.99,2026-09-21
cfca8f2b231b987ed924d647f4ec338be8fbcd3d9f2181b3e689c57ef316c0cc,MSFC-HDBK-3697_07_電氣接合檢查表.csv,254,test lead,2,A short test lead is useful for reducing measurement error.,現在簡單式,S + am / is / are + complement,"[""is""]",0.99,2026-09-21
6623b14a1e6eab3ae515e6c702d89da6b6ccbe71e722f0b1f45383b5bea20f9b,MSFC-HDBK-3697_07_電氣接合檢查表.csv,255,bond resistance limit,1,A bond resistance limit is the maximum acceptable measured resistance.,現在簡單式,S + am / is / are + complement,"[""is""]",0.99,2026-09-21
2702f8f38d601baff060336eaebd0a7122e3aa234175cd307101953d9143926b,MSFC-HDBK-3697_07_電氣接合檢查表.csv,255,bond resistance limit,2,The bond resistance limit is selected for the applicable bond class.,現在簡單式,S + am / is / are + complement,"[""is""]",0.99,2026-09-21
5e53bc6193960258d58ca33a0c8ae8c28939584b978318496c2f20d76ffb8734,MSFC-HDBK-3697_07_電氣接合檢查表.csv,256,compliance evidence,1,Compliance evidence is information that demonstrates a requirement is satisfied.,現在簡單式,S + am / is / are + complement,"[""is""]",0.99,2026-09-21
0514345b0efc811e1dc0e5fa7114aa505748e81697a9aa306cfcef81664eb454,MSFC-HDBK-3697_07_電氣接合檢查表.csv,256,compliance evidence,2,Recorded test data is retained as compliance evidence.,現在簡單式,S + am / is / are + complement,"[""is""]",0.99,2026-09-21
edb6d40e0d0571f54d0356fe7ea747145b56a54d9bbb5bac0b46a8f8a66d32c3,MSFC-HDBK-3697_08_術語與金屬清潔.csv,257,capacitive reactance,1,Capacitive reactance is the opposition of a capacitor to alternating current.,現在簡單式,S + am / is / are + complement,"[""is""]",0.99,2026-09-21
23c135df69d372e79db2c028747a393429443ab42d883f4ff6d7a0c04f902440,MSFC-HDBK-3697_08_術語與金屬清潔.csv,257,capacitive reactance,2,Capacitive reactance is dependent on frequency and capacitance.,現在簡單式,S + am / is / are + complement,"[""is""]",0.99,2026-09-21
8677af40e767ff19335e2c92cb79fb5d01c490ed56155917d34ceea5471fb1b5,MSFC-HDBK-3697_08_術語與金屬清潔.csv,258,inductive reactance,1,Inductive reactance is the opposition of an inductor to alternating current.,現在簡單式,S + am / is / are + complement,"[""is""]",0.99,2026-09-21
a1a4fa767eb46b65a4bb62f39dddb68bd2471c591f3da388d805c9da265625c0,MSFC-HDBK-3697_08_術語與金屬清潔.csv,258,inductive reactance,2,Inductive reactance is greater when frequency or inductance increases.,現在簡單式,S + am / is / are + complement,"[""is""]",0.99,2026-09-21
3f3360b9d604817d80b848babee580706f637e136bf262f151fdc3d7f2b819fb,MSFC-HDBK-3697_08_術語與金屬清潔.csv,259,conductance,1,Conductance is the reciprocal of electrical resistance.,現在簡單式,S + am / is / are + complement,"[""is""]",0.99,2026-09-21
365d29c508e770a040b4e631d0021df235caba891b3eb99c0f43f1823bfd4e75,MSFC-HDBK-3697_08_術語與金屬清潔.csv,259,conductance,2,Conductance is expressed in siemens.,現在簡單式,S + am / is / are + complement,"[""is""]",0.99,2026-09-21
bded78b553fddbb997e7b37b0cb67c8b6c5cd5ed7fc36c1c84c81428a73061c6,MSFC-HDBK-3697_08_術語與金屬清潔.csv,260,surface resistance,1,Surface resistance is measured along the surface of a material.,現在簡單式,S + am / is / are + complement,"[""is""]",0.99,2026-09-21
6583398fef657a77bc371453f248349b346ca9ce2a74f978efd4270826a8bc52,MSFC-HDBK-3697_08_術語與金屬清潔.csv,260,surface resistance,2,Surface resistance is important when evaluating static-charge dissipation.,現在簡單式,S + am / is / are + complement,"[""is""]",0.99,2026-09-21
7fb471450f4c0e4a4aabc570ebe8fe7ba2328dc07d35a22fb059a2e0a034b5cc,MSFC-HDBK-3697_08_術語與金屬清潔.csv,261,bulk resistivity,1,Bulk resistivity is an intrinsic electrical property of a material.,現在簡單式,S + am / is / are + complement,"[""is""]",0.99,2026-09-21
8dd29878a78b9f4adc924fbbd9bb27099907ff6b8bf6456a57baf468e3a8a24a,MSFC-HDBK-3697_08_術語與金屬清潔.csv,261,bulk resistivity,2,Bulk resistivity is used to compare conductive and insulating materials.,現在簡單式,S + am / is / are + complement,"[""is""]",0.99,2026-09-21
849e34759bb6d2b2bbdf90798d7ca335a3845f4f033ef14b5f18bf02da74ccd9,MSFC-HDBK-3697_08_術語與金屬清潔.csv,262,electrostatic charge,1,Electrostatic charge is an imbalance of electric charge on an item.,現在簡單式,S + am / is / are + complement,"[""is""]",0.99,2026-09-21
3ca9c66a267ce65a6422f851b29a894a4c86aa94d54f464108f8b1d93ff243fd,MSFC-HDBK-3697_08_術語與金屬清潔.csv,262,electrostatic charge,2,Electrostatic charge is dissipated through a suitable bonding path.,現在簡單式,S + am / is / are + complement,"[""is""]",0.99,2026-09-21
e91690191bb6dbb329ea844a1b294db9e15884587b0be2740240f832f9335df2,MSFC-HDBK-3697_08_術語與金屬清潔.csv,263,degreasing,1,Degreasing is a cleaning process that removes oil and grease.,現在簡單式,S + am / is / are + complement,"[""is""]",0.99,2026-09-21
e3c1d968b253a0e2bb11ac793c08c2013db9c78611c7883564d597c994a519bb,MSFC-HDBK-3697_08_術語與金屬清潔.csv,263,degreasing,2,Degreasing is completed before a bonding surface is prepared.,現在簡單式,S + am / is / are + complement,"[""is""]",0.99,2026-09-21
8cd854ce695e8e9e21a9d593ef0a5eb7e2644f39762fe082541ee1d8cba6bc23,MSFC-HDBK-3697_08_術語與金屬清潔.csv,264,abrasive blasting,1,Abrasive blasting is a process that cleans or roughens a metal surface.,現在簡單式,S + am / is / are + complement,"[""is""]",0.99,2026-09-21
be9c1682721d9e2437d6ce0a732890042af3f734947b41a50c0994f063d7399a,MSFC-HDBK-3697_08_術語與金屬清潔.csv,264,abrasive blasting,2,Abrasive blasting is controlled to avoid excessive material removal.,現在簡單式,S + am / is / are + complement,"[""is""]",0.99,2026-09-21
4e430b22f70d16c5d5d60ec9a61f96b555df9d7ed8ca300662e946707545a539,MSFC-HDBK-3697_01_需求發展與接合目的.csv,265,requirement allocation,1,Requirement allocation is the process of assigning requirements to system elements.,現在簡單式,S + am / is / are + complement,"[""is""]",0.99,2026-09-21
215e0386b8c6468d1200258795e8663e75be961bb51b0b87c99ee82596d27c9f,MSFC-HDBK-3697_01_需求發展與接合目的.csv,265,requirement allocation,2,Clear requirement allocation is necessary before detailed design begins.,現在簡單式,S + am / is / are + complement,"[""is""]",0.99,2026-09-21
b5810a51060e79d9913452c1e312c7986eb914001b4ebe3280bb0a871b380c80,MSFC-HDBK-3697_01_需求發展與接合目的.csv,266,design responsibility,1,Design responsibility is assigned to the team that develops each component.,現在簡單式,S + am / is / are + complement,"[""is""]",0.99,2026-09-21
ae7c28d8f61d6a9c0ea8036789effae475d4d41bbaf4364f019c69c28a1f5117,MSFC-HDBK-3697_01_需求發展與接合目的.csv,266,design responsibility,2,Each design responsibility is defined at the bottom of the physical hierarchy.,現在簡單式,S + am / is / are + complement,"[""is""]",0.99,2026-09-21
ee4fb1a88f3c63a6e53022347b1b2cd2ed7115a891d9ee115bfe1a785cb3640e,MSFC-HDBK-3697_02_接合分類與電氣設計.csv,267,low-inductance path,1,A low-inductance path is necessary for rapidly changing current.,現在簡單式,S + am / is / are + complement,"[""is""]",0.99,2026-09-21
0fa7f8ea048cd9bb7a413cfc3063251aab630f86e3be605d323a1cb44f1c9e20,MSFC-HDBK-3697_02_接合分類與電氣設計.csv,267,low-inductance path,2,A short and wide bond is a low-inductance path at high frequency.,現在簡單式,S + am / is / are + complement,"[""is""]",0.99,2026-09-21
1ad04b45892532d4d7ad2a84b46a881ace0741e888cfd96293419c4449332ffb,MSFC-HDBK-3697_02_接合分類與電氣設計.csv,268,stored energy,1,Stored energy is the energy retained by an electrostatically charged item.,現在簡單式,S + am / is / are + complement,"[""is""]",0.99,2026-09-21
0ad78a692f02419ec80f53a0c1b92d5bb1f027fd87104e2c17d2a9f544b63c3e,MSFC-HDBK-3697_02_接合分類與電氣設計.csv,268,stored energy,2,The allowed bond resistance is dependent on the stored energy of the item.,現在簡單式,S + am / is / are + complement,"[""is""]",0.99,2026-09-21
185852c06478b51bb5419910108f7787bdf16d4ce133edb617efb4022f48a733,MSFC-HDBK-3697_03_直接與間接接合方法.csv,269,brazed joint,1,A brazed joint is a permanent metallic connection formed with filler metal.,現在簡單式,S + am / is / are + complement,"[""is""]",0.99,2026-09-21
6c5d7cd5c5fb3110e8aed738ee4cbc17f44466dc07afb83b8336f8a4ac34b04e,MSFC-HDBK-3697_03_直接與間接接合方法.csv,269,brazed joint,2,A properly brazed joint is considered inherently bonded.,現在簡單式,S + am / is / are + complement,"[""is""]",0.99,2026-09-21
45c5f7a4169005447acdb8545ae7daa4f891dfb5cd65a5252a76eb8e44d921f1,MSFC-HDBK-3697_03_直接與間接接合方法.csv,270,strain relief,1,Strain relief is used to prevent mechanical loads from damaging a bond strap.,現在簡單式,S + am / is / are + complement,"[""is""]",0.99,2026-09-21
4d36564548655d1a91e794a679dfc5591ac9ca230703030416d5a45b75265d56,MSFC-HDBK-3697_03_直接與間接接合方法.csv,270,strain relief,2,Adequate strain relief is important when a strap moves during service.,現在簡單式,S + am / is / are + complement,"[""is""]",0.99,2026-09-21
8312fac187585af4b74fdcb36a22289d70eacb45cb878bdf48dd155650b56e9f,MSFC-HDBK-3697_04_材料表面清潔與腐蝕.csv,271,nonconductive film,1,A nonconductive film is removed from a faying surface before bonding.,現在簡單式,S + am / is / are + complement,"[""is""]",0.99,2026-09-21
2a88a02360d8bcf1d558d9f1677fb7138bf35dbdf25c091d6477d269eb08c556,MSFC-HDBK-3697_04_材料表面清潔與腐蝕.csv,271,nonconductive film,2,A nonconductive film is removed by the least invasive practical method.,現在簡單式,S + am / is / are + complement,"[""is""]",0.99,2026-09-21
69866d846ff1147d275418220df044fd5586e8b57b803e836c6fea6b1987175d,MSFC-HDBK-3697_04_材料表面清潔與腐蝕.csv,272,refinishing,1,Refinishing is the restoration of a protective finish after bonding work.,現在簡單式,S + am / is / are + complement,"[""is""]",0.99,2026-09-21
e0d0ff571083d7fe421bb6889118bf7397d09383de6a560478e53ac7bbc8cc81,MSFC-HDBK-3697_04_材料表面清潔與腐蝕.csv,272,refinishing,2,Refinishing is completed soon after the original coating is removed.,現在簡單式,S + am / is / are + complement,"[""is""]",0.99,2026-09-21
6e818e77342225fab4a01afc14a81e8c49b707fb3a414ffc6cf3ca2786bb6f8b,MSFC-HDBK-3697_05_特殊設備與複合材料接合.csv,273,piano hinge,1,A piano hinge is not a reliable bonding path when lubricant is present.,現在簡單式,S + am / is / are + complement,"[""is""]",0.99,2026-09-21
3bef96f2effdbc264f2dc7ee633b1f162196929cc4ab08aad6cd65f3430ccf41,MSFC-HDBK-3697_05_特殊設備與複合材料接合.csv,273,piano hinge,2,A flexible strap across a piano hinge is an alternate electrical path.,現在簡單式,S + am / is / are + complement,"[""is""]",0.99,2026-09-21
5aa385afa681baf0b11018f947d25abaeee3d76900fc7af2ebb847ef9722bd8c,MSFC-HDBK-3697_05_特殊設備與複合材料接合.csv,274,multilayer insulation,1,Multilayer insulation is a thermal blanket made from several thin layers.,現在簡單式,S + am / is / are + complement,"[""is""]",0.99,2026-09-21
3daf6f66e3b821b0077cc53f99ec8e11af18a6d8751d7ae32c13b25499c746f4,MSFC-HDBK-3697_05_特殊設備與複合材料接合.csv,274,multilayer insulation,2,Conductive multilayer insulation is bonded to prevent static-charge buildup.,現在簡單式,S + am / is / are + complement,"[""is""]",0.99,2026-09-21
5ad99a1b786c53e7d4a4b7e5286468e352dab1658abf99f0676ad00d64e20718,MSFC-HDBK-3697_06_驗證與工程圖面.csv,275,production inspection,1,Production inspection is used to confirm that bonding details are correctly built.,現在簡單式,S + am / is / are + complement,"[""are""]",0.99,2026-09-21
b1a7245fd5141024b545891352e9016a0a2d46cf74976905368a76cc3b8ed9eb,MSFC-HDBK-3697_06_驗證與工程圖面.csv,275,production inspection,2,A clear drawing note is important for repeatable production inspection.,現在簡單式,S + am / is / are + complement,"[""is""]",0.99,2026-09-21
e78b1f120f8c2b38b45746b2cf5e9320a4bafd387dffb4a197276110289ff470,MSFC-HDBK-3697_06_驗證與工程圖面.csv,276,bonding note,1,A bonding note is a drawing instruction for preparing or verifying a bond.,現在簡單式,S + am / is / are + complement,"[""is""]",0.99,2026-09-21
cb0561a66adaadc2a437bf1ba392c180e81c0ad344645a53748a6ebe481567c6,MSFC-HDBK-3697_06_驗證與工程圖面.csv,276,bonding note,2,A bonding note is placed where manufacturing personnel can apply it correctly.,現在簡單式,S + am / is / are + complement,"[""is""]",0.99,2026-09-21
d80cf1a030cc53e6cf83bb88cce68f65f5d2efda2b18b125ed863b48c6a253eb,MSFC-HDBK-3697_07_電氣接合檢查表.csv,277,checklist item,1,A checklist item is a single design or verification question that requires review.,現在簡單式,S + am / is / are + complement,"[""is""]",0.99,2026-09-21
527199968040892317a688cf0b9c9c7e98c6516d12400c3550827d62e6ded8e5,MSFC-HDBK-3697_07_電氣接合檢查表.csv,277,checklist item,2,Each checklist item is closed before the bonding design is released.,現在簡單式,S + am / is / are + complement,"[""is""]",0.99,2026-09-21
e879fd3c2240bda8a104c490582af8f72133ce05bb2fe3cb7a525f419a579182,MSFC-HDBK-3697_07_電氣接合檢查表.csv,278,corrective action,1,A corrective action is a change that resolves an identified bonding problem.,現在簡單式,S + am / is / are + complement,"[""is""]",0.99,2026-09-21
5e35f837875c5fdb111fa05dce7974ac4dd0dbb7e515d7c189731efff22632db,MSFC-HDBK-3697_07_電氣接合檢查表.csv,278,corrective action,2,A corrective action is recorded when inspection finds an unacceptable bond.,現在簡單式,S + am / is / are + complement,"[""is""]",0.99,2026-09-21
93118b5c2ee2d6fc57947a04216af6cf7bd53554849663a54e296ba42f20588b,MSFC-HDBK-3697_08_術語與金屬清潔.csv,279,solvent cleaning,1,Solvent cleaning is a method for removing oil and loose contamination.,現在簡單式,S + am / is / are + complement,"[""is""]",0.99,2026-09-21
c7674b899893e3de6575e6acca1bccc3bbda590744d956eb9b11e236e996c08a,MSFC-HDBK-3697_08_術語與金屬清潔.csv,279,solvent cleaning,2,Solvent cleaning is completed with a material compatible with the base metal.,現在簡單式,S + am / is / are + complement,"[""is""]",0.99,2026-09-21
6acb8432912ee6ecb7b87e8901402f2164d5a89ffd374680e59118842f825447,MSFC-HDBK-3697_08_術語與金屬清潔.csv,280,oxide film,1,An oxide film is a surface layer formed by reaction with oxygen.,現在簡單式,S + am / is / are + complement,"[""is""]",0.99,2026-09-21
d1a9e98f90db351d7c40db39f47ad09ffa38d28a3e761899cb5dabe00cebee7c,MSFC-HDBK-3697_08_術語與金屬清潔.csv,280,oxide film,2,An excessive oxide film is removed before an electrical bond is assembled.,現在簡單式,S + am / is / are + complement,"[""is""]",0.99,2026-09-21
419ee8aa030b4b74c88e6c13466efedd1fbd5c30de251f48f3f8b0d78d637877,MSFC-HDBK-3697_01_需求發展與接合目的.csv,281,mechanical designer,1,"The handbook discusses the term ""mechanical designer"" during requirements development and flowdown.",現在簡單式,S + V / V-s,"[""discusses""]",0.99,2026-09-21
f0dd24b37fbcdb220ea8c5461ed02afd103bc56743700948296e0fb8a29b9fdd,MSFC-HDBK-3697_01_需求發展與接合目的.csv,281,mechanical designer,2,"The design team reviews ""mechanical designer"" before the bonding requirement is released.",現在簡單式,S + V / V-s,"[""reviews""]",0.99,2026-09-21
f70ab3ffd7429695c27b5d7f475484d457105cdd8dee508c75ecf1c824b1da5a,MSFC-HDBK-3697_01_需求發展與接合目的.csv,282,electrical bonding requirement,1,"The handbook discusses the term ""electrical bonding requirement"" during requirements development and flowdown.",現在簡單式,S + V / V-s,"[""discusses""]",0.99,2026-09-21
9a30cb0f0f8f5f3302ef985f8b1a4177c42818eff068185e03cc5043d9146939,MSFC-HDBK-3697_01_需求發展與接合目的.csv,282,electrical bonding requirement,2,"The design team reviews ""electrical bonding requirement"" before the bonding requirement is released.",現在簡單式,S + V / V-s,"[""reviews""]",0.99,2026-09-21
6aaeff6a9e279a73bac3896968b78f87a300d45476bce4c7b613f56a4a04b638,MSFC-HDBK-3697_01_需求發展與接合目的.csv,283,space vehicle,1,"The handbook discusses the term ""space vehicle"" during requirements development and flowdown.",現在簡單式,S + V / V-s,"[""discusses""]",0.99,2026-09-21
4986c75735d9c449df03d73bb0a5bbb0f3abfae049571fd4bd85673548809e83,MSFC-HDBK-3697_01_需求發展與接合目的.csv,283,space vehicle,2,"The design team reviews ""space vehicle"" before the bonding requirement is released.",現在簡單式,S + V / V-s,"[""reviews""]",0.99,2026-09-21
a8c604076c8820ecdb4090de725dec6bc5f7813c9b2c01093a7ce1db53a655b8,MSFC-HDBK-3697_01_需求發展與接合目的.csv,284,manufacturing organization,1,"The handbook discusses the term ""manufacturing organization"" during requirements development and flowdown.",現在簡單式,S + V / V-s,"[""discusses""]",0.99,2026-09-21
bc5df2e9112a2df1f59ffb3d19018526bf0775fe73862f82abc700e460dfcd98,MSFC-HDBK-3697_01_需求發展與接合目的.csv,284,manufacturing organization,2,"The design team reviews ""manufacturing organization"" before the bonding requirement is released.",現在簡單式,S + V / V-s,"[""reviews""]",0.99,2026-09-21
a41cc21157f682283dbaf15784ee5bd0fd000cc38bbd83670cb5e636bdd87b49,MSFC-HDBK-3697_01_需求發展與接合目的.csv,285,design preference,1,"The handbook discusses the term ""design preference"" during requirements development and flowdown.",現在簡單式,S + V / V-s,"[""discusses""]",0.99,2026-09-21
db78a04705f2fd5fd1dafa0882ad53ccc331dd8b265d58ed3613f984e328c5c9,MSFC-HDBK-3697_01_需求發展與接合目的.csv,285,design preference,2,"The design team reviews ""design preference"" before the bonding requirement is released.",現在簡單式,S + V / V-s,"[""reviews""]",0.99,2026-09-21
0aea931b1cc927984f4ddc47ba73d600ffaffc29c25171599debf7b134c8d0c4,MSFC-HDBK-3697_01_需求發展與接合目的.csv,286,bonding road map,1,"The handbook discusses the term ""bonding road map"" during requirements development and flowdown.",現在簡單式,S + V / V-s,"[""discusses""]",0.99,2026-09-21
47f03a29d7b7e3f33889a099478b3da71c6d69a2b4936f8102677f40e210c8f8,MSFC-HDBK-3697_01_需求發展與接合目的.csv,286,bonding road map,2,"The design team reviews ""bonding road map"" before the bonding requirement is released.",現在簡單式,S + V / V-s,"[""reviews""]",0.99,2026-09-21
dc08b1d2959669f3404400a2a2c9529deb2259033c686fad0960ce589fdec2a1,MSFC-HDBK-3697_01_需求發展與接合目的.csv,287,iterative process,1,"The handbook discusses the term ""iterative process"" during requirements development and flowdown.",現在簡單式,S + V / V-s,"[""discusses""]",0.99,2026-09-21
9062e00e1c06d29ffae5786d284e957f105dde053c71af3873183a914b220409,MSFC-HDBK-3697_01_需求發展與接合目的.csv,287,iterative process,2,"The design team reviews ""iterative process"" before the bonding requirement is released.",現在簡單式,S + V / V-s,"[""reviews""]",0.99,2026-09-21
2926231ecc10110cbad1ee4abdb8f56c6c1acb62a662206ece82193deaef7a78,MSFC-HDBK-3697_01_需求發展與接合目的.csv,288,system requirements review,1,"The handbook discusses the term ""system requirements review"" during requirements development and flowdown.",現在簡單式,S + V / V-s,"[""discusses""]",0.99,2026-09-21
ce8e45844d2affc21e63a425dd76561b072281255cfa92db79c7fa67a549385d,MSFC-HDBK-3697_01_需求發展與接合目的.csv,288,system requirements review,2,"The design team reviews ""system requirements review"" before the bonding requirement is released.",現在簡單式,S + V / V-s,"[""reviews""]",0.99,2026-09-21
80b0988fd9fc7f66f2a68bea14c2ed70d56123d520e01f86e1497b24461963fa,MSFC-HDBK-3697_01_需求發展與接合目的.csv,289,requirements baseline,1,"The handbook discusses the term ""requirements baseline"" during requirements development and flowdown.",現在簡單式,S + V / V-s,"[""discusses""]",0.99,2026-09-21
4be74565f4b036b32740787ae2dba5af947ba238b71db1907f705917508d99eb,MSFC-HDBK-3697_01_需求發展與接合目的.csv,289,requirements baseline,2,"The design team reviews ""requirements baseline"" before the bonding requirement is released.",現在簡單式,S + V / V-s,"[""reviews""]",0.99,2026-09-21
5aaba3157bbe7ea093305508a8f3c0e7f6edd27434c93a91768a241f49da6b0e,MSFC-HDBK-3697_01_需求發展與接合目的.csv,290,system technical requirement,1,"The handbook discusses the term ""system technical requirement"" during requirements development and flowdown.",現在簡單式,S + V / V-s,"[""discusses""]",0.99,2026-09-21
e8dc9281613f8c180f7461221a34231e0ba175d9c18bda002c3ed5d8062f420a,MSFC-HDBK-3697_01_需求發展與接合目的.csv,290,system technical requirement,2,"The design team reviews ""system technical requirement"" before the bonding requirement is released.",現在簡單式,S + V / V-s,"[""reviews""]",0.99,2026-09-21
689c6b547b2e17dd153f2d2549ca31a1988a74d462fcef981dcfb4887502ca70,MSFC-HDBK-3697_01_需求發展與接合目的.csv,291,functional architecture,1,"The handbook discusses the term ""functional architecture"" during requirements development and flowdown.",現在簡單式,S + V / V-s,"[""discusses""]",0.99,2026-09-21
f86c8bc7027d01d7ed2a5904e62cc4d2a9304365e28bef6367f5ee2f6bd7484d,MSFC-HDBK-3697_01_需求發展與接合目的.csv,291,functional architecture,2,"The design team reviews ""functional architecture"" before the bonding requirement is released.",現在簡單式,S + V / V-s,"[""reviews""]",0.99,2026-09-21
45379432ee3be7b381cd59f9e50b97888f374f437491e201f1ba77784cb5906b,MSFC-HDBK-3697_01_需求發展與接合目的.csv,292,product technical requirement,1,"The handbook discusses the term ""product technical requirement"" during requirements development and flowdown.",現在簡單式,S + V / V-s,"[""discusses""]",0.99,2026-09-21
05be58c1ea5774cb19cc0eb237592317584dd8b5322ffc655041111981ec270c,MSFC-HDBK-3697_01_需求發展與接合目的.csv,292,product technical requirement,2,"The design team reviews ""product technical requirement"" before the bonding requirement is released.",現在簡單式,S + V / V-s,"[""reviews""]",0.99,2026-09-21
dc1292c4f826892bee6156e635cf7bc406e2fb3e0e8fe14c901963df05c8da79,MSFC-HDBK-3697_01_需求發展與接合目的.csv,293,technical constraint,1,"The handbook discusses the term ""technical constraint"" during requirements development and flowdown.",現在簡單式,S + V / V-s,"[""discusses""]",0.99,2026-09-21
3737478fb0f00def9e47f07da6a8fb8370e474da41fd437787aa63a4a480224f,MSFC-HDBK-3697_01_需求發展與接合目的.csv,293,technical constraint,2,"The design team reviews ""technical constraint"" before the bonding requirement is released.",現在簡單式,S + V / V-s,"[""reviews""]",0.99,2026-09-21
244bb80b9f2eb40123cbdfbbaa34ea2a10825805c26753b079540ddf5c57213d,MSFC-HDBK-3697_01_需求發展與接合目的.csv,294,mission objective,1,"The handbook discusses the term ""mission objective"" during requirements development and flowdown.",現在簡單式,S + V / V-s,"[""discusses""]",0.99,2026-09-21
bbde529f66a3e73e3c419c6d4ddbd44bd71d9c7737d31d2ea2f353e24a246c51,MSFC-HDBK-3697_01_需求發展與接合目的.csv,294,mission objective,2,"The design team reviews ""mission objective"" before the bonding requirement is released.",現在簡單式,S + V / V-s,"[""reviews""]",0.99,2026-09-21
e25346a9edb0776884e791d57311c4e129e9408c9d9be150c8cd94dc53bd14fb,MSFC-HDBK-3697_01_需求發展與接合目的.csv,295,design team,1,"The handbook discusses the term ""design team"" during requirements development and flowdown.",現在簡單式,S + V / V-s,"[""discusses""]",0.99,2026-09-21
fb3caaa46a0c7bc08f6a201c8cc92283dc205e458b05ed45d31801b68709be58,MSFC-HDBK-3697_01_需求發展與接合目的.csv,295,design team,2,"The design team reviews ""design team"" before the bonding requirement is released.",現在簡單式,S + V / V-s,"[""reviews""]",0.99,2026-09-21
5ed0d933200ee630ce2983e52185acddd102874694113a52d61274bf7ff301ce,MSFC-HDBK-3697_01_需求發展與接合目的.csv,296,subcontractor,1,"The handbook discusses the term ""subcontractor"" during requirements development and flowdown.",現在簡單式,S + V / V-s,"[""discusses""]",0.99,2026-09-21
a1df72de9f684342e599d7ddc619b84b9a4d26143c0e7bb28f674549dd262609,MSFC-HDBK-3697_01_需求發展與接合目的.csv,296,subcontractor,2,"The design team reviews ""subcontractor"" before the bonding requirement is released.",現在簡單式,S + V / V-s,"[""reviews""]",0.99,2026-09-21
f4582219814b96696f1c303eae27dc56a2e806c06dfbef5fc6312916e28f478a,MSFC-HDBK-3697_01_需求發展與接合目的.csv,297,component development,1,"The handbook discusses the term ""component development"" during requirements development and flowdown.",現在簡單式,S + V / V-s,"[""discusses""]",0.99,2026-09-21
69b62a5edc2b0efecc322dbe863a9e3de9b09deae790e69146a3f13d670037a8,MSFC-HDBK-3697_01_需求發展與接合目的.csv,297,component development,2,"The design team reviews ""component development"" before the bonding requirement is released.",現在簡單式,S + V / V-s,"[""reviews""]",0.99,2026-09-21
7d6dc3c0713bcd9f56d8c1efe079c9ce517c4800b6e78fd98da3f386dd93d4ff,MSFC-HDBK-3697_01_需求發展與接合目的.csv,298,requirement validation,1,"The handbook discusses the term ""requirement validation"" during requirements development and flowdown.",現在簡單式,S + V / V-s,"[""discusses""]",0.99,2026-09-21
ebbef1e6c27f1c7b4c6ecf81ffd02ae22af753e558922597d47880b11720b252,MSFC-HDBK-3697_01_需求發展與接合目的.csv,298,requirement validation,2,"The design team reviews ""requirement validation"" before the bonding requirement is released.",現在簡單式,S + V / V-s,"[""reviews""]",0.99,2026-09-21
3e73036c327a94c7f65ecae5dea486f10f384f00c71283729f92aa6d23de3f8f,MSFC-HDBK-3697_01_需求發展與接合目的.csv,299,requirements analysis,1,"The handbook discusses the term ""requirements analysis"" during requirements development and flowdown.",現在簡單式,S + V / V-s,"[""discusses""]",0.99,2026-09-21
ae636c6375370575a71871437a8bd47bc55ae1a0a5c9f58ad424ec80c4f9f88a,MSFC-HDBK-3697_01_需求發展與接合目的.csv,299,requirements analysis,2,"The design team reviews ""requirements analysis"" before the bonding requirement is released.",現在簡單式,S + V / V-s,"[""reviews""]",0.99,2026-09-21
263fb1e11ae27ae4359b4ec84d9ce0e4f0381dc9c358fdd1730feb1521501d14,MSFC-HDBK-3697_01_需求發展與接合目的.csv,300,allocation process,1,"The handbook discusses the term ""allocation process"" during requirements development and flowdown.",現在簡單式,S + V / V-s,"[""discusses""]",0.99,2026-09-21
9e36b479e2e4af337d3d9f9f8612ee5755e87ff03c7a8fdd751e483e9146df27,MSFC-HDBK-3697_01_需求發展與接合目的.csv,300,allocation process,2,"The design team reviews ""allocation process"" before the bonding requirement is released.",現在簡單式,S + V / V-s,"[""reviews""]",0.99,2026-09-21
c43e2dd97e6b1e5eabaa0b0c8c8c37d380183b72d7298fe566ad2f18afbd5e4f,MSFC-HDBK-3697_01_需求發展與接合目的.csv,301,system element,1,"The handbook discusses the term ""system element"" during requirements development and flowdown.",現在簡單式,S + V / V-s,"[""discusses""]",0.99,2026-09-21
496a0a96f512420faeb750978684e52b885c9785f1709550f1bf3fcb9313a850,MSFC-HDBK-3697_01_需求發展與接合目的.csv,301,system element,2,"The design team reviews ""system element"" before the bonding requirement is released.",現在簡單式,S + V / V-s,"[""reviews""]",0.99,2026-09-21
7e8fe2a91a2b498ef1ea6fbc05d018940e9e69f62250e1c02dd1ffc5f1c65464,MSFC-HDBK-3697_01_需求發展與接合目的.csv,302,design option,1,"The handbook discusses the term ""design option"" during requirements development and flowdown.",現在簡單式,S + V / V-s,"[""discusses""]",0.99,2026-09-21
8bea31cf306bcfedbbd780505f1899d6a01c9f7c6476248554c6ddf2248cf5c0,MSFC-HDBK-3697_01_需求發展與接合目的.csv,302,design option,2,"The design team reviews ""design option"" before the bonding requirement is released.",現在簡單式,S + V / V-s,"[""reviews""]",0.99,2026-09-21
40c1f4d526591ecd43b74afffee7b6452b07a0f8338c5130d6d62e8d8b7a045c,MSFC-HDBK-3697_01_需求發展與接合目的.csv,303,program requirement,1,"The handbook discusses the term ""program requirement"" during requirements development and flowdown.",現在簡單式,S + V / V-s,"[""discusses""]",0.99,2026-09-21
3ba90852eead36b83b2f86bdb7440a922ecd635ce36875c753f74181fe906f9c,MSFC-HDBK-3697_01_需求發展與接合目的.csv,303,program requirement,2,"The design team reviews ""program requirement"" before the bonding requirement is released.",現在簡單式,S + V / V-s,"[""reviews""]",0.99,2026-09-21
ccd431919657ce0c83d9274336cf4d790549fc0945c8932b78cff792f056f04e,MSFC-HDBK-3697_01_需求發展與接合目的.csv,304,project requirement,1,"The handbook discusses the term ""project requirement"" during requirements development and flowdown.",現在簡單式,S + V / V-s,"[""discusses""]",0.99,2026-09-21
b8562a1e9e872739180dc263c9068336e1dbff3be40ba1847b269dd6f230c475,MSFC-HDBK-3697_01_需求發展與接合目的.csv,304,project requirement,2,"The design team reviews ""project requirement"" before the bonding requirement is released.",現在簡單式,S + V / V-s,"[""reviews""]",0.99,2026-09-21
6561a5cae87013c4b4fb715363d067f52f9b8c95cf4f10ea82e3527b7c2126d0,MSFC-HDBK-3697_01_需求發展與接合目的.csv,305,applicable requirement,1,"The handbook discusses the term ""applicable requirement"" during requirements development and flowdown.",現在簡單式,S + V / V-s,"[""discusses""]",0.99,2026-09-21
8e03113bf52dd0adfa2664b419a589d1930b31d7ff485be83a935500d0fa86be,MSFC-HDBK-3697_01_需求發展與接合目的.csv,305,applicable requirement,2,"The design team reviews ""applicable requirement"" before the bonding requirement is released.",現在簡單式,S + V / V-s,"[""reviews""]",0.99,2026-09-21
91ea83cd783aec5e5840033da5b5eb82b55a729d6fe1b4c50fb5f234d8a181ba,MSFC-HDBK-3697_01_需求發展與接合目的.csv,306,generic requirement,1,"The handbook discusses the term ""generic requirement"" during requirements development and flowdown.",現在簡單式,S + V / V-s,"[""discusses""]",0.99,2026-09-21
6d90402618bbeea1490b73b8bd7418e6185b27efe75d106531ad707a837a1a4b,MSFC-HDBK-3697_01_需求發展與接合目的.csv,306,generic requirement,2,"The design team reviews ""generic requirement"" before the bonding requirement is released.",現在簡單式,S + V / V-s,"[""reviews""]",0.99,2026-09-21
f7046fa8d64d90fc8fb184f8e05912460ea611c15bb0bde77a2e05ee6130dd78,MSFC-HDBK-3697_01_需求發展與接合目的.csv,307,requirement adjustment,1,"The handbook discusses the term ""requirement adjustment"" during requirements development and flowdown.",現在簡單式,S + V / V-s,"[""discusses""]",0.99,2026-09-21
7c3fc166b102942df006ad7d28c95b9b40f2b8790716741585e9d1cd51dde536,MSFC-HDBK-3697_01_需求發展與接合目的.csv,307,requirement adjustment,2,"The design team reviews ""requirement adjustment"" before the bonding requirement is released.",現在簡單式,S + V / V-s,"[""reviews""]",0.99,2026-09-21
d24143e53e6c5aed4212eada72e4f36d146465ad4257fbace7d3537ad174010e,MSFC-HDBK-3697_01_需求發展與接合目的.csv,308,design progress,1,"The handbook discusses the term ""design progress"" during requirements development and flowdown.",現在簡單式,S + V / V-s,"[""discusses""]",0.99,2026-09-21
572c441cf8f7785e34e611573e69efa295b3339e836546780b36fff7c1a0c1d6,MSFC-HDBK-3697_01_需求發展與接合目的.csv,308,design progress,2,"The design team reviews ""design progress"" before the bonding requirement is released.",現在簡單式,S + V / V-s,"[""reviews""]",0.99,2026-09-21
221c3d80afada1d247fa898d002940e66ebc73359a29e4de2f7bfeda527badef,MSFC-HDBK-3697_01_需求發展與接合目的.csv,309,mechanical design,1,"The handbook discusses the term ""mechanical design"" during requirements development and flowdown.",現在簡單式,S + V / V-s,"[""discusses""]",0.99,2026-09-21
51f01c6084a63c5f9fd948b59a665d28759395cc04c3e351d356873c1a7ea302,MSFC-HDBK-3697_01_需求發展與接合目的.csv,309,mechanical design,2,"The design team reviews ""mechanical design"" before the bonding requirement is released.",現在簡單式,S + V / V-s,"[""reviews""]",0.99,2026-09-21
178ddc06577789df00df971de2133f53e2addf9cfebbb3acf02dd30751562924,MSFC-HDBK-3697_02_接合分類與電氣設計.csv,310,power current return,1,"The handbook uses ""power current return"" when it explains the purpose or performance of an electrical bond.",現在簡單式,S + V / V-s,"[""uses"", ""explains""]",0.99,2026-09-21
caacb7017fa8c12a9be58f3c863d7f98ddfa34d5d587154f873e2101dc708125,MSFC-HDBK-3697_02_接合分類與電氣設計.csv,310,power current return,2,"The designer reviews ""power current return"" before selecting a bonding class.",現在簡單式,S + V / V-s,"[""reviews""]",0.99,2026-09-21
d122274d2c3e4e0fa736ad4fdb0b6d65bf2f205310484e2b1b0139af95b59540,MSFC-HDBK-3697_02_接合分類與電氣設計.csv,311,intentional current,1,"The handbook uses ""intentional current"" when it explains the purpose or performance of an electrical bond.",現在簡單式,S + V / V-s,"[""uses"", ""explains""]",0.99,2026-09-21
b85890ccb3cd502b7c16d4fc5f8460397e1fe545ccca4251254e4e5878749bf3,MSFC-HDBK-3697_02_接合分類與電氣設計.csv,311,intentional current,2,"The designer reviews ""intentional current"" before selecting a bonding class.",現在簡單式,S + V / V-s,"[""reviews""]",0.99,2026-09-21
3e0263a8b6dcc6c06c95fb5a57f6ae04586449972fad288156c6cb9f59d382f1,MSFC-HDBK-3697_02_接合分類與電氣設計.csv,312,upstream protective device,1,"The handbook uses ""upstream protective device"" when it explains the purpose or performance of an electrical bond.",現在簡單式,S + V / V-s,"[""uses"", ""explains""]",0.99,2026-09-21
7d1d0515d45399ec74e0f81a5d0ccd6fcd420d0ffea55e49d88f818ebc489059,MSFC-HDBK-3697_02_接合分類與電氣設計.csv,312,upstream protective device,2,"The designer reviews ""upstream protective device"" before selecting a bonding class.",現在簡單式,S + V / V-s,"[""reviews""]",0.99,2026-09-21
fb1d87c2b33c468e92bb17965f41d02308a5b77b502075747a364f1abeea2a2b,MSFC-HDBK-3697_02_接合分類與電氣設計.csv,313,exposed case,1,"The handbook uses ""exposed case"" when it explains the purpose or performance of an electrical bond.",現在簡單式,S + V / V-s,"[""uses"", ""explains""]",0.99,2026-09-21
a95516d04e39d71b09349ee6a3d380af02bbf20fda6c4d90606e2dc2d0464fd1,MSFC-HDBK-3697_02_接合分類與電氣設計.csv,313,exposed case,2,"The designer reviews ""exposed case"" before selecting a bonding class.",現在簡單式,S + V / V-s,"[""reviews""]",0.99,2026-09-21
543ebe7a84b0d5d089d3dbcb6c878dcdf3eb689fdeaab407f9972df38beebe25,MSFC-HDBK-3697_02_接合分類與電氣設計.csv,314,fire hazard,1,"The handbook uses ""fire hazard"" when it explains the purpose or performance of an electrical bond.",現在簡單式,S + V / V-s,"[""uses"", ""explains""]",0.99,2026-09-21
cee380a5dba3edda89c69fb76e2f7cafa97c7e786a88fe7857609ed0340c4db3,MSFC-HDBK-3697_02_接合分類與電氣設計.csv,314,fire hazard,2,"The designer reviews ""fire hazard"" before selecting a bonding class.",現在簡單式,S + V / V-s,"[""reviews""]",0.99,2026-09-21
70446a26020264731ad609cb369941cb2c4f5d49107d69fa21cb87e4f0cdb5fb,MSFC-HDBK-3697_02_接合分類與電氣設計.csv,315,radio frequency current,1,"The handbook uses ""radio frequency current"" when it explains the purpose or performance of an electrical bond.",現在簡單式,S + V / V-s,"[""uses"", ""explains""]",0.99,2026-09-21
9b9b8577f8d7f05b3f3eca17d91912a28fa7b2398030e60f699a8ea8eaeca989,MSFC-HDBK-3697_02_接合分類與電氣設計.csv,315,radio frequency current,2,"The designer reviews ""radio frequency current"" before selecting a bonding class.",現在簡單式,S + V / V-s,"[""reviews""]",0.99,2026-09-21
99d357c4f4261f2a95ada025be315aefd42f69cca6d9fe0d1af5e8afb13fe63c,MSFC-HDBK-3697_02_接合分類與電氣設計.csv,316,shielding effectiveness,1,"The handbook uses ""shielding effectiveness"" when it explains the purpose or performance of an electrical bond.",現在簡單式,S + V / V-s,"[""uses"", ""explains""]",0.99,2026-09-21
a2d855c953844e28c376257d79081ea61de6e03a47eaed04d3de54cc07214f28,MSFC-HDBK-3697_02_接合分類與電氣設計.csv,316,shielding effectiveness,2,"The designer reviews ""shielding effectiveness"" before selecting a bonding class.",現在簡單式,S + V / V-s,"[""reviews""]",0.99,2026-09-21
cb85fe5b24b275c21fdee712d5dbc4c0aca0f2baa0e1e1c963616f2fa06ed1c5,MSFC-HDBK-3697_02_接合分類與電氣設計.csv,317,frequency of interest,1,"The handbook uses ""frequency of interest"" when it explains the purpose or performance of an electrical bond.",現在簡單式,S + V / V-s,"[""uses"", ""explains""]",0.99,2026-09-21
70621ca4a1d4cffa3fd4038cd797a86685b3af2b256625e14521637e8e1f4030,MSFC-HDBK-3697_02_接合分類與電氣設計.csv,317,frequency of interest,2,"The designer reviews ""frequency of interest"" before selecting a bonding class.",現在簡單式,S + V / V-s,"[""reviews""]",0.99,2026-09-21
d61b6ce6e932b687820b247674dd0fdcaebafdd5aa5e6a375ff887d6807bf0a9,MSFC-HDBK-3697_02_接合分類與電氣設計.csv,318,electric-field interference,1,"The handbook uses ""electric-field interference"" when it explains the purpose or performance of an electrical bond.",現在簡單式,S + V / V-s,"[""uses"", ""explains""]",0.99,2026-09-21
5eb8060a4ff66b72b37ee8fdd324d211e587a56892f0e4d17783573d04da2cca,MSFC-HDBK-3697_02_接合分類與電氣設計.csv,318,electric-field interference,2,"The designer reviews ""electric-field interference"" before selecting a bonding class.",現在簡單式,S + V / V-s,"[""reviews""]",0.99,2026-09-21
0d43ec874fa5e68133ff94a14a000dd29d49780e7e3a38638131fd9d358593a8,MSFC-HDBK-3697_02_接合分類與電氣設計.csv,319,lightning current,1,"The handbook uses ""lightning current"" when it explains the purpose or performance of an electrical bond.",現在簡單式,S + V / V-s,"[""uses"", ""explains""]",0.99,2026-09-21
670b8bc1f512271dec11a660c899e2631246467f27ca1fbed63891d9588ee659,MSFC-HDBK-3697_02_接合分類與電氣設計.csv,319,lightning current,2,"The designer reviews ""lightning current"" before selecting a bonding class.",現在簡單式,S + V / V-s,"[""reviews""]",0.99,2026-09-21
7a18eb6958c7ae11c741f2c884c7bbb06707f6a7132f63808e04831ed897f03d,MSFC-HDBK-3697_02_接合分類與電氣設計.csv,320,fast rise time,1,"The handbook uses ""fast rise time"" when it explains the purpose or performance of an electrical bond.",現在簡單式,S + V / V-s,"[""uses"", ""explains""]",0.99,2026-09-21
2b8b36e2bbd581850af244fe5e0354c01c15bc0db3a2e7434a0b7f95d20fa5e1,MSFC-HDBK-3697_02_接合分類與電氣設計.csv,320,fast rise time,2,"The designer reviews ""fast rise time"" before selecting a bonding class.",現在簡單式,S + V / V-s,"[""reviews""]",0.99,2026-09-21
82fe3cf31dcacecb2f885b36b86573271b0c09439aaa673abf87e409cac8b958,MSFC-HDBK-3697_02_接合分類與電氣設計.csv,321,magnetic force,1,"The handbook uses ""magnetic force"" when it explains the purpose or performance of an electrical bond.",現在簡單式,S + V / V-s,"[""uses"", ""explains""]",0.99,2026-09-21
33bec71c6c46a6511d7fe9ff308ab6635360eae9bcd68fcfe750b6646ab79516,MSFC-HDBK-3697_02_接合分類與電氣設計.csv,321,magnetic force,2,"The designer reviews ""magnetic force"" before selecting a bonding class.",現在簡單式,S + V / V-s,"[""reviews""]",0.99,2026-09-21
e3e9fbc1b0522804f9691ad34c0e15410250e9fd1498bfa731842638ac1f8ad0,MSFC-HDBK-3697_02_接合分類與電氣設計.csv,322,vehicle skin,1,"The handbook uses ""vehicle skin"" when it explains the purpose or performance of an electrical bond.",現在簡單式,S + V / V-s,"[""uses"", ""explains""]",0.99,2026-09-21
18c53881781a6408de23741bb0252216f88e082e023c33343c826a41963519a1,MSFC-HDBK-3697_02_接合分類與電氣設計.csv,322,vehicle skin,2,"The designer reviews ""vehicle skin"" before selecting a bonding class.",現在簡單式,S + V / V-s,"[""reviews""]",0.99,2026-09-21
913d134f019d9c7d96994518986259f3bbc7ef6c37bb3d885e1df12157d9a3c6,MSFC-HDBK-3697_02_接合分類與電氣設計.csv,323,conductive material,1,"The handbook uses ""conductive material"" when it explains the purpose or performance of an electrical bond.",現在簡單式,S + V / V-s,"[""uses"", ""explains""]",0.99,2026-09-21
e618abba14416634d136069c8faf4dd2aa5dcf78ac870dbf61c297f805ee38d6,MSFC-HDBK-3697_02_接合分類與電氣設計.csv,323,conductive material,2,"The designer reviews ""conductive material"" before selecting a bonding class.",現在簡單式,S + V / V-s,"[""reviews""]",0.99,2026-09-21
aac129c88c152fc6a8e2f96ed82c0351825d6a0695910472d81aa212f2ad2fca,MSFC-HDBK-3697_02_接合分類與電氣設計.csv,324,ignition hazard,1,"The handbook uses ""ignition hazard"" when it explains the purpose or performance of an electrical bond.",現在簡單式,S + V / V-s,"[""uses"", ""explains""]",0.99,2026-09-21
bb877fcfe5c2c65d52590071c3fd1c493a2a4dc14e29a22e5f62da890c3d7f28,MSFC-HDBK-3697_02_接合分類與電氣設計.csv,324,ignition hazard,2,"The designer reviews ""ignition hazard"" before selecting a bonding class.",現在簡單式,S + V / V-s,"[""reviews""]",0.99,2026-09-21
ef87bbec22654d0547d3ea423f91ff4fc2a110fb8fa9fbf18b510acdf3b6db42,MSFC-HDBK-3697_02_接合分類與電氣設計.csv,325,series inductance,1,"The handbook uses ""series inductance"" when it explains the purpose or performance of an electrical bond.",現在簡單式,S + V / V-s,"[""uses"", ""explains""]",0.99,2026-09-21
aa608c1c4fbb1e52c3189abb37b047d5d5c0a2d4ba2b9b85a3a27c2d56f961cd,MSFC-HDBK-3697_02_接合分類與電氣設計.csv,325,series inductance,2,"The designer reviews ""series inductance"" before selecting a bonding class.",現在簡單式,S + V / V-s,"[""reviews""]",0.99,2026-09-21
7d20f20d0d3566e0ad3d9d9eedb2ec4cfed8901ebe0650487fad6037d1ffc0b3,MSFC-HDBK-3697_02_接合分類與電氣設計.csv,326,bond discontinuity,1,"The handbook uses ""bond discontinuity"" when it explains the purpose or performance of an electrical bond.",現在簡單式,S + V / V-s,"[""uses"", ""explains""]",0.99,2026-09-21
883777a9eb29d441dd080a5a5a0f15fa066a311312a0b45da167e94304aafe60,MSFC-HDBK-3697_02_接合分類與電氣設計.csv,326,bond discontinuity,2,"The designer reviews ""bond discontinuity"" before selecting a bonding class.",現在簡單式,S + V / V-s,"[""reviews""]",0.99,2026-09-21
734d982c66e690a367871b6894308bb366ec1a6f07f2d693fbaffc47039a1b6b,MSFC-HDBK-3697_02_接合分類與電氣設計.csv,327,electrostatic discharge prevention,1,"The handbook uses ""electrostatic discharge prevention"" when it explains the purpose or performance of an electrical bond.",現在簡單式,S + V / V-s,"[""uses"", ""explains""]",0.99,2026-09-21
3dcb56c09994a9971b23ee58f7e8df9a054e3a932eafa3a917619b4683b86a57,MSFC-HDBK-3697_02_接合分類與電氣設計.csv,327,electrostatic discharge prevention,2,"The designer reviews ""electrostatic discharge prevention"" before selecting a bonding class.",現在簡單式,S + V / V-s,"[""reviews""]",0.99,2026-09-21
45c52aa5fc39e9b397d6b9fef7200fdc7c04c0ee86aa912ff1c79daad40e4848,MSFC-HDBK-3697_02_接合分類與電氣設計.csv,328,charge imbalance,1,"The handbook uses ""charge imbalance"" when it explains the purpose or performance of an electrical bond.",現在簡單式,S + V / V-s,"[""uses"", ""explains""]",0.99,2026-09-21
9d060e9d5a704d673ea393ed5135807b3c29ee53d25956262719bb0cf1e01681,MSFC-HDBK-3697_02_接合分類與電氣設計.csv,328,charge imbalance,2,"The designer reviews ""charge imbalance"" before selecting a bonding class.",現在簡單式,S + V / V-s,"[""reviews""]",0.99,2026-09-21
c9f377db45da21688cc92b01ed26561620c8afe3933bcae88936841439de723e,MSFC-HDBK-3697_02_接合分類與電氣設計.csv,329,potential difference,1,"The handbook uses ""potential difference"" when it explains the purpose or performance of an electrical bond.",現在簡單式,S + V / V-s,"[""uses"", ""explains""]",0.99,2026-09-21
72b5628fa48f95f1f6def2816dbec7e37552917e1b940b240e12615fe776b787,MSFC-HDBK-3697_02_接合分類與電氣設計.csv,329,potential difference,2,"The designer reviews ""potential difference"" before selecting a bonding class.",現在簡單式,S + V / V-s,"[""reviews""]",0.99,2026-09-21
b1c3d4ab79217726a52266c2a67498d01e16e839dfc067bca0222e781a52e273,MSFC-HDBK-3697_02_接合分類與電氣設計.csv,330,dielectric breakdown,1,"The handbook uses ""dielectric breakdown"" when it explains the purpose or performance of an electrical bond.",現在簡單式,S + V / V-s,"[""uses"", ""explains""]",0.99,2026-09-21
4e2bd3c0c3233626e658675754fadd7798e131bef9d1fc66e8a1925d30c1078d,MSFC-HDBK-3697_02_接合分類與電氣設計.csv,330,dielectric breakdown,2,"The designer reviews ""dielectric breakdown"" before selecting a bonding class.",現在簡單式,S + V / V-s,"[""reviews""]",0.99,2026-09-21
da2891895c0a9aca719d9f1959dabd40cb4411e5336cde3f178518ef58586e87,MSFC-HDBK-3697_02_接合分類與電氣設計.csv,331,conductive item,1,"The handbook uses ""conductive item"" when it explains the purpose or performance of an electrical bond.",現在簡單式,S + V / V-s,"[""uses"", ""explains""]",0.99,2026-09-21
3386dbe3df4f7a9834a660bff7c1f0217ac3f24ccb98f3c834de9ccaf0589631,MSFC-HDBK-3697_02_接合分類與電氣設計.csv,331,conductive item,2,"The designer reviews ""conductive item"" before selecting a bonding class.",現在簡單式,S + V / V-s,"[""reviews""]",0.99,2026-09-21
c5233f3a10f43ad33b6548b6ae183f8784477ba8d32e9f0c72e4ed8e84428fdf,MSFC-HDBK-3697_02_接合分類與電氣設計.csv,332,active antenna element,1,"The handbook uses ""active antenna element"" when it explains the purpose or performance of an electrical bond.",現在簡單式,S + V / V-s,"[""uses"", ""explains""]",0.99,2026-09-21
46c3aa1f7374a5d68d275fbed090bfde646b651011d0e9f58ed029b6cbb70a63,MSFC-HDBK-3697_02_接合分類與電氣設計.csv,332,active antenna element,2,"The designer reviews ""active antenna element"" before selecting a bonding class.",現在簡單式,S + V / V-s,"[""reviews""]",0.99,2026-09-21
ad1a857f0f62a2185bea8a1b40cf2823d0eb2a27058a6414d5fd2244c28ec985,MSFC-HDBK-3697_02_接合分類與電氣設計.csv,333,performance analysis,1,"The handbook uses ""performance analysis"" when it explains the purpose or performance of an electrical bond.",現在簡單式,S + V / V-s,"[""uses"", ""explains""]",0.99,2026-09-21
ce251bb43308cdd245db82b4de1196b88e2056ce7e349da5f8d641df498da930,MSFC-HDBK-3697_02_接合分類與電氣設計.csv,333,performance analysis,2,"The designer reviews ""performance analysis"" before selecting a bonding class.",現在簡單式,S + V / V-s,"[""reviews""]",0.99,2026-09-21
94fd787bac5f0207c8f632105005f840ddab7581499648c11ee32803fa8292d0,MSFC-HDBK-3697_02_接合分類與電氣設計.csv,334,shock protection,1,"The handbook uses ""shock protection"" when it explains the purpose or performance of an electrical bond.",現在簡單式,S + V / V-s,"[""uses"", ""explains""]",0.99,2026-09-21
aca806573312c94bc0c2d6068c17fb048594ff99940ca8a34a48dd1c5978569a,MSFC-HDBK-3697_02_接合分類與電氣設計.csv,334,shock protection,2,"The designer reviews ""shock protection"" before selecting a bonding class.",現在簡單式,S + V / V-s,"[""reviews""]",0.99,2026-09-21
862e0eca25928ac1c4315358d9004c562d688489915a335d981276ce444d0192,MSFC-HDBK-3697_02_接合分類與電氣設計.csv,335,static charge buildup,1,"The handbook uses ""static charge buildup"" when it explains the purpose or performance of an electrical bond.",現在簡單式,S + V / V-s,"[""uses"", ""explains""]",0.99,2026-09-21
420c95dabf7819cd588fbd3180de839ca1ead2d3aaf62d92e94fbbccf6131220,MSFC-HDBK-3697_02_接合分類與電氣設計.csv,335,static charge buildup,2,"The designer reviews ""static charge buildup"" before selecting a bonding class.",現在簡單式,S + V / V-s,"[""reviews""]",0.99,2026-09-21
c1e88be46388d7140c11a9e1134ac6e6608103af3c98144893aadacfbfe8ba6d,MSFC-HDBK-3697_02_接合分類與電氣設計.csv,336,dedicated power return,1,"The handbook uses ""dedicated power return"" when it explains the purpose or performance of an electrical bond.",現在簡單式,S + V / V-s,"[""uses"", ""explains""]",0.99,2026-09-21
a6fdfd90209ff9229e9fd47012cdb29653c105e55b96ec7146ea8fbbce0cd94e,MSFC-HDBK-3697_02_接合分類與電氣設計.csv,336,dedicated power return,2,"The designer reviews ""dedicated power return"" before selecting a bonding class.",現在簡單式,S + V / V-s,"[""reviews""]",0.99,2026-09-21
208b8b573a8c152475c6908c6dd0cc0260c4a355074083141107be472d951b23,MSFC-HDBK-3697_02_接合分類與電氣設計.csv,337,protective device,1,"The handbook uses ""protective device"" when it explains the purpose or performance of an electrical bond.",現在簡單式,S + V / V-s,"[""uses"", ""explains""]",0.99,2026-09-21
745bde49f9143e3bbc9932135e7381978620e5460d29e21e09245c7972acea8f,MSFC-HDBK-3697_02_接合分類與電氣設計.csv,337,protective device,2,"The designer reviews ""protective device"" before selecting a bonding class.",現在簡單式,S + V / V-s,"[""reviews""]",0.99,2026-09-21
6a14d753ae132c31f1930c5ec3101d9c1237bbf9ac413f9a50a5c23cb6c3b3f4,MSFC-HDBK-3697_02_接合分類與電氣設計.csv,338,large-current capacity,1,"The handbook uses ""large-current capacity"" when it explains the purpose or performance of an electrical bond.",現在簡單式,S + V / V-s,"[""uses"", ""explains""]",0.99,2026-09-21
eda710b4da1bc2b95126e1afdddbe95d4baa8efbd02ea86640e71525188e36f2,MSFC-HDBK-3697_02_接合分類與電氣設計.csv,338,large-current capacity,2,"The designer reviews ""large-current capacity"" before selecting a bonding class.",現在簡單式,S + V / V-s,"[""reviews""]",0.99,2026-09-21
5e08c82a8a7c8462659e4d177d1603790ab07158da5e2e75dc575c4195e92b92,MSFC-HDBK-3697_03_直接與間接接合方法.csv,339,high-strength steel bolt,1,"The handbook uses ""high-strength steel bolt"" when it explains how to assemble a reliable bond connection.",現在簡單式,S + V / V-s,"[""uses"", ""explains""]",0.99,2026-09-21
7d67d646f53b905f2fe4d5e13e6163bab009961f8fe5835c6cc4fcd6aca8218a,MSFC-HDBK-3697_03_直接與間接接合方法.csv,339,high-strength steel bolt,2,"The installer reviews ""high-strength steel bolt"" before completing the joint.",現在簡單式,S + V / V-s,"[""reviews""]",0.99,2026-09-21
d3a46d24ef66f0deef302be29b5c99821afd459e9136f741ff98a79059a78581,MSFC-HDBK-3697_03_直接與間接接合方法.csv,340,alloying material,1,"The handbook uses ""alloying material"" when it explains how to assemble a reliable bond connection.",現在簡單式,S + V / V-s,"[""uses"", ""explains""]",0.99,2026-09-21
e02182e1a69d662b1d83b4b71bc47b908c29c3a85423fcd29a0b827b902476c9,MSFC-HDBK-3697_03_直接與間接接合方法.csv,340,alloying material,2,"The installer reviews ""alloying material"" before completing the joint.",現在簡單式,S + V / V-s,"[""reviews""]",0.99,2026-09-21
4895c159d4b82b8743c90add3f8cd29e8a0e1599224e349e2ccc8fde10e76367,MSFC-HDBK-3697_03_直接與間接接合方法.csv,341,mating flange,1,"The handbook uses ""mating flange"" when it explains how to assemble a reliable bond connection.",現在簡單式,S + V / V-s,"[""uses"", ""explains""]",0.99,2026-09-21
23e1100639752d561acbf363b7c850ced1516bb05cdbbab98d465b4fcea94cc8,MSFC-HDBK-3697_03_直接與間接接合方法.csv,341,mating flange,2,"The installer reviews ""mating flange"" before completing the joint.",現在簡單式,S + V / V-s,"[""reviews""]",0.99,2026-09-21
f8b99a87785ce3d5c3bb22ad7951343c367bff074296930c4d783e135d18dca2,MSFC-HDBK-3697_03_直接與間接接合方法.csv,342,spring nut,1,"The handbook uses ""spring nut"" when it explains how to assemble a reliable bond connection.",現在簡單式,S + V / V-s,"[""uses"", ""explains""]",0.99,2026-09-21
1814807d96b4ec50fb3bda9ea11dc8bc393fc7e1b8597a27df7cff4b6057127a,MSFC-HDBK-3697_03_直接與間接接合方法.csv,342,spring nut,2,"The installer reviews ""spring nut"" before completing the joint.",現在簡單式,S + V / V-s,"[""reviews""]",0.99,2026-09-21
7c53cedf9fa2a7d31f636fd40d73afb44aab8740420db18c437706a34440b15b,MSFC-HDBK-3697_03_直接與間接接合方法.csv,343,self-tapping screw,1,"The handbook uses ""self-tapping screw"" when it explains how to assemble a reliable bond connection.",現在簡單式,S + V / V-s,"[""uses"", ""explains""]",0.99,2026-09-21
e9461547a2f84e3cdb57af2e9c66941e7a622e51e9c31348ee7d3d0103b47cf5,MSFC-HDBK-3697_03_直接與間接接合方法.csv,343,self-tapping screw,2,"The installer reviews ""self-tapping screw"" before completing the joint.",現在簡單式,S + V / V-s,"[""reviews""]",0.99,2026-09-21
026e647c69ebb5e598173444e1ab460ac508e1aaddd797bd855671ff45b12642,MSFC-HDBK-3697_03_直接與間接接合方法.csv,344,locking feature,1,"The handbook uses ""locking feature"" when it explains how to assemble a reliable bond connection.",現在簡單式,S + V / V-s,"[""uses"", ""explains""]",0.99,2026-09-21
7ea78e166591391436a851504cadd3a5a69df31275ee52362808fcdbb7219fae,MSFC-HDBK-3697_03_直接與間接接合方法.csv,344,locking feature,2,"The installer reviews ""locking feature"" before completing the joint.",現在簡單式,S + V / V-s,"[""reviews""]",0.99,2026-09-21
785b3f7dbcb9dc48f98b57cdab55c62263e667e3d6f5cb4221773aaff4440b0d,MSFC-HDBK-3697_03_直接與間接接合方法.csv,345,preload-critical joint,1,"The handbook uses ""preload-critical joint"" when it explains how to assemble a reliable bond connection.",現在簡單式,S + V / V-s,"[""uses"", ""explains""]",0.99,2026-09-21
3337abb0b9d4002e17954868d2b3ae66caaa23a7472af216eb82147d21a273c1,MSFC-HDBK-3697_03_直接與間接接合方法.csv,345,preload-critical joint,2,"The installer reviews ""preload-critical joint"" before completing the joint.",現在簡單式,S + V / V-s,"[""reviews""]",0.99,2026-09-21
0b3ea0b743c7ccf23af1df025d79185e1381c1a79db92ee94158ee684ecd7d62,MSFC-HDBK-3697_03_直接與間接接合方法.csv,346,flat washer,1,"The handbook uses ""flat washer"" when it explains how to assemble a reliable bond connection.",現在簡單式,S + V / V-s,"[""uses"", ""explains""]",0.99,2026-09-21
2229898bf6c5909ceea339edb2f4cf4c96b966d9a1151079d2f6dd4e3380ab4d,MSFC-HDBK-3697_03_直接與間接接合方法.csv,346,flat washer,2,"The installer reviews ""flat washer"" before completing the joint.",現在簡單式,S + V / V-s,"[""reviews""]",0.99,2026-09-21
7ecfa4d93a79483309efcf9b937206ea306935deb41d9c853143d1ec6d610bc9,MSFC-HDBK-3697_03_直接與間接接合方法.csv,347,conical washer,1,"The handbook uses ""conical washer"" when it explains how to assemble a reliable bond connection.",現在簡單式,S + V / V-s,"[""uses"", ""explains""]",0.99,2026-09-21
df4aa436f384ee4e22e8af367425505695e31566b53ff7b568a8900d168bedb1,MSFC-HDBK-3697_03_直接與間接接合方法.csv,347,conical washer,2,"The installer reviews ""conical washer"" before completing the joint.",現在簡單式,S + V / V-s,"[""reviews""]",0.99,2026-09-21
939cb10973dfc52db6517b8fd8ba6e8b7412cef777b9b3dec28c10574fe0880d,MSFC-HDBK-3697_03_直接與間接接合方法.csv,348,helical-spring washer,1,"The handbook uses ""helical-spring washer"" when it explains how to assemble a reliable bond connection.",現在簡單式,S + V / V-s,"[""uses"", ""explains""]",0.99,2026-09-21
53b2c54de4046aebd91e4fe04d686c394cb8ba9769477256711a829466b3eb72,MSFC-HDBK-3697_03_直接與間接接合方法.csv,348,helical-spring washer,2,"The installer reviews ""helical-spring washer"" before completing the joint.",現在簡單式,S + V / V-s,"[""reviews""]",0.99,2026-09-21
856c6e22145c29d3d05a811b02b2267f56999a21f31a241fbb49557e53a151bf,MSFC-HDBK-3697_03_直接與間接接合方法.csv,349,lock washer,1,"The handbook uses ""lock washer"" when it explains how to assemble a reliable bond connection.",現在簡單式,S + V / V-s,"[""uses"", ""explains""]",0.99,2026-09-21
255dbe69e19d478c894535cd23b1bcc59fecc673611131ddaaf84e3b09c10a96,MSFC-HDBK-3697_03_直接與間接接合方法.csv,349,lock washer,2,"The installer reviews ""lock washer"" before completing the joint.",現在簡單式,S + V / V-s,"[""reviews""]",0.99,2026-09-21
97c758b547345b3e6fe975400c280edee49fb160b9a93ad81b3be42debb1f2d8,MSFC-HDBK-3697_03_直接與間接接合方法.csv,350,foreign object debris,1,"The handbook uses ""foreign object debris"" when it explains how to assemble a reliable bond connection.",現在簡單式,S + V / V-s,"[""uses"", ""explains""]",0.99,2026-09-21
daaede9ccea40acb6478e82a767cfed407715f0b85b26ee30be64a8e658f96c4,MSFC-HDBK-3697_03_直接與間接接合方法.csv,350,foreign object debris,2,"The installer reviews ""foreign object debris"" before completing the joint.",現在簡單式,S + V / V-s,"[""reviews""]",0.99,2026-09-21
a20fe0560d2e010f1e0a2655b1bf1adf97a09700e7f4c9eb49fcc937e16c6f90,MSFC-HDBK-3697_03_直接與間接接合方法.csv,351,match-drilled hole,1,"The handbook uses ""match-drilled hole"" when it explains how to assemble a reliable bond connection.",現在簡單式,S + V / V-s,"[""uses"", ""explains""]",0.99,2026-09-21
981fba1b16b6ab089b26da05634fbda4cafe28a8380fabffd2fe9cc7ec40f95b,MSFC-HDBK-3697_03_直接與間接接合方法.csv,351,match-drilled hole,2,"The installer reviews ""match-drilled hole"" before completing the joint.",現在簡單式,S + V / V-s,"[""reviews""]",0.99,2026-09-21
cf54791990bca0544808d6572047c8f5a600acc8127cb55e7fb10667c0514a8f,MSFC-HDBK-3697_03_直接與間接接合方法.csv,352,countersinking,1,"The handbook uses ""countersinking"" when it explains how to assemble a reliable bond connection.",現在簡單式,S + V / V-s,"[""uses"", ""explains""]",0.99,2026-09-21
63ecfa14183f7d5f97aa692fb5f463864938cdaa64ffbfbbfb83f367bae9fe58,MSFC-HDBK-3697_03_直接與間接接合方法.csv,352,countersinking,2,"The installer reviews ""countersinking"" before completing the joint.",現在簡單式,S + V / V-s,"[""reviews""]",0.99,2026-09-21
86bb7431c6ae3a45448134618e0ea4a0a519b3537b34f7d86879bf898a404783,MSFC-HDBK-3697_03_直接與間接接合方法.csv,353,dimpling,1,"The handbook uses ""dimpling"" when it explains how to assemble a reliable bond connection.",現在簡單式,S + V / V-s,"[""uses"", ""explains""]",0.99,2026-09-21
7bf10dbd870b753e82809128f8628da1b9d4b3287c0b0297edfc268320f3547a,MSFC-HDBK-3697_03_直接與間接接合方法.csv,353,dimpling,2,"The installer reviews ""dimpling"" before completing the joint.",現在簡單式,S + V / V-s,"[""reviews""]",0.99,2026-09-21
cb76412d4c141f503fe3bcc365e04edd81cf1bff50f46ede159af9d9265cd5c4,MSFC-HDBK-3697_03_直接與間接接合方法.csv,354,blind structural rivet,1,"The handbook uses ""blind structural rivet"" when it explains how to assemble a reliable bond connection.",現在簡單式,S + V / V-s,"[""uses"", ""explains""]",0.99,2026-09-21
aa05a629835901a13d63585e7e4a933b07914d9b5aabcc0414ab36ed9397419f,MSFC-HDBK-3697_03_直接與間接接合方法.csv,354,blind structural rivet,2,"The installer reviews ""blind structural rivet"" before completing the joint.",現在簡單式,S + V / V-s,"[""reviews""]",0.99,2026-09-21
09892305fcee48d6f1e2fbd4a4c893371a5dc324c3e9c3f2c84b870cbd03bd49,MSFC-HDBK-3697_03_直接與間接接合方法.csv,355,blind nonstructural rivet,1,"The handbook uses ""blind nonstructural rivet"" when it explains how to assemble a reliable bond connection.",現在簡單式,S + V / V-s,"[""uses"", ""explains""]",0.99,2026-09-21
f90ea7593ef47ce5f89b1bb547ae87e4ebec11018025680ea121ca15d22e155f,MSFC-HDBK-3697_03_直接與間接接合方法.csv,355,blind nonstructural rivet,2,"The installer reviews ""blind nonstructural rivet"" before completing the joint.",現在簡單式,S + V / V-s,"[""reviews""]",0.99,2026-09-21
874157aba8588a9c4d6cb6b0c7cd1023c1d8e581162ad82fca475820a70a2fc0,MSFC-HDBK-3697_03_直接與間接接合方法.csv,356,fabrication tolerance,1,"The handbook uses ""fabrication tolerance"" when it explains how to assemble a reliable bond connection.",現在簡單式,S + V / V-s,"[""uses"", ""explains""]",0.99,2026-09-21
6a6db04e8c50a09a443d942e2710ff067eb0796512481fa9df172f65ceadb44e,MSFC-HDBK-3697_03_直接與間接接合方法.csv,356,fabrication tolerance,2,"The installer reviews ""fabrication tolerance"" before completing the joint.",現在簡單式,S + V / V-s,"[""reviews""]",0.99,2026-09-21
1968b935add07cbbad1d060bd23cc0c7d0ff94bdd1bb9a217af23a9c9b680d5d,MSFC-HDBK-3697_03_直接與間接接合方法.csv,357,installation tolerance,1,"The handbook uses ""installation tolerance"" when it explains how to assemble a reliable bond connection.",現在簡單式,S + V / V-s,"[""uses"", ""explains""]",0.99,2026-09-21
ae433922bf794f7472d147372507150cbf06e58e372125b5c2de03b51ad76871,MSFC-HDBK-3697_03_直接與間接接合方法.csv,357,installation tolerance,2,"The installer reviews ""installation tolerance"" before completing the joint.",現在簡單式,S + V / V-s,"[""reviews""]",0.99,2026-09-21
b9b2085690e9aba111cca57e7b9c4194f83fe6fb3223924b8de4636f681a00f5,MSFC-HDBK-3697_03_直接與間接接合方法.csv,358,round strap,1,"The handbook uses ""round strap"" when it explains how to assemble a reliable bond connection.",現在簡單式,S + V / V-s,"[""uses"", ""explains""]",0.99,2026-09-21
a85b62e760b9953e8a07e815e90ed81794ce82f821d0d0da5690e19b79ed30e0,MSFC-HDBK-3697_03_直接與間接接合方法.csv,358,round strap,2,"The installer reviews ""round strap"" before completing the joint.",現在簡單式,S + V / V-s,"[""reviews""]",0.99,2026-09-21
36698dda0873315b4ef18700664c0c3cbbc5b68e97cfd939c0479029c900a6f7,MSFC-HDBK-3697_03_直接與間接接合方法.csv,359,flat strap,1,"The handbook uses ""flat strap"" when it explains how to assemble a reliable bond connection.",現在簡單式,S + V / V-s,"[""uses"", ""explains""]",0.99,2026-09-21
e953a0df9267c476119578c650cc658a43287d46e8b0cf3e2cb3320183589c1f,MSFC-HDBK-3697_03_直接與間接接合方法.csv,359,flat strap,2,"The installer reviews ""flat strap"" before completing the joint.",現在簡單式,S + V / V-s,"[""reviews""]",0.99,2026-09-21
77d58357ba0dd93cc7aa8bbdbf505ae4fac5f4c4d5201c976aef4e093a47b88e,MSFC-HDBK-3697_03_直接與間接接合方法.csv,360,bond strap terminal,1,"The handbook uses ""bond strap terminal"" when it explains how to assemble a reliable bond connection.",現在簡單式,S + V / V-s,"[""uses"", ""explains""]",0.99,2026-09-21
b49f380cfb6fcdae5a4a6f7a5a83fa519f65b7cdfe25c7f455ea4a70d73b3039,MSFC-HDBK-3697_03_直接與間接接合方法.csv,360,bond strap terminal,2,"The installer reviews ""bond strap terminal"" before completing the joint.",現在簡單式,S + V / V-s,"[""reviews""]",0.99,2026-09-21
ddba8a6222327405ac797ff0012f4378b583b3c84291d903b65479d3d41a88b7,MSFC-HDBK-3697_03_直接與間接接合方法.csv,361,terminal stack,1,"The handbook uses ""terminal stack"" when it explains how to assemble a reliable bond connection.",現在簡單式,S + V / V-s,"[""uses"", ""explains""]",0.99,2026-09-21
cb97cd5108a7633c2d61aa5e224e4c0c793966b2a4821aae5f892cbda92011d3,MSFC-HDBK-3697_03_直接與間接接合方法.csv,361,terminal stack,2,"The installer reviews ""terminal stack"" before completing the joint.",現在簡單式,S + V / V-s,"[""reviews""]",0.99,2026-09-21
e4c05cfb0c8efc195551461460a11cd3e6679ce5b0af2e7586ce172819b5ce09,MSFC-HDBK-3697_03_直接與間接接合方法.csv,362,galvanic compatibility,1,"The handbook uses ""galvanic compatibility"" when it explains how to assemble a reliable bond connection.",現在簡單式,S + V / V-s,"[""uses"", ""explains""]",0.99,2026-09-21
fd6c4ddec86e8dc34d436fdd9e5ca74362df7a5cc8ae51dc4b3bb459e06c45d6,MSFC-HDBK-3697_03_直接與間接接合方法.csv,362,galvanic compatibility,2,"The installer reviews ""galvanic compatibility"" before completing the joint.",現在簡單式,S + V / V-s,"[""reviews""]",0.99,2026-09-21
a9a726af21bd5ad821595a85651c20777eedf49dea34ec8a63585b10b0b4fbc1,MSFC-HDBK-3697_03_直接與間接接合方法.csv,363,Belleville washer,1,"The handbook uses ""Belleville washer"" when it explains how to assemble a reliable bond connection.",現在簡單式,S + V / V-s,"[""uses"", ""explains""]",0.99,2026-09-21
bbcf55d27240e19d35163757a41cd47d47a6341ae0a973ce0decd8cf970ce710,MSFC-HDBK-3697_03_直接與間接接合方法.csv,363,Belleville washer,2,"The installer reviews ""Belleville washer"" before completing the joint.",現在簡單式,S + V / V-s,"[""reviews""]",0.99,2026-09-21
3a88f2fa090d7256eba8be7046cdc4f93276bb1b2edd9eac17f0f4add64643e9,MSFC-HDBK-3697_03_直接與間接接合方法.csv,364,resonant frequency,1,"The handbook uses ""resonant frequency"" when it explains how to assemble a reliable bond connection.",現在簡單式,S + V / V-s,"[""uses"", ""explains""]",0.99,2026-09-21
c81f73996e0af0db2c15ff68aede91bb90c3dae7326bfa5968a0b0ecf58ba94d,MSFC-HDBK-3697_03_直接與間接接合方法.csv,364,resonant frequency,2,"The installer reviews ""resonant frequency"" before completing the joint.",現在簡單式,S + V / V-s,"[""reviews""]",0.99,2026-09-21
d2a89f9bc6441d3fca5195f12eb861a232ab374cb8234f33f2a1c744d5d37e8c,MSFC-HDBK-3697_03_直接與間接接合方法.csv,365,adjacent part,1,"The handbook uses ""adjacent part"" when it explains how to assemble a reliable bond connection.",現在簡單式,S + V / V-s,"[""uses"", ""explains""]",0.99,2026-09-21
7685f6dce1a05f64096eb37611d9221aa1e02c4bf79ae4fe860529db03585095,MSFC-HDBK-3697_03_直接與間接接合方法.csv,365,adjacent part,2,"The installer reviews ""adjacent part"" before completing the joint.",現在簡單式,S + V / V-s,"[""reviews""]",0.99,2026-09-21
879c41582670f5b39ec3de81c0137a3c28e1dc2f491a9edd938d5252c0942234,MSFC-HDBK-3697_03_直接與間接接合方法.csv,366,secure attachment,1,"The handbook uses ""secure attachment"" when it explains how to assemble a reliable bond connection.",現在簡單式,S + V / V-s,"[""uses"", ""explains""]",0.99,2026-09-21
e33d2b194fca1eea7096d7f1ee9061fe4b262e3191f9d1683b31cc031c2fcdd0,MSFC-HDBK-3697_03_直接與間接接合方法.csv,366,secure attachment,2,"The installer reviews ""secure attachment"" before completing the joint.",現在簡單式,S + V / V-s,"[""reviews""]",0.99,2026-09-21
ac267feab46498634432c85fc932068c0d6ed28bc4cf3bd5ac5cfc6a034985b9,MSFC-HDBK-3697_03_直接與間接接合方法.csv,367,flexible connection,1,"The handbook uses ""flexible connection"" when it explains how to assemble a reliable bond connection.",現在簡單式,S + V / V-s,"[""uses"", ""explains""]",0.99,2026-09-21
a97c2270be736b55680159434e263051031cca66d56df07dfc63f3b5e506d018,MSFC-HDBK-3697_03_直接與間接接合方法.csv,367,flexible connection,2,"The installer reviews ""flexible connection"" before completing the joint.",現在簡單式,S + V / V-s,"[""reviews""]",0.99,2026-09-21
bdbf422f0e537a32d24b724c389507da35fc1b544d548b6b2394f1d471fa7ff9,MSFC-HDBK-3697_04_材料表面清潔與腐蝕.csv,368,surface roughness,1,"The handbook uses ""surface roughness"" when it explains surface preparation or corrosion protection.",現在簡單式,S + V / V-s,"[""uses"", ""explains""]",0.99,2026-09-21
7e6e4bf5be76b17458d112ffbc6a92db6c20eae64a0c2d3a8e5e49b554264206,MSFC-HDBK-3697_04_材料表面清潔與腐蝕.csv,368,surface roughness,2,"The team reviews ""surface roughness"" before sealing the bond joint.",現在簡單式,S + V / V-s,"[""reviews""]",0.99,2026-09-21
498b42a18c62495aedbbb5879b8ffc7aef387fb6aeeabec5676555e11d40b45c,MSFC-HDBK-3697_04_材料表面清潔與腐蝕.csv,369,real contact area,1,"The handbook uses ""real contact area"" when it explains surface preparation or corrosion protection.",現在簡單式,S + V / V-s,"[""uses"", ""explains""]",0.99,2026-09-21
169e096e8bbb0c18f07f8b87961dd0228bfcbdfe2856df8e207b25c53fca635c,MSFC-HDBK-3697_04_材料表面清潔與腐蝕.csv,369,real contact area,2,"The team reviews ""real contact area"" before sealing the bond joint.",現在簡單式,S + V / V-s,"[""reviews""]",0.99,2026-09-21
a25516e3de9ff06f2643724fb23c3a927296cb2c595fb86632801321589c0673,MSFC-HDBK-3697_04_材料表面清潔與腐蝕.csv,370,apparent contact area,1,"The handbook uses ""apparent contact area"" when it explains surface preparation or corrosion protection.",現在簡單式,S + V / V-s,"[""uses"", ""explains""]",0.99,2026-09-21
db2519c854a9c10a676a13bf69c91281dc54265e19accae6e1878038fb68787e,MSFC-HDBK-3697_04_材料表面清潔與腐蝕.csv,370,apparent contact area,2,"The team reviews ""apparent contact area"" before sealing the bond joint.",現在簡單式,S + V / V-s,"[""reviews""]",0.99,2026-09-21
1055bda2ac56dba96008513a0fe920d26f98326b99f2be90e31e9e85e7862e6b,MSFC-HDBK-3697_04_材料表面清潔與腐蝕.csv,371,microscopic peak,1,"The handbook uses ""microscopic peak"" when it explains surface preparation or corrosion protection.",現在簡單式,S + V / V-s,"[""uses"", ""explains""]",0.99,2026-09-21
2f26efc34b86ea5c496c992507e6c7fe52f0fd2a9c454f126b8bbbd7798bf9fc,MSFC-HDBK-3697_04_材料表面清潔與腐蝕.csv,371,microscopic peak,2,"The team reviews ""microscopic peak"" before sealing the bond joint.",現在簡單式,S + V / V-s,"[""reviews""]",0.99,2026-09-21
a5389756fc8098e8ce3c3f094441a7274b821c7af1c7863d4e0548c139fbeeef,MSFC-HDBK-3697_04_材料表面清潔與腐蝕.csv,372,elastic deformation,1,"The handbook uses ""elastic deformation"" when it explains surface preparation or corrosion protection.",現在簡單式,S + V / V-s,"[""uses"", ""explains""]",0.99,2026-09-21
9b63ee438823ad55df94cc0c12e35b815addf1ba86d306918e74936a9143cf5d,MSFC-HDBK-3697_04_材料表面清潔與腐蝕.csv,372,elastic deformation,2,"The team reviews ""elastic deformation"" before sealing the bond joint.",現在簡單式,S + V / V-s,"[""reviews""]",0.99,2026-09-21
b3a6d3c1410ed688839d5f685b5e3139a2d0a7016c4592c93391c9a21071cf3d,MSFC-HDBK-3697_04_材料表面清潔與腐蝕.csv,373,plastic deformation,1,"The handbook uses ""plastic deformation"" when it explains surface preparation or corrosion protection.",現在簡單式,S + V / V-s,"[""uses"", ""explains""]",0.99,2026-09-21
832d6d44525a1a72ae3b0fdfd9f7acb8855031bfaec733f13c65b6e0a7d25a6f,MSFC-HDBK-3697_04_材料表面清潔與腐蝕.csv,373,plastic deformation,2,"The team reviews ""plastic deformation"" before sealing the bond joint.",現在簡單式,S + V / V-s,"[""reviews""]",0.99,2026-09-21
04e6433f0e5fb213e676cd807d6a8586063786ffcfed98d9db6dbc535379eeb1,MSFC-HDBK-3697_04_材料表面清潔與腐蝕.csv,374,surface hardness,1,"The handbook uses ""surface hardness"" when it explains surface preparation or corrosion protection.",現在簡單式,S + V / V-s,"[""uses"", ""explains""]",0.99,2026-09-21
02a00e5ff913fbddcbded5c42180fdf47e67b040741d7c4bc9dc3510179f62c6,MSFC-HDBK-3697_04_材料表面清潔與腐蝕.csv,374,surface hardness,2,"The team reviews ""surface hardness"" before sealing the bond joint.",現在簡單式,S + V / V-s,"[""reviews""]",0.99,2026-09-21
1e0e99b354426bb8e803b7ca03b22305b3517d6f551cbeb8ba7a7dca4e5cb494,MSFC-HDBK-3697_04_材料表面清潔與腐蝕.csv,375,finishing process,1,"The handbook uses ""finishing process"" when it explains surface preparation or corrosion protection.",現在簡單式,S + V / V-s,"[""uses"", ""explains""]",0.99,2026-09-21
a7b2daa4c5a11be7652042bad92cff94955648d6b3c583fbb33c9b6ddab7a5d3,MSFC-HDBK-3697_04_材料表面清潔與腐蝕.csv,375,finishing process,2,"The team reviews ""finishing process"" before sealing the bond joint.",現在簡單式,S + V / V-s,"[""reviews""]",0.99,2026-09-21
1aa1788cb32ae9d46b1d3f1bdad52d85919afe92562734635102b8ea50b476e6,MSFC-HDBK-3697_04_材料表面清潔與腐蝕.csv,376,contaminant removal,1,"The handbook uses ""contaminant removal"" when it explains surface preparation or corrosion protection.",現在簡單式,S + V / V-s,"[""uses"", ""explains""]",0.99,2026-09-21
aa4255e9f595e8ff32fc1b0c94d6f9bed8779fc865fbbb4bb229a30770a55969,MSFC-HDBK-3697_04_材料表面清潔與腐蝕.csv,376,contaminant removal,2,"The team reviews ""contaminant removal"" before sealing the bond joint.",現在簡單式,S + V / V-s,"[""reviews""]",0.99,2026-09-21
b410449a93169d65fa3bc041fcc494405a94c1b8b8977878d6eead69d3eb638e,MSFC-HDBK-3697_04_材料表面清潔與腐蝕.csv,377,dust removal,1,"The handbook uses ""dust removal"" when it explains surface preparation or corrosion protection.",現在簡單式,S + V / V-s,"[""uses"", ""explains""]",0.99,2026-09-21
423076f1a676fd75ddbcfbcc9717849c5c1affc7c8640653dcee82ddc26e3efa,MSFC-HDBK-3697_04_材料表面清潔與腐蝕.csv,377,dust removal,2,"The team reviews ""dust removal"" before sealing the bond joint.",現在簡單式,S + V / V-s,"[""reviews""]",0.99,2026-09-21
a62376cdd446358414685dfc3b1cc19952b1aa865d1730b67cbad0cd62b66a3c,MSFC-HDBK-3697_04_材料表面清潔與腐蝕.csv,378,grease removal,1,"The handbook uses ""grease removal"" when it explains surface preparation or corrosion protection.",現在簡單式,S + V / V-s,"[""uses"", ""explains""]",0.99,2026-09-21
3f326e2d96d72267b8575f6874e9b9ad80e9e1824d3bfa33523b13507547187a,MSFC-HDBK-3697_04_材料表面清潔與腐蝕.csv,378,grease removal,2,"The team reviews ""grease removal"" before sealing the bond joint.",現在簡單式,S + V / V-s,"[""reviews""]",0.99,2026-09-21
05fe009d67f28a0825fd3587dba6fa5d76bcf6a0dd452e280dc9caa5526efc82,MSFC-HDBK-3697_04_材料表面清潔與腐蝕.csv,379,oil removal,1,"The handbook uses ""oil removal"" when it explains surface preparation or corrosion protection.",現在簡單式,S + V / V-s,"[""uses"", ""explains""]",0.99,2026-09-21
766dd18588f602640dcf2e0d9c0c6530c6bdcbdec7e0ff5af7697b2c1b3056a0,MSFC-HDBK-3697_04_材料表面清潔與腐蝕.csv,379,oil removal,2,"The team reviews ""oil removal"" before sealing the bond joint.",現在簡單式,S + V / V-s,"[""reviews""]",0.99,2026-09-21
f5690dcb4a104405fe20e93465a2b1fc041884c7009051437c1b835d2b3b9863,MSFC-HDBK-3697_04_材料表面清潔與腐蝕.csv,380,corrosion product,1,"The handbook uses ""corrosion product"" when it explains surface preparation or corrosion protection.",現在簡單式,S + V / V-s,"[""uses"", ""explains""]",0.99,2026-09-21
3422b2c1cff6950260f191839ada898f56af42bdeb3eb0f80fbce604ee8e027f,MSFC-HDBK-3697_04_材料表面清潔與腐蝕.csv,380,corrosion product,2,"The team reviews ""corrosion product"" before sealing the bond joint.",現在簡單式,S + V / V-s,"[""reviews""]",0.99,2026-09-21
dd4b20e0d40cbe51a160ea9c83922c8ce034799db79757f270ad2430b0aede10,MSFC-HDBK-3697_04_材料表面清潔與腐蝕.csv,381,alkaline solution,1,"The handbook uses ""alkaline solution"" when it explains surface preparation or corrosion protection.",現在簡單式,S + V / V-s,"[""uses"", ""explains""]",0.99,2026-09-21
1e72d6a4b5b202c3882589498f6913862d9ae60c5b166d4cfb4e9ce0dc308a53,MSFC-HDBK-3697_04_材料表面清潔與腐蝕.csv,381,alkaline solution,2,"The team reviews ""alkaline solution"" before sealing the bond joint.",現在簡單式,S + V / V-s,"[""reviews""]",0.99,2026-09-21
cda34d9011510ba9bac61d3c730e85cfc738026be6b2e40cdf02a110020217ea,MSFC-HDBK-3697_04_材料表面清潔與腐蝕.csv,382,acidic material,1,"The handbook uses ""acidic material"" when it explains surface preparation or corrosion protection.",現在簡單式,S + V / V-s,"[""uses"", ""explains""]",0.99,2026-09-21
692cc621a24215cab2da1011ef13dcf875080e3d5c506ea24d054996228e7c81,MSFC-HDBK-3697_04_材料表面清潔與腐蝕.csv,382,acidic material,2,"The team reviews ""acidic material"" before sealing the bond joint.",現在簡單式,S + V / V-s,"[""reviews""]",0.99,2026-09-21
a037170e8a8028b10e7c7c5757424c3d9f3899232d679ec3f5114fdd98155cb5,MSFC-HDBK-3697_04_材料表面清潔與腐蝕.csv,383,oxidizing acid,1,"The handbook uses ""oxidizing acid"" when it explains surface preparation or corrosion protection.",現在簡單式,S + V / V-s,"[""uses"", ""explains""]",0.99,2026-09-21
d6a21bf518e1d87bbc5e7dd16a5aa396ebc0a62f1bd58957c58285f1538c710c,MSFC-HDBK-3697_04_材料表面清潔與腐蝕.csv,383,oxidizing acid,2,"The team reviews ""oxidizing acid"" before sealing the bond joint.",現在簡單式,S + V / V-s,"[""reviews""]",0.99,2026-09-21
26524d8686a2ad2d612e54bde7e5aa81acaba84afa55ed47154a721aabb408d0,MSFC-HDBK-3697_04_材料表面清潔與腐蝕.csv,384,acid fluoride,1,"The handbook uses ""acid fluoride"" when it explains surface preparation or corrosion protection.",現在簡單式,S + V / V-s,"[""uses"", ""explains""]",0.99,2026-09-21
4eebcade4a2715bd43306c83bfb8db2120441c2333ae7c2562214357b2a3a9de,MSFC-HDBK-3697_04_材料表面清潔與腐蝕.csv,384,acid fluoride,2,"The team reviews ""acid fluoride"" before sealing the bond joint.",現在簡單式,S + V / V-s,"[""reviews""]",0.99,2026-09-21
b3dceedfb0d9660701455c687e3057d4160f55ed953f6bb85a2db728faee839a,MSFC-HDBK-3697_04_材料表面清潔與腐蝕.csv,385,chlorinated solvent,1,"The handbook uses ""chlorinated solvent"" when it explains surface preparation or corrosion protection.",現在簡單式,S + V / V-s,"[""uses"", ""explains""]",0.99,2026-09-21
bab4b42fa7d403798e53c0794c8fe8533e5b292b34982105805e72a27211d1e9,MSFC-HDBK-3697_04_材料表面清潔與腐蝕.csv,385,chlorinated solvent,2,"The team reviews ""chlorinated solvent"" before sealing the bond joint.",現在簡單式,S + V / V-s,"[""reviews""]",0.99,2026-09-21
7eee272ed3cf2110a14d6ba287f685b50d1456e431e921e4d82575de4ffed86e,MSFC-HDBK-3697_04_材料表面清潔與腐蝕.csv,386,cleaning fluid,1,"The handbook uses ""cleaning fluid"" when it explains surface preparation or corrosion protection.",現在簡單式,S + V / V-s,"[""uses"", ""explains""]",0.99,2026-09-21
8fa7716bad49f6fb32a2486b35aefe16b00f009b679fbd58cc920221876121a6,MSFC-HDBK-3697_04_材料表面清潔與腐蝕.csv,386,cleaning fluid,2,"The team reviews ""cleaning fluid"" before sealing the bond joint.",現在簡單式,S + V / V-s,"[""reviews""]",0.99,2026-09-21
4439e75409d87ee88449dce3e607fa8a1a9f6821d256dbeb5ae3109e9ab5c616,MSFC-HDBK-3697_04_材料表面清潔與腐蝕.csv,387,metallic wool,1,"The handbook uses ""metallic wool"" when it explains surface preparation or corrosion protection.",現在簡單式,S + V / V-s,"[""uses"", ""explains""]",0.99,2026-09-21
dd7aeb5a8080c650c551b9a38be320b1a8df8f25d553d353c0b30083156a67d8,MSFC-HDBK-3697_04_材料表面清潔與腐蝕.csv,387,metallic wool,2,"The team reviews ""metallic wool"" before sealing the bond joint.",現在簡單式,S + V / V-s,"[""reviews""]",0.99,2026-09-21
096dd27d7863ab94cc196b97e8cbf4abf018bab4929e66cf0c0879b150be60db,MSFC-HDBK-3697_04_材料表面清潔與腐蝕.csv,388,wire brush,1,"The handbook uses ""wire brush"" when it explains surface preparation or corrosion protection.",現在簡單式,S + V / V-s,"[""uses"", ""explains""]",0.99,2026-09-21
d20d4195dd1a08f2bec55c516ed03b52b7fcbd60e6186c4e5eb79c554603ebeb,MSFC-HDBK-3697_04_材料表面清潔與腐蝕.csv,388,wire brush,2,"The team reviews ""wire brush"" before sealing the bond joint.",現在簡單式,S + V / V-s,"[""reviews""]",0.99,2026-09-21
03ae39514fb35cb7eda2deaa4c6849dd368c61d16fd11b8f6805ec07f158f6cd,MSFC-HDBK-3697_04_材料表面清潔與腐蝕.csv,389,fiber wool,1,"The handbook uses ""fiber wool"" when it explains surface preparation or corrosion protection.",現在簡單式,S + V / V-s,"[""uses"", ""explains""]",0.99,2026-09-21
82585e93209d9d87b60b0fe9dcb81b5727c4a0aebb6a0cab13fb5f8e1cf5a5be,MSFC-HDBK-3697_04_材料表面清潔與腐蝕.csv,389,fiber wool,2,"The team reviews ""fiber wool"" before sealing the bond joint.",現在簡單式,S + V / V-s,"[""reviews""]",0.99,2026-09-21
b58910f854f97964aad5121412e0ec8e4e24b4d6b42f49a646a409ce9cd71635,MSFC-HDBK-3697_04_材料表面清潔與腐蝕.csv,390,aluminum oxide abrasive,1,"The handbook uses ""aluminum oxide abrasive"" when it explains surface preparation or corrosion protection.",現在簡單式,S + V / V-s,"[""uses"", ""explains""]",0.99,2026-09-21
fa67d62eb2e3bfff202c2c9e4e78863b00f09b279952c06790f085ffa0338c9c,MSFC-HDBK-3697_04_材料表面清潔與腐蝕.csv,390,aluminum oxide abrasive,2,"The team reviews ""aluminum oxide abrasive"" before sealing the bond joint.",現在簡單式,S + V / V-s,"[""reviews""]",0.99,2026-09-21
e749871a8464788cf713fad836c85027b8501e195194f13d1bc848b3f65ee335,MSFC-HDBK-3697_04_材料表面清潔與腐蝕.csv,391,corrosion prevention and control plan,1,"The handbook uses ""corrosion prevention and control plan"" when it explains surface preparation or corrosion protection.",現在簡單式,S + V / V-s,"[""uses"", ""explains""]",0.99,2026-09-21
456a6837366cf629fe92a15fefdc431efafe588d874f2e91316d4593cc20859f,MSFC-HDBK-3697_04_材料表面清潔與腐蝕.csv,391,corrosion prevention and control plan,2,"The team reviews ""corrosion prevention and control plan"" before sealing the bond joint.",現在簡單式,S + V / V-s,"[""reviews""]",0.99,2026-09-21
24bdf7fd8476f51415358632645d81d931fbdd34109a4f0698a9e2ebcf16d445,MSFC-HDBK-3697_04_材料表面清潔與腐蝕.csv,392,effective chromium,1,"The handbook uses ""effective chromium"" when it explains surface preparation or corrosion protection.",現在簡單式,S + V / V-s,"[""uses"", ""explains""]",0.99,2026-09-21
f134d1c50ac2d90e0b8f5b3d4c81a32d4ad1bf01c05dd4db1b46a586c3145eca,MSFC-HDBK-3697_04_材料表面清潔與腐蝕.csv,392,effective chromium,2,"The team reviews ""effective chromium"" before sealing the bond joint.",現在簡單式,S + V / V-s,"[""reviews""]",0.99,2026-09-21
849fe5a3ae62a564dae54ffbd4a4479d10e2e276638d8ab010dbcac1683ffe4d,MSFC-HDBK-3697_04_材料表面清潔與腐蝕.csv,393,hexavalent chromium,1,"The handbook uses ""hexavalent chromium"" when it explains surface preparation or corrosion protection.",現在簡單式,S + V / V-s,"[""uses"", ""explains""]",0.99,2026-09-21
099ba4a54afea39f09d78b7e4867ccab0d278cec55809116e00341a441fca312,MSFC-HDBK-3697_04_材料表面清潔與腐蝕.csv,393,hexavalent chromium,2,"The team reviews ""hexavalent chromium"" before sealing the bond joint.",現在簡單式,S + V / V-s,"[""reviews""]",0.99,2026-09-21
15f6205f54db700c7bdc8158d5acd045d0c8a7e68d8836766fa29b1770f5cc51,MSFC-HDBK-3697_04_材料表面清潔與腐蝕.csv,394,trivalent chromium,1,"The handbook uses ""trivalent chromium"" when it explains surface preparation or corrosion protection.",現在簡單式,S + V / V-s,"[""uses"", ""explains""]",0.99,2026-09-21
7cfe8439b39d51d81e2a72d8b0f84dc8d7676ac54b9a6086408968a339921e4b,MSFC-HDBK-3697_04_材料表面清潔與腐蝕.csv,394,trivalent chromium,2,"The team reviews ""trivalent chromium"" before sealing the bond joint.",現在簡單式,S + V / V-s,"[""reviews""]",0.99,2026-09-21
61013ff305b35c22371fcdcab2b0307c6ece32c9de1c6f40686cdc82714d6dbb,MSFC-HDBK-3697_04_材料表面清潔與腐蝕.csv,395,wet faying surface sealing,1,"The handbook uses ""wet faying surface sealing"" when it explains surface preparation or corrosion protection.",現在簡單式,S + V / V-s,"[""uses"", ""explains""]",0.99,2026-09-21
d0788c2a0b0c92ede3d25b568ff4fa050e09f44e107d0db1f1c860126d84f0ce,MSFC-HDBK-3697_04_材料表面清潔與腐蝕.csv,395,wet faying surface sealing,2,"The team reviews ""wet faying surface sealing"" before sealing the bond joint.",現在簡單式,S + V / V-s,"[""reviews""]",0.99,2026-09-21
e335aeb7ec9b977e2543faed1bb12b1f49d63988a6d22b125b42075f6ab061fe,MSFC-HDBK-3697_04_材料表面清潔與腐蝕.csv,396,corrosion preventive compound,1,"The handbook uses ""corrosion preventive compound"" when it explains surface preparation or corrosion protection.",現在簡單式,S + V / V-s,"[""uses"", ""explains""]",0.99,2026-09-21
2562f4b5068efbf69db5e656d45a04acb3397678a6523a7698b59e4f259b3d25,MSFC-HDBK-3697_04_材料表面清潔與腐蝕.csv,396,corrosion preventive compound,2,"The team reviews ""corrosion preventive compound"" before sealing the bond joint.",現在簡單式,S + V / V-s,"[""reviews""]",0.99,2026-09-21
60b6e671ef6d4ae49324a06ef3c3b57b63a0fc81dbdffd76e86a624f67b01d09,MSFC-HDBK-3697_05_特殊設備與複合材料接合.csv,397,enclosure seam,1,"The term ""enclosure seam"" identifies a special consideration in the bonding design.",現在簡單式,S + V / V-s,"[""identifies""]",0.99,2026-09-21
5e94b95ea3b4000126044fc0dd42eb7e000f5c0afb72c2340d3e39ecf447bb69,MSFC-HDBK-3697_05_特殊設備與複合材料接合.csv,397,enclosure seam,2,"The handbook discusses ""enclosure seam"" in its special bonding guidance.",現在簡單式,S + V / V-s,"[""discusses""]",0.99,2026-09-21
6f0750ba619b79872b49fff824b0b5a76bb1dc4da8bb45c1337a5bb729f93928,MSFC-HDBK-3697_05_特殊設備與複合材料接合.csv,398,resilient conductive gasket,1,"The term ""resilient conductive gasket"" identifies a special consideration in the bonding design.",現在簡單式,S + V / V-s,"[""identifies""]",0.99,2026-09-21
0b966864a6f73bb924dc5426b58c82893945800c8b7305603218210dc974e1d7,MSFC-HDBK-3697_05_特殊設備與複合材料接合.csv,398,resilient conductive gasket,2,"The handbook discusses ""resilient conductive gasket"" in its special bonding guidance.",現在簡單式,S + V / V-s,"[""discusses""]",0.99,2026-09-21
372f7aed0d6185f0ced3770cb2ee94c11dfa6af01e83b98d892f112f51b668d8,MSFC-HDBK-3697_05_特殊設備與複合材料接合.csv,399,threat frequency,1,"The term ""threat frequency"" identifies a special consideration in the bonding design.",現在簡單式,S + V / V-s,"[""identifies""]",0.99,2026-09-21
a9c031fb816de10b36b9e15cfee5c869eeb78c65eb03fc16d080db046494bef7,MSFC-HDBK-3697_05_特殊設備與複合材料接合.csv,399,threat frequency,2,"The handbook discusses ""threat frequency"" in its special bonding guidance.",現在簡單式,S + V / V-s,"[""discusses""]",0.99,2026-09-21
e9ec3c529ad7d05bcbca52807313e002e43da227fe67c9bac009baf35f165c63,MSFC-HDBK-3697_05_特殊設備與複合材料接合.csv,400,emission frequency,1,"The term ""emission frequency"" identifies a special consideration in the bonding design.",現在簡單式,S + V / V-s,"[""identifies""]",0.99,2026-09-21
ef5827bc94464081cbed9b5d770f7bbef29c3a13fa9c87c08a929dd6ada815b9,MSFC-HDBK-3697_05_特殊設備與複合材料接合.csv,400,emission frequency,2,"The handbook discusses ""emission frequency"" in its special bonding guidance.",現在簡單式,S + V / V-s,"[""discusses""]",0.99,2026-09-21
3b22a4304af1d8e1f0beaab7694a19480eaf0276b0f7b038e0a6a3ff1b49709e,MSFC-HDBK-3697_05_特殊設備與複合材料接合.csv,401,environmental seal,1,"The term ""environmental seal"" identifies a special consideration in the bonding design.",現在簡單式,S + V / V-s,"[""identifies""]",0.99,2026-09-21
f40eb160e83826c7e356672fafcb65e4654ba678ada6fbdef50c1fbbb076582c,MSFC-HDBK-3697_05_特殊設備與複合材料接合.csv,401,environmental seal,2,"The handbook discusses ""environmental seal"" in its special bonding guidance.",現在簡單式,S + V / V-s,"[""discusses""]",0.99,2026-09-21
9a97315153b711ddc5989da8a004c3b9df7d13b2c027592c09962c7af400d32e,MSFC-HDBK-3697_05_特殊設備與複合材料接合.csv,402,compression-deflection capability,1,"The term ""compression-deflection capability"" identifies a special consideration in the bonding design.",現在簡單式,S + V / V-s,"[""identifies""]",0.99,2026-09-21
94060599f985fa23ee3f93dca7ce08f6aee210cb559a31dd330abd7502af3730,MSFC-HDBK-3697_05_特殊設備與複合材料接合.csv,402,compression-deflection capability,2,"The handbook discusses ""compression-deflection capability"" in its special bonding guidance.",現在簡單式,S + V / V-s,"[""discusses""]",0.99,2026-09-21
ce5989bbf27fda4059c175070a49a42e89203e2cd40e03675cbaeaed7fd5eec8,MSFC-HDBK-3697_05_特殊設備與複合材料接合.csv,403,knitted wire mesh gasket,1,"The term ""knitted wire mesh gasket"" identifies a special consideration in the bonding design.",現在簡單式,S + V / V-s,"[""identifies""]",0.99,2026-09-21
04d8653098148eddbbe843e3feb9fb7981485f1ba1c33cb71c9c4a7c680fd2c7,MSFC-HDBK-3697_05_特殊設備與複合材料接合.csv,403,knitted wire mesh gasket,2,"The handbook discusses ""knitted wire mesh gasket"" in its special bonding guidance.",現在簡單式,S + V / V-s,"[""discusses""]",0.99,2026-09-21
c21e5994be7224107c91f178183a817530387090a6b756c845d3ae8640349288,MSFC-HDBK-3697_05_特殊設備與複合材料接合.csv,404,elastomeric gasket,1,"The term ""elastomeric gasket"" identifies a special consideration in the bonding design.",現在簡單式,S + V / V-s,"[""identifies""]",0.99,2026-09-21
1819dbde3f390697b3e576960565f0eba194b4ba70a7c90197e4970ead43a5e5,MSFC-HDBK-3697_05_特殊設備與複合材料接合.csv,404,elastomeric gasket,2,"The handbook discusses ""elastomeric gasket"" in its special bonding guidance.",現在簡單式,S + V / V-s,"[""discusses""]",0.99,2026-09-21
6ce7cad6dcb7e0b10d39df9bbc00420b537f6ea489190210aaf54c4af64802a6,MSFC-HDBK-3697_05_特殊設備與複合材料接合.csv,405,removable cover plate,1,"The term ""removable cover plate"" identifies a special consideration in the bonding design.",現在簡單式,S + V / V-s,"[""identifies""]",0.99,2026-09-21
042bfbd47905fc82365efe10fb914fc829644021aa884f50a11f0f0cd93e4478,MSFC-HDBK-3697_05_特殊設備與複合材料接合.csv,405,removable cover plate,2,"The handbook discusses ""removable cover plate"" in its special bonding guidance.",現在簡單式,S + V / V-s,"[""discusses""]",0.99,2026-09-21
fee00096ac155f242545ac06e8f860c97d007f7cfb707d4057e8eb11aca428b3,MSFC-HDBK-3697_05_特殊設備與複合材料接合.csv,406,connector shell,1,"The term ""connector shell"" identifies a special consideration in the bonding design.",現在簡單式,S + V / V-s,"[""identifies""]",0.99,2026-09-21
d296e9b750552d349a1b55d14325fd216ad535dbda4ca15d383c645ea076a6e6,MSFC-HDBK-3697_05_特殊設備與複合材料接合.csv,406,connector shell,2,"The handbook discusses ""connector shell"" in its special bonding guidance.",現在簡單式,S + V / V-s,"[""discusses""]",0.99,2026-09-21
1530c57ad7f51be2d248bb677e083ea0638c45db5445ba8d9e115ba8c62d3238,MSFC-HDBK-3697_05_特殊設備與複合材料接合.csv,407,connector flange,1,"The term ""connector flange"" identifies a special consideration in the bonding design.",現在簡單式,S + V / V-s,"[""identifies""]",0.99,2026-09-21
e93ccdc90d2d296bcc7ae2d6968334a0aee4efc523ff5b4bc723b83b61aa2e3c,MSFC-HDBK-3697_05_特殊設備與複合材料接合.csv,407,connector flange,2,"The handbook discusses ""connector flange"" in its special bonding guidance.",現在簡單式,S + V / V-s,"[""discusses""]",0.99,2026-09-21
94b71495227dc96d176433d48c99512f5f3e2e3cd67199ac63238050dc8fa680,MSFC-HDBK-3697_05_特殊設備與複合材料接合.csv,408,fluid flow,1,"The term ""fluid flow"" identifies a special consideration in the bonding design.",現在簡單式,S + V / V-s,"[""identifies""]",0.99,2026-09-21
08ffa6c933cfe5a1bcfeb3dff40c64a57e99a405bec8e88b946e771441f2b3a8,MSFC-HDBK-3697_05_特殊設備與複合材料接合.csv,408,fluid flow,2,"The handbook discusses ""fluid flow"" in its special bonding guidance.",現在簡單式,S + V / V-s,"[""discusses""]",0.99,2026-09-21
b6ce1cd9cfff7881242f74e1401feebecf59aebb6e5e3f90916e11c97329877e,MSFC-HDBK-3697_05_特殊設備與複合材料接合.csv,409,nonconductive fluid,1,"The term ""nonconductive fluid"" identifies a special consideration in the bonding design.",現在簡單式,S + V / V-s,"[""identifies""]",0.99,2026-09-21
909f08c129d04de5021d95d082dd10214672c9f9ad5efb7dc9c4c16d17a719d0,MSFC-HDBK-3697_05_特殊設備與複合材料接合.csv,409,nonconductive fluid,2,"The handbook discusses ""nonconductive fluid"" in its special bonding guidance.",現在簡單式,S + V / V-s,"[""discusses""]",0.99,2026-09-21
53d67139f342d279acdfcd0a2adaf17839d62d229d03e80009bb2089945337b0,MSFC-HDBK-3697_05_特殊設備與複合材料接合.csv,410,conductive pipe,1,"The term ""conductive pipe"" identifies a special consideration in the bonding design.",現在簡單式,S + V / V-s,"[""identifies""]",0.99,2026-09-21
70f381ea926777a502fd95a93fe90dcdf8c50cf5f3c4713d4d7b4c920c9e7876,MSFC-HDBK-3697_05_特殊設備與複合材料接合.csv,410,conductive pipe,2,"The handbook discusses ""conductive pipe"" in its special bonding guidance.",現在簡單式,S + V / V-s,"[""discusses""]",0.99,2026-09-21
6cfd8f72ba6d0f068611b1fe58a7f137c458066cb2620def0fc4b8a2e4c156af,MSFC-HDBK-3697_05_特殊設備與複合材料接合.csv,411,nonmetallic tubing,1,"The term ""nonmetallic tubing"" identifies a special consideration in the bonding design.",現在簡單式,S + V / V-s,"[""identifies""]",0.99,2026-09-21
1d34b8157585847fa942550d390c96dc80f84cfc558e42aadc6ed53df2e16564,MSFC-HDBK-3697_05_特殊設備與複合材料接合.csv,411,nonmetallic tubing,2,"The handbook discusses ""nonmetallic tubing"" in its special bonding guidance.",現在簡單式,S + V / V-s,"[""discusses""]",0.99,2026-09-21
433a5ee342cd860bf581ad4983e08ba0b4f0551e9cf6e61d6834185aea898ba0,MSFC-HDBK-3697_05_特殊設備與複合材料接合.csv,412,plain bonding clamp,1,"The term ""plain bonding clamp"" identifies a special consideration in the bonding design.",現在簡單式,S + V / V-s,"[""identifies""]",0.99,2026-09-21
1ceb79228a42a94dcea3a2984044ad43000c8b8ac09e5855aeeff3e4a43671eb,MSFC-HDBK-3697_05_特殊設備與複合材料接合.csv,412,plain bonding clamp,2,"The handbook discusses ""plain bonding clamp"" in its special bonding guidance.",現在簡單式,S + V / V-s,"[""discusses""]",0.99,2026-09-21
b4681056c9171c346f5bd3cbd28b78b20a527d244c7273fbd642fb105cb8148e,MSFC-HDBK-3697_05_特殊設備與複合材料接合.csv,413,cushion clamp,1,"The term ""cushion clamp"" identifies a special consideration in the bonding design.",現在簡單式,S + V / V-s,"[""identifies""]",0.99,2026-09-21
2413447356756ef1557e2a019ec3965661813d7ec55270e1f99a4a325fe8a297,MSFC-HDBK-3697_05_特殊設備與複合材料接合.csv,413,cushion clamp,2,"The handbook discusses ""cushion clamp"" in its special bonding guidance.",現在簡單式,S + V / V-s,"[""discusses""]",0.99,2026-09-21
11d94b4210ef0212ed462980f8d7bffbfd965be3559a91a4a2b8aea74692196e,MSFC-HDBK-3697_05_特殊設備與複合材料接合.csv,414,phosphor-bronze finger,1,"The term ""phosphor-bronze finger"" identifies a special consideration in the bonding design.",現在簡單式,S + V / V-s,"[""identifies""]",0.99,2026-09-21
3d1326b184faee5cac3965fc4a4e7f16bc440279ef01baac1f34f16a854f6047,MSFC-HDBK-3697_05_特殊設備與複合材料接合.csv,414,phosphor-bronze finger,2,"The handbook discusses ""phosphor-bronze finger"" in its special bonding guidance.",現在簡單式,S + V / V-s,"[""discusses""]",0.99,2026-09-21
48c4df393981d40a3a840593d7d821a21eb7e26fa569435e52fb4beccc09079b,MSFC-HDBK-3697_05_特殊設備與複合材料接合.csv,415,alternate electrical path,1,"The term ""alternate electrical path"" identifies a special consideration in the bonding design.",現在簡單式,S + V / V-s,"[""identifies""]",0.99,2026-09-21
8df656a01e64b1d57efbc0fb9a3f9041a98c8a712f7e799dff140ed8060695c6,MSFC-HDBK-3697_05_特殊設備與複合材料接合.csv,415,alternate electrical path,2,"The handbook discusses ""alternate electrical path"" in its special bonding guidance.",現在簡單式,S + V / V-s,"[""discusses""]",0.99,2026-09-21
e7339decf09c7c0e86a55ef013c4e9f1bcc17249d56b7f7722d707a99f156b0b,MSFC-HDBK-3697_05_特殊設備與複合材料接合.csv,416,tray-to-tray bond,1,"The term ""tray-to-tray bond"" identifies a special consideration in the bonding design.",現在簡單式,S + V / V-s,"[""identifies""]",0.99,2026-09-21
104e654a13d3a8798ebcfcf9fe88ddda51c943516280863ebf116a1703ed7b5e,MSFC-HDBK-3697_05_特殊設備與複合材料接合.csv,416,tray-to-tray bond,2,"The handbook discusses ""tray-to-tray bond"" in its special bonding guidance.",現在簡單式,S + V / V-s,"[""discusses""]",0.99,2026-09-21
d17a93ef299f538057d0d53b6a548ae7b5aabccb85537c19f17cb0e708c0a6e3,MSFC-HDBK-3697_05_特殊設備與複合材料接合.csv,417,continuous path,1,"The term ""continuous path"" identifies a special consideration in the bonding design.",現在簡單式,S + V / V-s,"[""identifies""]",0.99,2026-09-21
f576eb63e83061b5f6896b4d8c16632089326e62193ad88eb8f1350a59d30a7e,MSFC-HDBK-3697_05_特殊設備與複合材料接合.csv,417,continuous path,2,"The handbook discusses ""continuous path"" in its special bonding guidance.",現在簡單式,S + V / V-s,"[""discusses""]",0.99,2026-09-21
1911c6029ad7e79a627ede454ca218ac6f30aac47ae65be5521623c702d7097a,MSFC-HDBK-3697_05_特殊設備與複合材料接合.csv,418,graphite epoxy,1,"The term ""graphite epoxy"" identifies a special consideration in the bonding design.",現在簡單式,S + V / V-s,"[""identifies""]",0.99,2026-09-21
5292adc93d999c3f0fb3eb1fb9308e4f8c8fb99a876ac57f5470091e851941c8,MSFC-HDBK-3697_05_特殊設備與複合材料接合.csv,418,graphite epoxy,2,"The handbook discusses ""graphite epoxy"" in its special bonding guidance.",現在簡單式,S + V / V-s,"[""discusses""]",0.99,2026-09-21
ee42745f186ab689fbbdc83bf119b78196a28f46d1dbcafbd056c61ba05f35c3,MSFC-HDBK-3697_05_特殊設備與複合材料接合.csv,419,graphite filament reinforced plastic,1,"The term ""graphite filament reinforced plastic"" identifies a special consideration in the bonding design.",現在簡單式,S + V / V-s,"[""identifies""]",0.99,2026-09-21
b9a2b5d48eb2eb4ee9db52c63af23bb7b41a1b7457158cee9cb375af5148be94,MSFC-HDBK-3697_05_特殊設備與複合材料接合.csv,419,graphite filament reinforced plastic,2,"The handbook discusses ""graphite filament reinforced plastic"" in its special bonding guidance.",現在簡單式,S + V / V-s,"[""discusses""]",0.99,2026-09-21
4ed2677b6ba8ccf55d71c1195887fb15776028a801a4e3d6c8338555ef0850cc,MSFC-HDBK-3697_05_特殊設備與複合材料接合.csv,420,lightning strike zone,1,"The term ""lightning strike zone"" identifies a special consideration in the bonding design.",現在簡單式,S + V / V-s,"[""identifies""]",0.99,2026-09-21
a845835e28cbf07a53fddf2a5f32c4a65bf427150dfbe0b2c017755963a64c3e,MSFC-HDBK-3697_05_特殊設備與複合材料接合.csv,420,lightning strike zone,2,"The handbook discusses ""lightning strike zone"" in its special bonding guidance.",現在簡單式,S + V / V-s,"[""discusses""]",0.99,2026-09-21
7e3bf5523e5a5a377f2d613929a36a6ea7ddaafd15c1815dfe31fdfb0156a54c,MSFC-HDBK-3697_05_特殊設備與複合材料接合.csv,421,metallic pathway,1,"The term ""metallic pathway"" identifies a special consideration in the bonding design.",現在簡單式,S + V / V-s,"[""identifies""]",0.99,2026-09-21
b173279b86d9e692efd78b82e2bc6e24821e6076fb82c4883361814fa8d1f1e8,MSFC-HDBK-3697_05_特殊設備與複合材料接合.csv,421,metallic pathway,2,"The handbook discusses ""metallic pathway"" in its special bonding guidance.",現在簡單式,S + V / V-s,"[""discusses""]",0.99,2026-09-21
632fda19f5ceaf68e9f3ebbff149d5316fac02007015c78edf990cfbde8230cf,MSFC-HDBK-3697_05_特殊設備與複合材料接合.csv,422,conductive adhesive,1,"The term ""conductive adhesive"" identifies a special consideration in the bonding design.",現在簡單式,S + V / V-s,"[""identifies""]",0.99,2026-09-21
9b0f9bea35872a7b7c0c5d694b20c2e9ad13ae6b113c83d90ef706df989dbf6c,MSFC-HDBK-3697_05_特殊設備與複合材料接合.csv,422,conductive adhesive,2,"The handbook discusses ""conductive adhesive"" in its special bonding guidance.",現在簡單式,S + V / V-s,"[""discusses""]",0.99,2026-09-21
63caa10f234610c6b7ab3624fa0d8ddb529986b91fc6b98654052f3b50da92c3,MSFC-HDBK-3697_05_特殊設備與複合材料接合.csv,423,conductive metal strip,1,"The term ""conductive metal strip"" identifies a special consideration in the bonding design.",現在簡單式,S + V / V-s,"[""identifies""]",0.99,2026-09-21
65324d7afcd86e303f4c4b3bdb7ad41f0559875e68df193eae942ec45c4d75dc,MSFC-HDBK-3697_05_特殊設備與複合材料接合.csv,423,conductive metal strip,2,"The handbook discusses ""conductive metal strip"" in its special bonding guidance.",現在簡單式,S + V / V-s,"[""discusses""]",0.99,2026-09-21
344b545cc160aac776994f3995cae427ede454de5b1fef02561fa4d50d6c9a7e,MSFC-HDBK-3697_05_特殊設備與複合材料接合.csv,424,honeycomb panel,1,"The term ""honeycomb panel"" identifies a special consideration in the bonding design.",現在簡單式,S + V / V-s,"[""identifies""]",0.99,2026-09-21
9bff7316b693d97d61c79f2f96e9d9c7df77a5046ca1bfd8f5b2e0652328a78c,MSFC-HDBK-3697_05_特殊設備與複合材料接合.csv,424,honeycomb panel,2,"The handbook discusses ""honeycomb panel"" in its special bonding guidance.",現在簡單式,S + V / V-s,"[""discusses""]",0.99,2026-09-21
3c37aa602417f68327f34971742eecb71ccd17bc965c2820d671dcd07886e07e,MSFC-HDBK-3697_05_特殊設備與複合材料接合.csv,425,facility ground,1,"The term ""facility ground"" identifies a special consideration in the bonding design.",現在簡單式,S + V / V-s,"[""identifies""]",0.99,2026-09-21
8437e5993f206d4e511719a06cd4af75365bee9d471be78af34606a72ae47d4f,MSFC-HDBK-3697_05_特殊設備與複合材料接合.csv,425,facility ground,2,"The handbook discusses ""facility ground"" in its special bonding guidance.",現在簡單式,S + V / V-s,"[""discusses""]",0.99,2026-09-21
55487c3b91835a57b38c13e968b37d0ea679b265139f04c2aeca9a91794d7326,MSFC-HDBK-3697_06_驗證與工程圖面.csv,426,workmanship resistance measurement,1,"The term ""workmanship resistance measurement"" supports communication or verification of the bonding requirement.",現在簡單式,S + V / V-s,"[""supports""]",0.99,2026-09-21
c87bdab3e7b431224a940c468ffc515b124e635b60f4b199420580701f6a77b2,MSFC-HDBK-3697_06_驗證與工程圖面.csv,426,workmanship resistance measurement,2,"The engineering team reviews ""workmanship resistance measurement"" before releasing the drawing.",現在簡單式,S + V / V-s,"[""reviews""]",0.99,2026-09-21
30718ca974257e8ca5ead22e7bbe8ec2cd8cbe00b9f8741e54956ea164c7f918,MSFC-HDBK-3697_06_驗證與工程圖面.csv,427,mounted equipment,1,"The term ""mounted equipment"" supports communication or verification of the bonding requirement.",現在簡單式,S + V / V-s,"[""supports""]",0.99,2026-09-21
33e379381077b54606f13e60687ab7ae7b4a27d255ab13bc890c2293909e8cc0,MSFC-HDBK-3697_06_驗證與工程圖面.csv,427,mounted equipment,2,"The engineering team reviews ""mounted equipment"" before releasing the drawing.",現在簡單式,S + V / V-s,"[""reviews""]",0.99,2026-09-21
354a600826e90d7de2018cbfb39e33d21831db4ceb0cb24fcf5d4acf0860b34a,MSFC-HDBK-3697_06_驗證與工程圖面.csv,428,structural joint,1,"The term ""structural joint"" supports communication or verification of the bonding requirement.",現在簡單式,S + V / V-s,"[""supports""]",0.99,2026-09-21
78c680c1b27b1f09f7a5d791a733c660138f975b5db460f4207ca033ef5f6ee9,MSFC-HDBK-3697_06_驗證與工程圖面.csv,428,structural joint,2,"The engineering team reviews ""structural joint"" before releasing the drawing.",現在簡單式,S + V / V-s,"[""reviews""]",0.99,2026-09-21
15248707c58f2b477e33b6966463b5adb245da95910fa973f119d0dfa8ea5324,MSFC-HDBK-3697_06_驗證與工程圖面.csv,429,ground strap measurement,1,"The term ""ground strap measurement"" supports communication or verification of the bonding requirement.",現在簡單式,S + V / V-s,"[""supports""]",0.99,2026-09-21
390ed994e841baf10a173b55e4baf1f9d3c1fc6390e8d643b592b40e74b77c7f,MSFC-HDBK-3697_06_驗證與工程圖面.csv,429,ground strap measurement,2,"The engineering team reviews ""ground strap measurement"" before releasing the drawing.",現在簡單式,S + V / V-s,"[""reviews""]",0.99,2026-09-21
248e760159c1b11a00725001994b141dc44ab51399afbed46e51f68eb2c9c84b,MSFC-HDBK-3697_06_驗證與工程圖面.csv,430,MLI attach point,1,"The term ""MLI attach point"" supports communication or verification of the bonding requirement.",現在簡單式,S + V / V-s,"[""supports""]",0.99,2026-09-21
c05ac7660b96553d1d3e0c546d788c7b5560392a05d22cc5c15624b5aa84d989,MSFC-HDBK-3697_06_驗證與工程圖面.csv,430,MLI attach point,2,"The engineering team reviews ""MLI attach point"" before releasing the drawing.",現在簡單式,S + V / V-s,"[""reviews""]",0.99,2026-09-21
b494108dabeefc133a0e5108e2083b7066bb62b001048e16a002c948d5689d97,MSFC-HDBK-3697_06_驗證與工程圖面.csv,431,connector body,1,"The term ""connector body"" supports communication or verification of the bonding requirement.",現在簡單式,S + V / V-s,"[""supports""]",0.99,2026-09-21
e16ffa806c913a51e28b5255b26fe8ebf5d6fb465c75136bb6f8385318052cad,MSFC-HDBK-3697_06_驗證與工程圖面.csv,431,connector body,2,"The engineering team reviews ""connector body"" before releasing the drawing.",現在簡單式,S + V / V-s,"[""reviews""]",0.99,2026-09-21
856247ccbc3b002c3b0dfaae9e3ed942f7004d2e792241c7e363c5f1aa483a5f,MSFC-HDBK-3697_06_驗證與工程圖面.csv,432,adjacent metal part,1,"The term ""adjacent metal part"" supports communication or verification of the bonding requirement.",現在簡單式,S + V / V-s,"[""supports""]",0.99,2026-09-21
f05ffaf0b3eabd1336a8f0f85251acc33507f851003da0d1b25ee5d4ecb090d0,MSFC-HDBK-3697_06_驗證與工程圖面.csv,432,adjacent metal part,2,"The engineering team reviews ""adjacent metal part"" before releasing the drawing.",現在簡單式,S + V / V-s,"[""reviews""]",0.99,2026-09-21
d1a1a230ef1085e495b99068c750d2ae64f15f2acc75196b3759308c316931ee,MSFC-HDBK-3697_06_驗證與工程圖面.csv,433,area to be bonded,1,"The term ""area to be bonded"" supports communication or verification of the bonding requirement.",現在簡單式,S + V / V-s,"[""supports""]",0.99,2026-09-21
04f5329fce15310f3c656cab84ba1dafe2debea24d48b5bf012551227a48bb6c,MSFC-HDBK-3697_06_驗證與工程圖面.csv,433,area to be bonded,2,"The engineering team reviews ""area to be bonded"" before releasing the drawing.",現在簡單式,S + V / V-s,"[""reviews""]",0.99,2026-09-21
75c5e2a8685c9683b3357d69c5f93c53559dc36db4309b5b765e13511afb8751,MSFC-HDBK-3697_06_驗證與工程圖面.csv,434,class of bond,1,"The term ""class of bond"" supports communication or verification of the bonding requirement.",現在簡單式,S + V / V-s,"[""supports""]",0.99,2026-09-21
dca2b3b74d71f4bb13792e73313d1643d3968acb72e8391e98d3b40bcb1ab5b8,MSFC-HDBK-3697_06_驗證與工程圖面.csv,434,class of bond,2,"The engineering team reviews ""class of bond"" before releasing the drawing.",現在簡單式,S + V / V-s,"[""reviews""]",0.99,2026-09-21
52ded9b55b90229d6fc04c4b83cf2270d8b504f6cefc7e3e3ffa862f0f110ea1,MSFC-HDBK-3697_06_驗證與工程圖面.csv,435,strap dimension,1,"The term ""strap dimension"" supports communication or verification of the bonding requirement.",現在簡單式,S + V / V-s,"[""supports""]",0.99,2026-09-21
729449f83f819dbd40bbf31977f961b3e1553000fd0d98cc770375c2823e5695,MSFC-HDBK-3697_06_驗證與工程圖面.csv,435,strap dimension,2,"The engineering team reviews ""strap dimension"" before releasing the drawing.",現在簡單式,S + V / V-s,"[""reviews""]",0.99,2026-09-21
adfc4af6061c99585ceb7238212e791b7891c3cedc7949c88edc211aade46e7b,MSFC-HDBK-3697_06_驗證與工程圖面.csv,436,strap location,1,"The term ""strap location"" supports communication or verification of the bonding requirement.",現在簡單式,S + V / V-s,"[""supports""]",0.99,2026-09-21
9c25ba291bab701358ee9bef3917d24e6edb67294b667ea6ea789e2d98ed23fe,MSFC-HDBK-3697_06_驗證與工程圖面.csv,436,strap location,2,"The engineering team reviews ""strap location"" before releasing the drawing.",現在簡單式,S + V / V-s,"[""reviews""]",0.99,2026-09-21
deda8d4baf6424c3720308b28b8b9010ffce3cb05ca280cb47c77977f7cf1ca5,MSFC-HDBK-3697_06_驗證與工程圖面.csv,437,fastener torque,1,"The term ""fastener torque"" supports communication or verification of the bonding requirement.",現在簡單式,S + V / V-s,"[""supports""]",0.99,2026-09-21
cf2a88fcb43ba4a8440b8984b23082ccde6d497c0db5f6238166be586d97625e,MSFC-HDBK-3697_06_驗證與工程圖面.csv,437,fastener torque,2,"The engineering team reviews ""fastener torque"" before releasing the drawing.",現在簡單式,S + V / V-s,"[""reviews""]",0.99,2026-09-21
b7b5b4706e4c90734fb67657bb32d324a5a33c7bd79a67624efe5b0ec1f11b44,MSFC-HDBK-3697_06_驗證與工程圖面.csv,438,title block,1,"The term ""title block"" supports communication or verification of the bonding requirement.",現在簡單式,S + V / V-s,"[""supports""]",0.99,2026-09-21
e10631c29b66ca376ac97e3e2dfa303e736873c149852e3da9e0cd281c1de92d,MSFC-HDBK-3697_06_驗證與工程圖面.csv,438,title block,2,"The engineering team reviews ""title block"" before releasing the drawing.",現在簡單式,S + V / V-s,"[""reviews""]",0.99,2026-09-21
7d8b5ac29401e9b51b00ae16e77efab13707dc6621450f42059441ddd6e1736b,MSFC-HDBK-3697_06_驗證與工程圖面.csv,439,drawing leader,1,"The term ""drawing leader"" supports communication or verification of the bonding requirement.",現在簡單式,S + V / V-s,"[""supports""]",0.99,2026-09-21
30543603185d8ddfa79f052ab2c6d0d9242b551fd2456d81e9c46775442731b7,MSFC-HDBK-3697_06_驗證與工程圖面.csv,439,drawing leader,2,"The engineering team reviews ""drawing leader"" before releasing the drawing.",現在簡單式,S + V / V-s,"[""reviews""]",0.99,2026-09-21
41c50ed557a29055c90f02f3e189b68e1eda066cccb9d789f561bed00a46af24,MSFC-HDBK-3697_06_驗證與工程圖面.csv,440,surface finish callout,1,"The term ""surface finish callout"" supports communication or verification of the bonding requirement.",現在簡單式,S + V / V-s,"[""supports""]",0.99,2026-09-21
6f7553fa1a269e532a53a8336fc27c9870b5a328074458a827da093925f92331,MSFC-HDBK-3697_06_驗證與工程圖面.csv,440,surface finish callout,2,"The engineering team reviews ""surface finish callout"" before releasing the drawing.",現在簡單式,S + V / V-s,"[""reviews""]",0.99,2026-09-21
15a45d85c845c115cc68766c588be01efdda9e6d7930ca189d7d2e3cc481ed75,MSFC-HDBK-3697_06_驗證與工程圖面.csv,441,electrically conductive surface,1,"The term ""electrically conductive surface"" supports communication or verification of the bonding requirement.",現在簡單式,S + V / V-s,"[""supports""]",0.99,2026-09-21
ab62c8684ad538afe34d794a3fa9a77764de3d098e83762a9f151f2417bba4c7,MSFC-HDBK-3697_06_驗證與工程圖面.csv,441,electrically conductive surface,2,"The engineering team reviews ""electrically conductive surface"" before releasing the drawing.",現在簡單式,S + V / V-s,"[""reviews""]",0.99,2026-09-21
35be61e05f8cc7593badbfb681c7ba3a67570645e753889d8805642119aea5d5,MSFC-HDBK-3697_06_驗證與工程圖面.csv,442,corrosion inhibiting compound,1,"The term ""corrosion inhibiting compound"" supports communication or verification of the bonding requirement.",現在簡單式,S + V / V-s,"[""supports""]",0.99,2026-09-21
6958066fa29f57aff9488d0def3ec51074fb01e4c7505d12d18e51812404de8f,MSFC-HDBK-3697_06_驗證與工程圖面.csv,442,corrosion inhibiting compound,2,"The engineering team reviews ""corrosion inhibiting compound"" before releasing the drawing.",現在簡單式,S + V / V-s,"[""reviews""]",0.99,2026-09-21
42a8ca16e0058f14f40f9f9a0bd08a630a33aba63666369d92b6ed5bcaf12214,MSFC-HDBK-3697_06_驗證與工程圖面.csv,443,strippable plastic coating,1,"The term ""strippable plastic coating"" supports communication or verification of the bonding requirement.",現在簡單式,S + V / V-s,"[""supports""]",0.99,2026-09-21
49bbca985162eb5756749c10f9a94f5dc5ba2d6dc2445b4488da1be256976b55,MSFC-HDBK-3697_06_驗證與工程圖面.csv,443,strippable plastic coating,2,"The engineering team reviews ""strippable plastic coating"" before releasing the drawing.",現在簡單式,S + V / V-s,"[""reviews""]",0.99,2026-09-21
265d09bb66056a175d5c8eb71baea1698fa2d9625122236d7afe6820603b0323,MSFC-HDBK-3697_06_驗證與工程圖面.csv,444,exposed surface,1,"The term ""exposed surface"" supports communication or verification of the bonding requirement.",現在簡單式,S + V / V-s,"[""supports""]",0.99,2026-09-21
b1b39c771d53e5b8ff2f7cfb67b5830bc157fb97b61d1392d9d28e2d09a61e90,MSFC-HDBK-3697_06_驗證與工程圖面.csv,444,exposed surface,2,"The engineering team reviews ""exposed surface"" before releasing the drawing.",現在簡單式,S + V / V-s,"[""reviews""]",0.99,2026-09-21
2a56fc7d7a62ee8abeba3a7c309f423b108375385a3b96b412e5770f31c09d54,MSFC-HDBK-3697_06_驗證與工程圖面.csv,445,oxidation prevention,1,"The term ""oxidation prevention"" supports communication or verification of the bonding requirement.",現在簡單式,S + V / V-s,"[""supports""]",0.99,2026-09-21
5a88e236c17bfa79f86552edebec66e816fbe9b4d515c94f1b3305d842a88e49,MSFC-HDBK-3697_06_驗證與工程圖面.csv,445,oxidation prevention,2,"The engineering team reviews ""oxidation prevention"" before releasing the drawing.",現在簡單式,S + V / V-s,"[""reviews""]",0.99,2026-09-21
6d63193b5e4ca1f18fd3afbf31a2b88fa170711d1399d8d93abd7b489b74cd6d,MSFC-HDBK-3697_06_驗證與工程圖面.csv,446,masking requirement,1,"The term ""masking requirement"" supports communication or verification of the bonding requirement.",現在簡單式,S + V / V-s,"[""supports""]",0.99,2026-09-21
d120016f384bd6bdf7c041745c05818906eea4918b4bea7d5fba0f0a96d950ae,MSFC-HDBK-3697_06_驗證與工程圖面.csv,446,masking requirement,2,"The engineering team reviews ""masking requirement"" before releasing the drawing.",現在簡單式,S + V / V-s,"[""reviews""]",0.99,2026-09-21
43ebf192d4b835cb23a98e04fbc92f204d278e562b60e4dbe3ab15acec09c138,MSFC-HDBK-3697_06_驗證與工程圖面.csv,447,chemical film treatment,1,"The term ""chemical film treatment"" supports communication or verification of the bonding requirement.",現在簡單式,S + V / V-s,"[""supports""]",0.99,2026-09-21
276c4290c1faa2b8a69761bcca2d4bbbe294111a3ad78a80f18c5d199c548b65,MSFC-HDBK-3697_06_驗證與工程圖面.csv,447,chemical film treatment,2,"The engineering team reviews ""chemical film treatment"" before releasing the drawing.",現在簡單式,S + V / V-s,"[""reviews""]",0.99,2026-09-21
e80c551a507cb5093a10ffdae2ca097c0cac4d4e1627af73c97d60e5e0ca60d9,MSFC-HDBK-3697_06_驗證與工程圖面.csv,448,electroless nickel plate,1,"The term ""electroless nickel plate"" supports communication or verification of the bonding requirement.",現在簡單式,S + V / V-s,"[""supports""]",0.99,2026-09-21
29e7df6f220ab0c84ecabc16e7ec72873106bd43c0a37fc6069e4b073e7ab29c,MSFC-HDBK-3697_06_驗證與工程圖面.csv,448,electroless nickel plate,2,"The engineering team reviews ""electroless nickel plate"" before releasing the drawing.",現在簡單式,S + V / V-s,"[""reviews""]",0.99,2026-09-21
eae0ea2ecf96598eb6e83e6825cae310f0bc8d6552878bbcc330f731bc8e61a8,MSFC-HDBK-3697_06_驗證與工程圖面.csv,449,free iron contamination,1,"The term ""free iron contamination"" supports communication or verification of the bonding requirement.",現在簡單式,S + V / V-s,"[""supports""]",0.99,2026-09-21
08317cc47d48df1bc0a5783f5310d12da52628906c8ef47aacdf9041c8f7db90,MSFC-HDBK-3697_06_驗證與工程圖面.csv,449,free iron contamination,2,"The engineering team reviews ""free iron contamination"" before releasing the drawing.",現在簡單式,S + V / V-s,"[""reviews""]",0.99,2026-09-21
167b61279664091a159fb8f211bc647822f13766db3ea3e1b638f77af0728a69,MSFC-HDBK-3697_06_驗證與工程圖面.csv,450,thin paint,1,"The term ""thin paint"" supports communication or verification of the bonding requirement.",現在簡單式,S + V / V-s,"[""supports""]",0.99,2026-09-21
7c28e0b27d4d4677cac6666f5dbe345ec0f31de8276484657e8ff6b7302ac7cc,MSFC-HDBK-3697_06_驗證與工程圖面.csv,450,thin paint,2,"The engineering team reviews ""thin paint"" before releasing the drawing.",現在簡單式,S + V / V-s,"[""reviews""]",0.99,2026-09-21
074c51efea196614ecfe98c5c65641b874a14c1671eb98b2428977c7e693a108,MSFC-HDBK-3697_06_驗證與工程圖面.csv,451,connector panel drawing,1,"The term ""connector panel drawing"" supports communication or verification of the bonding requirement.",現在簡單式,S + V / V-s,"[""supports""]",0.99,2026-09-21
f0057c7311779624ff3f851634da0244b772c0156c24cbf34e23726da3c09da7,MSFC-HDBK-3697_06_驗證與工程圖面.csv,451,connector panel drawing,2,"The engineering team reviews ""connector panel drawing"" before releasing the drawing.",現在簡單式,S + V / V-s,"[""reviews""]",0.99,2026-09-21
15dcba05e4363344a17f919b7d8443bb02fa826aaba8d3654911779bb5d9b35f,MSFC-HDBK-3697_06_驗證與工程圖面.csv,452,equipment installation drawing,1,"The term ""equipment installation drawing"" supports communication or verification of the bonding requirement.",現在簡單式,S + V / V-s,"[""supports""]",0.99,2026-09-21
98512433ec9d69c940bbcf0c3a9e005ce11273175e1b5c2dec55f03ce2ba4f57,MSFC-HDBK-3697_06_驗證與工程圖面.csv,452,equipment installation drawing,2,"The engineering team reviews ""equipment installation drawing"" before releasing the drawing.",現在簡單式,S + V / V-s,"[""reviews""]",0.99,2026-09-21
8c8dbb546a8c8596f9a28e1497b3100ddc2107bc825b72c36b140e310d5b3023,MSFC-HDBK-3697_06_驗證與工程圖面.csv,453,critical bond path,1,"The term ""critical bond path"" supports communication or verification of the bonding requirement.",現在簡單式,S + V / V-s,"[""supports""]",0.99,2026-09-21
62bbdf1a957af0925985652170aa81ac1066fbe45a47a5bc71af6cbf3babe422,MSFC-HDBK-3697_06_驗證與工程圖面.csv,453,critical bond path,2,"The engineering team reviews ""critical bond path"" before releasing the drawing.",現在簡單式,S + V / V-s,"[""reviews""]",0.99,2026-09-21
1c40844529eebc08ca2abd2eb7088bd5b22dbc4546a204fbd42f8c9e4a69b874,MSFC-HDBK-3697_06_驗證與工程圖面.csv,454,drawing release,1,"The term ""drawing release"" supports communication or verification of the bonding requirement.",現在簡單式,S + V / V-s,"[""supports""]",0.99,2026-09-21
566dc1e1ab3b1d24dec030b6a0f4210d5dc506cec2f5dbee72cd2f6a8c562619,MSFC-HDBK-3697_06_驗證與工程圖面.csv,454,drawing release,2,"The engineering team reviews ""drawing release"" before releasing the drawing.",現在簡單式,S + V / V-s,"[""reviews""]",0.99,2026-09-21
d9f2286223523d8e14202a7dfb7d4613e41fa247a7c30292bc51157d938b762a,MSFC-HDBK-3697_07_電氣接合檢查表.csv,455,designated bond area,1,"The checklist reviewer examines ""designated bond area"" before the bonding design is accepted.",現在簡單式,S + V / V-s,"[""examines""]",0.99,2026-09-21
1237fc49aeca362e5bf2a123175487ecab54a89ec543369cd8b03b522dc2ff6c,MSFC-HDBK-3697_07_電氣接合檢查表.csv,455,designated bond area,2,"The reviewer records the result for ""designated bond area"" during the checklist review.",現在簡單式,S + V / V-s,"[""records""]",0.99,2026-09-21
b2f1284005ea97450d00b956c6ed99fe5fa7dfac4327e7a60fa8cccbd819963a,MSFC-HDBK-3697_07_電氣接合檢查表.csv,456,clean mating surface,1,"The checklist reviewer examines ""clean mating surface"" before the bonding design is accepted.",現在簡單式,S + V / V-s,"[""examines""]",0.99,2026-09-21
ba206b82c21f2a2eef1c502cc7833c470e2cef73b81483c9307f740b7a780864,MSFC-HDBK-3697_07_電氣接合檢查表.csv,456,clean mating surface,2,"The reviewer records the result for ""clean mating surface"" during the checklist review.",現在簡單式,S + V / V-s,"[""records""]",0.99,2026-09-21
c1569e98f1c49d1b60d805194a4389e20e64197ad4440d9dc37ad5b767aff0e1,MSFC-HDBK-3697_07_電氣接合檢查表.csv,457,oil-free surface,1,"The checklist reviewer examines ""oil-free surface"" before the bonding design is accepted.",現在簡單式,S + V / V-s,"[""examines""]",0.99,2026-09-21
eb34caf7a11a2adf136afd5ea14befe1c92aadad5a9acefe084a9bba2745caa2,MSFC-HDBK-3697_07_電氣接合檢查表.csv,457,oil-free surface,2,"The reviewer records the result for ""oil-free surface"" during the checklist review.",現在簡單式,S + V / V-s,"[""records""]",0.99,2026-09-21
0bdaaf7f0666ac29d9380d48a50f2e193a8615a605312c1d7810f660112afe39,MSFC-HDBK-3697_07_電氣接合檢查表.csv,458,oxide-free surface,1,"The checklist reviewer examines ""oxide-free surface"" before the bonding design is accepted.",現在簡單式,S + V / V-s,"[""examines""]",0.99,2026-09-21
4f97a45bd6d28a1087ec726dc1ae77c45bd1fad9dfebd96472578dc0feb0a149,MSFC-HDBK-3697_07_電氣接合檢查表.csv,458,oxide-free surface,2,"The reviewer records the result for ""oxide-free surface"" during the checklist review.",現在簡單式,S + V / V-s,"[""records""]",0.99,2026-09-21
02ed95610acbdfd47b40b9c0b50e00b9b4e5c2f6b6663f0dffaeda363c0c503f,MSFC-HDBK-3697_07_電氣接合檢查表.csv,459,corrosive agent,1,"The checklist reviewer examines ""corrosive agent"" before the bonding design is accepted.",現在簡單式,S + V / V-s,"[""examines""]",0.99,2026-09-21
7021aabdeeac24b900808d5946f1a8fad8ff939daeba047ae781573cccde756d,MSFC-HDBK-3697_07_電氣接合檢查表.csv,459,corrosive agent,2,"The reviewer records the result for ""corrosive agent"" during the checklist review.",現在簡單式,S + V / V-s,"[""records""]",0.99,2026-09-21
1cc8c2f07f3510c03cf704670dbbd5a3f6eac67d20a53d1480d2751b5f942128,MSFC-HDBK-3697_07_電氣接合檢查表.csv,460,electrolytic path,1,"The checklist reviewer examines ""electrolytic path"" before the bonding design is accepted.",現在簡單式,S + V / V-s,"[""examines""]",0.99,2026-09-21
cfc5f9ac566211ce2cd85abedd0fbd182320742fa5926f8e6612fe2326d32726,MSFC-HDBK-3697_07_電氣接合檢查表.csv,460,electrolytic path,2,"The reviewer records the result for ""electrolytic path"" during the checklist review.",現在簡單式,S + V / V-s,"[""records""]",0.99,2026-09-21
ad06a59f4653cf915b3b5165af4c24043eeb9c47721083b978bd0d9bbe57cc01,MSFC-HDBK-3697_07_電氣接合檢查表.csv,461,solid contaminant,1,"The checklist reviewer examines ""solid contaminant"" before the bonding design is accepted.",現在簡單式,S + V / V-s,"[""examines""]",0.99,2026-09-21
ce208c4abd95e6b940e6a75b794786eb4d91551a23db3f992c4a4ce49696a968,MSFC-HDBK-3697_07_電氣接合檢查表.csv,461,solid contaminant,2,"The reviewer records the result for ""solid contaminant"" during the checklist review.",現在簡單式,S + V / V-s,"[""records""]",0.99,2026-09-21
c06ef6674c1b394f317aae800bd93f5f42e98ccfdfc340dde1911486f19d2637,MSFC-HDBK-3697_07_電氣接合檢查表.csv,462,low-resistance interface,1,"The checklist reviewer examines ""low-resistance interface"" before the bonding design is accepted.",現在簡單式,S + V / V-s,"[""examines""]",0.99,2026-09-21
b2e2e476624f310bf7b892505c7bfeeb10cac7d09f79e74d38c71e3ffb1d2c78,MSFC-HDBK-3697_07_電氣接合檢查表.csv,462,low-resistance interface,2,"The reviewer records the result for ""low-resistance interface"" during the checklist review.",現在簡單式,S + V / V-s,"[""records""]",0.99,2026-09-21
f6c770138023a95cf4c1375e5590e5d2e619f76b38c9341c37da83f8f4ac9bdd,MSFC-HDBK-3697_07_電氣接合檢查表.csv,463,finish restoration,1,"The checklist reviewer examines ""finish restoration"" before the bonding design is accepted.",現在簡單式,S + V / V-s,"[""examines""]",0.99,2026-09-21
36604d29caa2b5446fdff41f557b916bb8dc1181f8ccbc467b409d24b8bf539b,MSFC-HDBK-3697_07_電氣接合檢查表.csv,463,finish restoration,2,"The reviewer records the result for ""finish restoration"" during the checklist review.",現在簡單式,S + V / V-s,"[""records""]",0.99,2026-09-21
05edeb30a23e2b5d715d0b86962c6e74339a375ab15be94714710775e4b84a69,MSFC-HDBK-3697_07_電氣接合檢查表.csv,464,compatible material,1,"The checklist reviewer examines ""compatible material"" before the bonding design is accepted.",現在簡單式,S + V / V-s,"[""examines""]",0.99,2026-09-21
d08a52d6fc766edb4c5ddee20a044b3f20ce9cfbaf0562f8a793d8798ec4eb90,MSFC-HDBK-3697_07_電氣接合檢查表.csv,464,compatible material,2,"The reviewer records the result for ""compatible material"" during the checklist review.",現在簡單式,S + V / V-s,"[""records""]",0.99,2026-09-21
c11ebd08f22627564698533839fdca07c6e7ec95076fac2cfc214832109fda4a,MSFC-HDBK-3697_07_電氣接合檢查表.csv,465,high-current capability,1,"The checklist reviewer examines ""high-current capability"" before the bonding design is accepted.",現在簡單式,S + V / V-s,"[""examines""]",0.99,2026-09-21
e1367a7919d22a7ce25a08ee6e64c9356afe906a53884e7bd9868a67516491c9,MSFC-HDBK-3697_07_電氣接合檢查表.csv,465,high-current capability,2,"The reviewer records the result for ""high-current capability"" during the checklist review.",現在簡單式,S + V / V-s,"[""records""]",0.99,2026-09-21
3f6c2ca565fb53604ef47fe7eed29a157038924feac8d0b18c2aa56d55b07d15,MSFC-HDBK-3697_07_電氣接合檢查表.csv,466,hostile environment,1,"The checklist reviewer examines ""hostile environment"" before the bonding design is accepted.",現在簡單式,S + V / V-s,"[""examines""]",0.99,2026-09-21
53f656b66b81449ed9ee7618bb5346b807083ec7e6077d8a228cea37d75ccaa4,MSFC-HDBK-3697_07_電氣接合檢查表.csv,466,hostile environment,2,"The reviewer records the result for ""hostile environment"" during the checklist review.",現在簡單式,S + V / V-s,"[""records""]",0.99,2026-09-21
48174ab2ccb3a5807716936d5dd3d5e83f331a1d9bf3d01602d1cfb4a95ba4bb,MSFC-HDBK-3697_07_電氣接合檢查表.csv,467,accessible location,1,"The checklist reviewer examines ""accessible location"" before the bonding design is accepted.",現在簡單式,S + V / V-s,"[""examines""]",0.99,2026-09-21
d0a77b03c95de022cc09ec06abfcbbdfca65bcbb9400e6677488d36e70391462,MSFC-HDBK-3697_07_電氣接合檢查表.csv,467,accessible location,2,"The reviewer records the result for ""accessible location"" during the checklist review.",現在簡單式,S + V / V-s,"[""records""]",0.99,2026-09-21
2370a2ebf4d8bb2f602943c6d568a03dde875319a9684c4f0975367725d3821d,MSFC-HDBK-3697_07_電氣接合檢查表.csv,468,replacement access,1,"The checklist reviewer examines ""replacement access"" before the bonding design is accepted.",現在簡單式,S + V / V-s,"[""examines""]",0.99,2026-09-21
e16c89c8973f534798decdabe27e8891ec283223bd2a26387d51cbaf7ff295f4,MSFC-HDBK-3697_07_電氣接合檢查表.csv,468,replacement access,2,"The reviewer records the result for ""replacement access"" during the checklist review.",現在簡單式,S + V / V-s,"[""records""]",0.99,2026-09-21
c032e59bf4e9370e2a035c7844e55ef8adffc88421deea2e81485a103926f780,MSFC-HDBK-3697_07_電氣接合檢查表.csv,469,direct joining,1,"The checklist reviewer examines ""direct joining"" before the bonding design is accepted.",現在簡單式,S + V / V-s,"[""examines""]",0.99,2026-09-21
5743c32fcc58c18e90d400638534287c2b04f29101e5a6be9c35f2e4d3537d8f,MSFC-HDBK-3697_07_電氣接合檢查表.csv,469,direct joining,2,"The reviewer records the result for ""direct joining"" during the checklist review.",現在簡單式,S + V / V-s,"[""records""]",0.99,2026-09-21
a44c96b4ba258420fecdf5b850ca0b6085922d0a3dc2ff9cad5d53fcbc365520,MSFC-HDBK-3697_07_電氣接合檢查表.csv,470,strap sizing,1,"The checklist reviewer examines ""strap sizing"" before the bonding design is accepted.",現在簡單式,S + V / V-s,"[""examines""]",0.99,2026-09-21
a3f9bc2770b7d3a3c5d62ecf720f11069f01f2dd9ccee67c68d51de085633956,MSFC-HDBK-3697_07_電氣接合檢查表.csv,470,strap sizing,2,"The reviewer records the result for ""strap sizing"" during the checklist review.",現在簡單式,S + V / V-s,"[""records""]",0.99,2026-09-21
54b45924a52375ff960f2db910449ff838e9407af0e8640febd42b30dac84644,MSFC-HDBK-3697_07_電氣接合檢查表.csv,471,conductive clamp,1,"The checklist reviewer examines ""conductive clamp"" before the bonding design is accepted.",現在簡單式,S + V / V-s,"[""examines""]",0.99,2026-09-21
589a0b8b662ab33cec8451200a469aeb5b925ad1a44787fbaf62419383a48de1,MSFC-HDBK-3697_07_電氣接合檢查表.csv,471,conductive clamp,2,"The reviewer records the result for ""conductive clamp"" during the checklist review.",現在簡單式,S + V / V-s,"[""records""]",0.99,2026-09-21
827aad834255c0b0776b509e142b2b6385a8feeb623d15ba340fa9c6d800b661,MSFC-HDBK-3697_07_電氣接合檢查表.csv,472,clamp tang,1,"The checklist reviewer examines ""clamp tang"" before the bonding design is accepted.",現在簡單式,S + V / V-s,"[""examines""]",0.99,2026-09-21
164607cb06a5e0f6ecc996ea8a1cee59ddad49605205ac2d12210e238671eac3,MSFC-HDBK-3697_07_電氣接合檢查表.csv,472,clamp tang,2,"The reviewer records the result for ""clamp tang"" during the checklist review.",現在簡單式,S + V / V-s,"[""records""]",0.99,2026-09-21
67c33c92ac60f9c389c6dbb3339cf62d6d695c6db7f254a8a061f0c2b982cac9,MSFC-HDBK-3697_07_電氣接合檢查表.csv,473,movement allowance,1,"The checklist reviewer examines ""movement allowance"" before the bonding design is accepted.",現在簡單式,S + V / V-s,"[""examines""]",0.99,2026-09-21
c1fbf637d9f303be5b0d342c823f818fa30dda40a26a869cb9bef21cd6796892,MSFC-HDBK-3697_07_電氣接合檢查表.csv,473,movement allowance,2,"The reviewer records the result for ""movement allowance"" during the checklist review.",現在簡單式,S + V / V-s,"[""records""]",0.99,2026-09-21
0f9477ced434e5d17baa242aa5a4dcc28e7c0b16e221be2dd26cfe5f3a7e6107,MSFC-HDBK-3697_07_電氣接合檢查表.csv,474,adjacent finish,1,"The checklist reviewer examines ""adjacent finish"" before the bonding design is accepted.",現在簡單式,S + V / V-s,"[""examines""]",0.99,2026-09-21
8338f827fb5490c8c3034e08f5e2f302869669a49ca08cc518f3345b62b50a0c,MSFC-HDBK-3697_07_電氣接合檢查表.csv,474,adjacent finish,2,"The reviewer records the result for ""adjacent finish"" during the checklist review.",現在簡單式,S + V / V-s,"[""records""]",0.99,2026-09-21
4396d1d2455d03d8c86a9d30cad50cf56b7334104c874d10314cac466884c264,MSFC-HDBK-3697_07_電氣接合檢查表.csv,475,drawing designation,1,"The checklist reviewer examines ""drawing designation"" before the bonding design is accepted.",現在簡單式,S + V / V-s,"[""examines""]",0.99,2026-09-21
c2b2f4af3d346f49a20a9e8a664ad8e4d81b96dde9abd3c55a934ad51f2bd673,MSFC-HDBK-3697_07_電氣接合檢查表.csv,475,drawing designation,2,"The reviewer records the result for ""drawing designation"" during the checklist review.",現在簡單式,S + V / V-s,"[""records""]",0.99,2026-09-21
e196a864d6dd8070d015c0bc61983d395ab87987b5f21b900d191750235effd1,MSFC-HDBK-3697_07_電氣接合檢查表.csv,476,inspection criterion,1,"The checklist reviewer examines ""inspection criterion"" before the bonding design is accepted.",現在簡單式,S + V / V-s,"[""examines""]",0.99,2026-09-21
5a1e14c1d6a7df390d9ffda95b9753f81c4a539a8cc1789e84a3b26731bac6c7,MSFC-HDBK-3697_07_電氣接合檢查表.csv,476,inspection criterion,2,"The reviewer records the result for ""inspection criterion"" during the checklist review.",現在簡單式,S + V / V-s,"[""records""]",0.99,2026-09-21
de9f13e606f52920d1e56b4cdb85cb4f8ebf8c8d26f852544070b36b95b7fd34,MSFC-HDBK-3697_07_電氣接合檢查表.csv,477,acceptance criterion,1,"The checklist reviewer examines ""acceptance criterion"" before the bonding design is accepted.",現在簡單式,S + V / V-s,"[""examines""]",0.99,2026-09-21
8124f5b6bfe8c854b205feb16cf316178ffac18661cac277967893f75a0e792f,MSFC-HDBK-3697_07_電氣接合檢查表.csv,477,acceptance criterion,2,"The reviewer records the result for ""acceptance criterion"" during the checklist review.",現在簡單式,S + V / V-s,"[""records""]",0.99,2026-09-21
6d717e79370b08cda1757c6d33eaf16d8de8c8f33e85cf0f1e53f14def94ecc7,MSFC-HDBK-3697_07_電氣接合檢查表.csv,478,nonconformance,1,"The checklist reviewer examines ""nonconformance"" before the bonding design is accepted.",現在簡單式,S + V / V-s,"[""examines""]",0.99,2026-09-21
1d5d5bbaf409abd6340c461e28fcff6a18d8102366a33a8c7f7a6773168d56a8,MSFC-HDBK-3697_07_電氣接合檢查表.csv,478,nonconformance,2,"The reviewer records the result for ""nonconformance"" during the checklist review.",現在簡單式,S + V / V-s,"[""records""]",0.99,2026-09-21
be3cfc1395fc003bb04529c5c97e376851ed31b45a9bfbe0f2e7b73b1fbb392f,MSFC-HDBK-3697_07_電氣接合檢查表.csv,479,inspection finding,1,"The checklist reviewer examines ""inspection finding"" before the bonding design is accepted.",現在簡單式,S + V / V-s,"[""examines""]",0.99,2026-09-21
e2f4dfdd356a7a80027aba4427d4a36266d4e0002f1ca606b1f75859be6cd8a5,MSFC-HDBK-3697_07_電氣接合檢查表.csv,479,inspection finding,2,"The reviewer records the result for ""inspection finding"" during the checklist review.",現在簡單式,S + V / V-s,"[""records""]",0.99,2026-09-21
cb3e03336ee7eef60a962f528502c02b95c7a07d7f6490afbe3a76677337df48,MSFC-HDBK-3697_07_電氣接合檢查表.csv,480,process control,1,"The checklist reviewer examines ""process control"" before the bonding design is accepted.",現在簡單式,S + V / V-s,"[""examines""]",0.99,2026-09-21
a48bbfa2c1c397911f54408233c79f30d19e941d66469bb10f39b9b4e71b2fef,MSFC-HDBK-3697_07_電氣接合檢查表.csv,480,process control,2,"The reviewer records the result for ""process control"" during the checklist review.",現在簡單式,S + V / V-s,"[""records""]",0.99,2026-09-21
e669ca9a2cc0e979be205aee0b427d72de3486ef59e311069699e306430d9e2e,MSFC-HDBK-3697_07_電氣接合檢查表.csv,481,bond integrity,1,"The checklist reviewer examines ""bond integrity"" before the bonding design is accepted.",現在簡單式,S + V / V-s,"[""examines""]",0.99,2026-09-21
9b6c0ebe84845da819a49bcdd1c300549d9fcc31ea1b7a407b811b4de2578588,MSFC-HDBK-3697_07_電氣接合檢查表.csv,481,bond integrity,2,"The reviewer records the result for ""bond integrity"" during the checklist review.",現在簡單式,S + V / V-s,"[""records""]",0.99,2026-09-21
437328b5d5b48a920aa507ad46a4168c89946501cb2c1651d9c83d7182948c63,MSFC-HDBK-3697_07_電氣接合檢查表.csv,482,checklist closure,1,"The checklist reviewer examines ""checklist closure"" before the bonding design is accepted.",現在簡單式,S + V / V-s,"[""examines""]",0.99,2026-09-21
67d2002e1d5d79410d60a4548e47cb8c6452727b8d6cb37ad5a1d2392eb45ed8,MSFC-HDBK-3697_07_電氣接合檢查表.csv,482,checklist closure,2,"The reviewer records the result for ""checklist closure"" during the checklist review.",現在簡單式,S + V / V-s,"[""records""]",0.99,2026-09-21
eb73118dfd0ff7712d1f729f87b9bde97d33fca14037cb258a539d7dea0820ff,MSFC-HDBK-3697_08_術語與金屬清潔.csv,483,phase angle,1,"The term ""phase angle"" appears in the handbook glossary or cleaning guidance.",現在簡單式,S + V / V-s,"[""appears""]",0.99,2026-09-21
b823af8fe5681ce28ee72590e4a5004ba862c0c146ba209d6f62ff1249921545,MSFC-HDBK-3697_08_術語與金屬清潔.csv,483,phase angle,2,"The technician reviews ""phase angle"" when preparing a bonding surface.",現在簡單式,S + V / V-s,"[""reviews""]",0.99,2026-09-21
7a2b96a8596ad499b3d58a7ba08b473911e7c899c22f05c83fdf728988920e36,MSFC-HDBK-3697_08_術語與金屬清潔.csv,484,complex quantity,1,"The term ""complex quantity"" appears in the handbook glossary or cleaning guidance.",現在簡單式,S + V / V-s,"[""appears""]",0.99,2026-09-21
37d0ada2fdd8913f647e8af6156e7447292a2ce55d019cd459ab0f93b0019bb8,MSFC-HDBK-3697_08_術語與金屬清潔.csv,484,complex quantity,2,"The technician reviews ""complex quantity"" when preparing a bonding surface.",現在簡單式,S + V / V-s,"[""reviews""]",0.99,2026-09-21
55eb8bea8db77c2aab151e8381158da1192aa514862f36048e99dba33ed6f683,MSFC-HDBK-3697_08_術語與金屬清潔.csv,485,imaginary part,1,"The term ""imaginary part"" appears in the handbook glossary or cleaning guidance.",現在簡單式,S + V / V-s,"[""appears""]",0.99,2026-09-21
3d3fc16958c0bb72bda04df996b1d2bc5a6f5ecb73a8e39dd2eb59da083b30db,MSFC-HDBK-3697_08_術語與金屬清潔.csv,485,imaginary part,2,"The technician reviews ""imaginary part"" when preparing a bonding surface.",現在簡單式,S + V / V-s,"[""reviews""]",0.99,2026-09-21
b7ed0785a97cfbde158e077e1dd5e56c1b274e88d718b7cdf4724e738329c00a,MSFC-HDBK-3697_08_術語與金屬清潔.csv,486,zero reference potential,1,"The term ""zero reference potential"" appears in the handbook glossary or cleaning guidance.",現在簡單式,S + V / V-s,"[""appears""]",0.99,2026-09-21
797913d2c56246813a1d188126117ab6d6c71dee589f96190e88c4075ea0f3b8,MSFC-HDBK-3697_08_術語與金屬清潔.csv,486,zero reference potential,2,"The technician reviews ""zero reference potential"" when preparing a bonding surface.",現在簡單式,S + V / V-s,"[""reviews""]",0.99,2026-09-21
a17f6c1ca622dcb55dc998a4400f14f7c32d2c9196957f5576a3cd2405836298,MSFC-HDBK-3697_08_術語與金屬清潔.csv,487,primary structure,1,"The term ""primary structure"" appears in the handbook glossary or cleaning guidance.",現在簡單式,S + V / V-s,"[""appears""]",0.99,2026-09-21
adee589c4308246b6c8d3344ea59e8defe4095edc228262a3c62d8e955af74e7,MSFC-HDBK-3697_08_術語與金屬清潔.csv,487,primary structure,2,"The technician reviews ""primary structure"" when preparing a bonding surface.",現在簡單式,S + V / V-s,"[""reviews""]",0.99,2026-09-21
b02abb04f92e507c4bffae6c3a53d66173c7346ba1453be5334b6802f7fe9c30,MSFC-HDBK-3697_08_術語與金屬清潔.csv,488,secondary structure,1,"The term ""secondary structure"" appears in the handbook glossary or cleaning guidance.",現在簡單式,S + V / V-s,"[""appears""]",0.99,2026-09-21
4aa98e6c014c6446c65b9f3254d228dfd5f73d960c7ca315e5d10ac7e8b1c112,MSFC-HDBK-3697_08_術語與金屬清潔.csv,488,secondary structure,2,"The technician reviews ""secondary structure"" when preparing a bonding surface.",現在簡單式,S + V / V-s,"[""reviews""]",0.99,2026-09-21
cdc1f910efab4eac5ea879cf7e9200c90812bdb5648b5d67c303b19e09aff81b,MSFC-HDBK-3697_08_術語與金屬清潔.csv,489,tertiary structure,1,"The term ""tertiary structure"" appears in the handbook glossary or cleaning guidance.",現在簡單式,S + V / V-s,"[""appears""]",0.99,2026-09-21
4904796160b681162c21d55410813eaba9fe3b52e0a2d54935363c2bb3f67ab2,MSFC-HDBK-3697_08_術語與金屬清潔.csv,489,tertiary structure,2,"The technician reviews ""tertiary structure"" when preparing a bonding surface.",現在簡單式,S + V / V-s,"[""reviews""]",0.99,2026-09-21
8f8cabd181e15f73c7d558361e56110eb83943eb9066f77c0cb8ff5cd5063973,MSFC-HDBK-3697_08_術語與金屬清潔.csv,490,to fay,1,"The term ""to fay"" appears in the handbook glossary or cleaning guidance.",現在簡單式,S + V / V-s,"[""appears""]",0.99,2026-09-21
7da27a46d1810635b906620c4bb637ea8570876af6a23158a5310ea0d729338d,MSFC-HDBK-3697_08_術語與金屬清潔.csv,490,to fay,2,"The technician reviews ""to fay"" when preparing a bonding surface.",現在簡單式,S + V / V-s,"[""reviews""]",0.99,2026-09-21
e5431e62d084d170f48be80130dcd948dba299ef9abe76d09078ab4d12d993ec,MSFC-HDBK-3697_08_術語與金屬清潔.csv,491,alkaline cleaning,1,"The term ""alkaline cleaning"" appears in the handbook glossary or cleaning guidance.",現在簡單式,S + V / V-s,"[""appears""]",0.99,2026-09-21
14ef86f367d8e661656505139cfa313312fc92f0acc9ad991045641de5e4f26f,MSFC-HDBK-3697_08_術語與金屬清潔.csv,491,alkaline cleaning,2,"The technician reviews ""alkaline cleaning"" when preparing a bonding surface.",現在簡單式,S + V / V-s,"[""reviews""]",0.99,2026-09-21
85bae76b3cf4c517a86876bc183bd458e8eb33b4d73c3792cadf789449e08366,MSFC-HDBK-3697_08_術語與金屬清潔.csv,492,electrolytic cleaning,1,"The term ""electrolytic cleaning"" appears in the handbook glossary or cleaning guidance.",現在簡單式,S + V / V-s,"[""appears""]",0.99,2026-09-21
f4b60b28e990e10712bf54e32891451a0e22aeeae88d8cf71b1e8fe6ffd51f4d,MSFC-HDBK-3697_08_術語與金屬清潔.csv,492,electrolytic cleaning,2,"The technician reviews ""electrolytic cleaning"" when preparing a bonding surface.",現在簡單式,S + V / V-s,"[""reviews""]",0.99,2026-09-21
3307742afe36f3c165ce9e1aea39800e611ba848a1d9d4beea07acb34d5eed83,MSFC-HDBK-3697_08_術語與金屬清潔.csv,493,anodic cleaning,1,"The term ""anodic cleaning"" appears in the handbook glossary or cleaning guidance.",現在簡單式,S + V / V-s,"[""appears""]",0.99,2026-09-21
f55752ba0acb09850f3375aca597b292e8d73abdfd95821f80caf0ef8ed845e8,MSFC-HDBK-3697_08_術語與金屬清潔.csv,493,anodic cleaning,2,"The technician reviews ""anodic cleaning"" when preparing a bonding surface.",現在簡單式,S + V / V-s,"[""reviews""]",0.99,2026-09-21
e046a3dd6586320c8b720a0963e567737f20999a374f15336255f3a229d2e311,MSFC-HDBK-3697_08_術語與金屬清潔.csv,494,cathodic cleaning,1,"The term ""cathodic cleaning"" appears in the handbook glossary or cleaning guidance.",現在簡單式,S + V / V-s,"[""appears""]",0.99,2026-09-21
5616d4c3c0dfd199a82d1334daa19429009b8407451cc16a76c93bb55828cf65,MSFC-HDBK-3697_08_術語與金屬清潔.csv,494,cathodic cleaning,2,"The technician reviews ""cathodic cleaning"" when preparing a bonding surface.",現在簡單式,S + V / V-s,"[""reviews""]",0.99,2026-09-21
9de74d91ea4169b679d3dfbc66021cdb035dbc18290caf28c578f03faf293ded,MSFC-HDBK-3697_08_術語與金屬清潔.csv,495,emulsion cleaning,1,"The term ""emulsion cleaning"" appears in the handbook glossary or cleaning guidance.",現在簡單式,S + V / V-s,"[""appears""]",0.99,2026-09-21
d9133e425279985cf8634d142d3df52bc8981d6dbfda58427df47e381fe8c5e7,MSFC-HDBK-3697_08_術語與金屬清潔.csv,495,emulsion cleaning,2,"The technician reviews ""emulsion cleaning"" when preparing a bonding surface.",現在簡單式,S + V / V-s,"[""reviews""]",0.99,2026-09-21
ff3c3fc4940cc2b29d4a62db9007392571f956568bbed609d2b71ac5ed54a247,MSFC-HDBK-3697_08_術語與金屬清潔.csv,496,hydrocarbon solvent,1,"The term ""hydrocarbon solvent"" appears in the handbook glossary or cleaning guidance.",現在簡單式,S + V / V-s,"[""appears""]",0.99,2026-09-21
11fee4c3228b51297196a0dab2b27c46bd38f2802cda43e35d0937e0d5899a34,MSFC-HDBK-3697_08_術語與金屬清潔.csv,496,hydrocarbon solvent,2,"The technician reviews ""hydrocarbon solvent"" when preparing a bonding surface.",現在簡單式,S + V / V-s,"[""reviews""]",0.99,2026-09-21
b9bc0967940bad1ae2f91487c775dae5e97e7709a8e0493bae23773cc0e696e0,MSFC-HDBK-3697_08_術語與金屬清潔.csv,497,vapor degreasing,1,"The term ""vapor degreasing"" appears in the handbook glossary or cleaning guidance.",現在簡單式,S + V / V-s,"[""appears""]",0.99,2026-09-21
a15f5938ec0cbc0d42c8b3f09d0bf433aad80ae28e44cf7616c8325df1cabda7,MSFC-HDBK-3697_08_術語與金屬清潔.csv,497,vapor degreasing,2,"The technician reviews ""vapor degreasing"" when preparing a bonding surface.",現在簡單式,S + V / V-s,"[""reviews""]",0.99,2026-09-21
13fb91d19489a9562d82385c8b892b7818b950110f8c6f16f688df8850d48958,MSFC-HDBK-3697_08_術語與金屬清潔.csv,498,acid cleaning,1,"The term ""acid cleaning"" appears in the handbook glossary or cleaning guidance.",現在簡單式,S + V / V-s,"[""appears""]",0.99,2026-09-21
f6539b4ec891c1d680daed5ff0184e9e659a347aa30e692cf6b5c3bb5dc4d580,MSFC-HDBK-3697_08_術語與金屬清潔.csv,498,acid cleaning,2,"The technician reviews ""acid cleaning"" when preparing a bonding surface.",現在簡單式,S + V / V-s,"[""reviews""]",0.99,2026-09-21
b250b83facdfd6e73663be68a76294b8087bad1507d6e5770853071a5213cb46,MSFC-HDBK-3697_08_術語與金屬清潔.csv,499,mineral acid,1,"The term ""mineral acid"" appears in the handbook glossary or cleaning guidance.",現在簡單式,S + V / V-s,"[""appears""]",0.99,2026-09-21
462a422d019579d9b68d79af063efaae1ee7229723b8d7047876f2968df76a7f,MSFC-HDBK-3697_08_術語與金屬清潔.csv,499,mineral acid,2,"The technician reviews ""mineral acid"" when preparing a bonding surface.",現在簡單式,S + V / V-s,"[""reviews""]",0.99,2026-09-21
8b85a5112c1afe3c1e8a8553cf146a3149f48f2c576d79c6906707af7d0bdbdc,MSFC-HDBK-3697_08_術語與金屬清潔.csv,500,organic acid,1,"The term ""organic acid"" appears in the handbook glossary or cleaning guidance.",現在簡單式,S + V / V-s,"[""appears""]",0.99,2026-09-21
d92848d4202dbbeaccbef9b2e40a7fb61cdf85b5fd6d2f12df3d5a0c4407c364,MSFC-HDBK-3697_08_術語與金屬清潔.csv,500,organic acid,2,"The technician reviews ""organic acid"" when preparing a bonding surface.",現在簡單式,S + V / V-s,"[""reviews""]",0.99,2026-09-21
8492883e7c2b1d39921ac37a981980e1c3a2a2575c0e500d881cbf532225ae55,MSFC-HDBK-3697_08_術語與金屬清潔.csv,501,pickling,1,"The term ""pickling"" appears in the handbook glossary or cleaning guidance.",現在簡單式,S + V / V-s,"[""appears""]",0.99,2026-09-21
aea6322deb23716bbdcb234af7bc1f6bdcc15d71fb9a4f3096308c520482627d,MSFC-HDBK-3697_08_術語與金屬清潔.csv,501,pickling,2,"The technician reviews ""pickling"" when preparing a bonding surface.",現在簡單式,S + V / V-s,"[""reviews""]",0.99,2026-09-21
b67fbe978f05abe39e9b0c406a725b09773e27ddea1b268544373f95215b4600,MSFC-HDBK-3697_08_術語與金屬清潔.csv,502,scale removal,1,"The term ""scale removal"" appears in the handbook glossary or cleaning guidance.",現在簡單式,S + V / V-s,"[""appears""]",0.99,2026-09-21
4344de1ea407b4a6c424ef2ec18402f990232028269717381a633933db2205d6,MSFC-HDBK-3697_08_術語與金屬清潔.csv,502,scale removal,2,"The technician reviews ""scale removal"" when preparing a bonding surface.",現在簡單式,S + V / V-s,"[""reviews""]",0.99,2026-09-21
9b085b6683da686d329fbf5a98df518a55d5dcf196c4c23417d2d965176b49f2,MSFC-HDBK-3697_08_術語與金屬清潔.csv,503,abrasive medium,1,"The term ""abrasive medium"" appears in the handbook glossary or cleaning guidance.",現在簡單式,S + V / V-s,"[""appears""]",0.99,2026-09-21
d5e72bbb84fc44ab1fba8f844c6b7bd6fb123cc3c971e322a70a9e22168c0378,MSFC-HDBK-3697_08_術語與金屬清潔.csv,503,abrasive medium,2,"The technician reviews ""abrasive medium"" when preparing a bonding surface.",現在簡單式,S + V / V-s,"[""reviews""]",0.99,2026-09-21
d828e6013211794a868fe6fa77345b29934c535f5fe1397d0b80a448c5118250,MSFC-HDBK-3697_08_術語與金屬清潔.csv,504,hydrogen embrittlement,1,"The term ""hydrogen embrittlement"" appears in the handbook glossary or cleaning guidance.",現在簡單式,S + V / V-s,"[""appears""]",0.99,2026-09-21
327f12800847379aa8ae305e623725fcfc7294c22fdefc39d202d7024af1e670,MSFC-HDBK-3697_08_術語與金屬清潔.csv,504,hydrogen embrittlement,2,"The technician reviews ""hydrogen embrittlement"" when preparing a bonding surface.",現在簡單式,S + V / V-s,"[""reviews""]",0.99,2026-09-21
d9abff0cb5f936af019a26e8a538c4d56abbe36d8ff2c3995a0b50afca93626d,MSFC-HDBK-3697_08_術語與金屬清潔.csv,505,molten salt bath cleaning,1,"The term ""molten salt bath cleaning"" appears in the handbook glossary or cleaning guidance.",現在簡單式,S + V / V-s,"[""appears""]",0.99,2026-09-21
2e84570133ddfdcbac236a79a68711a7588c81484f724ca70b96cf4941ee0e38,MSFC-HDBK-3697_08_術語與金屬清潔.csv,505,molten salt bath cleaning,2,"The technician reviews ""molten salt bath cleaning"" when preparing a bonding surface.",現在簡單式,S + V / V-s,"[""reviews""]",0.99,2026-09-21
cfc9362ac310273f79274990de597a15d199f372413f10c9ffad36c1fc18ad22,MSFC-HDBK-3697_08_術語與金屬清潔.csv,506,saponification,1,"The term ""saponification"" appears in the handbook glossary or cleaning guidance.",現在簡單式,S + V / V-s,"[""appears""]",0.99,2026-09-21
1a5626d0680038796910f2ee312718481c3ec0f0a32d7765f562ddc1735540f6,MSFC-HDBK-3697_08_術語與金屬清潔.csv,506,saponification,2,"The technician reviews ""saponification"" when preparing a bonding surface.",現在簡單式,S + V / V-s,"[""reviews""]",0.99,2026-09-21
527e654cbe421fca94297e8de9c6c78079dde33fa2a95eef548165c8d0b997d7,MSFC-HDBK-3697_08_術語與金屬清潔.csv,507,base-induced hydrolysis,1,"The term ""base-induced hydrolysis"" appears in the handbook glossary or cleaning guidance.",現在簡單式,S + V / V-s,"[""appears""]",0.99,2026-09-21
b55b3492177866b4d6ac4e8e4c6f0cfa482a50d3ad007568557c617b2170562a,MSFC-HDBK-3697_08_術語與金屬清潔.csv,507,base-induced hydrolysis,2,"The technician reviews ""base-induced hydrolysis"" when preparing a bonding surface.",現在簡單式,S + V / V-s,"[""reviews""]",0.99,2026-09-21
54b4c6d058b9fda83186fccfbedaf0912738e5423546edd57137071df67c63b9,MSFC-HDBK-3697_08_術語與金屬清潔.csv,508,ultrasonic cleaning,1,"The term ""ultrasonic cleaning"" appears in the handbook glossary or cleaning guidance.",現在簡單式,S + V / V-s,"[""appears""]",0.99,2026-09-21
25b0a79401a87223f9ec884810590dcf617ebfcbdbcc85519216fe9a72851070,MSFC-HDBK-3697_08_術語與金屬清潔.csv,508,ultrasonic cleaning,2,"The technician reviews ""ultrasonic cleaning"" when preparing a bonding surface.",現在簡單式,S + V / V-s,"[""reviews""]",0.99,2026-09-21
1042668789eb23dfac707f3cd3651e7270d900ac747760db53eddf6d6c531db3,MSFC-HDBK-3697_08_術語與金屬清潔.csv,509,hand cleaning,1,"The term ""hand cleaning"" appears in the handbook glossary or cleaning guidance.",現在簡單式,S + V / V-s,"[""appears""]",0.99,2026-09-21
181ed95b33a52ca56c1a161be0bb791954d6d0db44b821618603749e5111e1b2,MSFC-HDBK-3697_08_術語與金屬清潔.csv,509,hand cleaning,2,"The technician reviews ""hand cleaning"" when preparing a bonding surface.",現在簡單式,S + V / V-s,"[""reviews""]",0.99,2026-09-21
7aa2ea264989d6965b2a1c0a777a252fc9872892c59f4a4806154f5742c17899,MSFC-HDBK-3697_08_術語與金屬清潔.csv,510,lint-free cloth,1,"The term ""lint-free cloth"" appears in the handbook glossary or cleaning guidance.",現在簡單式,S + V / V-s,"[""appears""]",0.99,2026-09-21
bc398bee5429971e69a68dbe09671eedcdce6050c1aa50582eed4ce7d3567cd4,MSFC-HDBK-3697_08_術語與金屬清潔.csv,510,lint-free cloth,2,"The technician reviews ""lint-free cloth"" when preparing a bonding surface.",現在簡單式,S + V / V-s,"[""reviews""]",0.99,2026-09-21
