id,word,pronunciation,chinese_meaning,example_1_en,example_1_zh,example_2_en,example_2_zh,category,difficulty,review_count,last_review_date,source_chapter,source_id,added_at,status,note
practice_statistics,__EVD_PRACTICE_STATS__,,,,,,,system,,0,,practice_statistics,practice_statistics,2026-09-20T23:52:35.423Z,practice_stats,"{""v"":2,""u"":""2026-09-20T23:52:36.829Z"",""r"":[[""360-degree termination"",5,0,""2026-09-15T00:08:04.450Z""],[""abrasive material"",22,0,""2026-09-17T03:03:33.901Z""],[""acceptance criteria"",11,0,""2026-09-15T23:53:13.343Z""],[""acceptance record"",14,0,""2026-09-14T00:00:29.545Z""],[""acceptance value"",14,0,""2026-09-14T00:00:21.118Z""],[""accidental"",28,0,""2026-09-17T03:15:28.826Z""],[""accumulate"",17,0,""2026-09-14T00:11:58.377Z""],[""achieve"",21,0,""2026-09-17T03:24:22.080Z""],[""actuator worst case"",14,0,""2026-09-14T00:06:59.521Z""],[""adequate"",25,0,""2026-09-17T03:14:39.265Z""],[""adhesive"",13,0,""2026-09-15T23:49:40.414Z""],[""aerospace-grade"",14,0,""2026-09-14T00:17:26.747Z""],[""against"",31,0,""2026-09-17T03:16:52.930Z""],[""all-on worst case"",14,0,""2026-09-14T00:06:02.184Z""],[""allocated baseline"",23,0,""2026-09-17T03:22:47.555Z""],[""allocation"",6,0,""2026-09-14T09:56:22.003Z""],[""although"",12,0,""2026-09-16T00:04:40.340Z""],[""anode"",24,0,""2026-09-17T03:07:07.033Z""],[""anodize"",24,0,""2026-09-17T03:05:45.862Z""],[""antenna coupling"",6,0,""2026-09-14T09:38:29.284Z""],[""antenna port induced level"",13,0,""2026-09-14T00:10:04.050Z""],[""anti-loosening method"",8,0,""2026-09-08T00:07:48.257Z""],[""aperture"",20,0,""2026-09-17T03:01:03.052Z""],[""appear"",18,0,""2026-09-14T00:12:13.039Z""],[""appendices"",6,0,""2026-09-14T09:50:21.443Z""],[""appendix"",5,0,""2026-09-14T09:50:05.386Z""],[""applicable standards"",11,0,""2026-09-15T23:54:41.394Z""],[""approach"",17,0,""2026-09-14T00:13:57.028Z""],[""approximately"",12,0,""2026-09-15T23:47:59.424Z""],[""arc discharge"",25,0,""2026-09-17T03:11:03.640Z""],[""around fuel"",23,0,""2026-09-17T03:20:00.928Z""],[""arranged at"",13,0,""2026-09-16T00:01:13.150Z""],[""associated"",25,0,""2026-09-17T03:18:33.269Z""],[""assumption"",25,0,""2026-09-17T03:12:25.230Z""],[""audit"",6,0,""2026-09-14T09:43:45.192Z""],[""avionics ring"",6,0,""2026-09-14T23:59:50.858Z""],[""backbone"",21,0,""2026-09-20T23:47:31.000Z""],[""backshell"",5,0,""2026-09-15T00:07:14.413Z""],[""baseline"",9,0,""2026-09-08T00:10:41.926Z""],[""battery power system"",5,0,""2026-09-14T23:50:33.228Z""],[""bonding"",6,0,""2026-09-15T00:00:21.797Z""],[""bonding audit"",6,0,""2026-09-14T09:58:50.386Z""],[""bonding hub"",6,0,""2026-09-15T00:02:35.947Z""],[""bonding requirement"",6,0,""2026-09-14T09:58:15.887Z""],[""bonding resistance"",6,0,""2026-09-14T23:54:49.630Z""],[""bonding strap"",6,0,""2026-09-15T00:02:26.178Z""],[""bonding stud"",5,0,""2026-09-15T00:06:03.760Z""],[""box-level"",6,0,""2026-09-14T09:56:06.048Z""],[""braided strap"",8,0,""2026-09-08T00:04:13.968Z""],[""bridge excitation"",5,0,""2026-09-14T23:52:49.999Z""],[""briefing document"",18,0,""2026-09-15T23:56:06.085Z""],[""bus"",6,0,""2026-09-14T10:01:19.278Z""],[""bus transient"",6,0,""2026-09-14T10:01:51.684Z""],[""busbar"",8,0,""2026-09-08T00:03:58.098Z""],[""cable shield"",5,0,""2026-09-15T00:07:22.841Z""],[""cable tray"",22,0,""2026-09-20T23:49:09.872Z""],[""cable-induced transient"",15,0,""2026-09-14T00:04:08.429Z""],[""CAN bus"",6,0,""2026-09-15T00:09:40.096Z""],[""capacitance"",6,0,""2026-09-14T23:59:11.362Z""],[""category"",7,0,""2026-09-14T09:55:03.357Z""],[""cathode"",24,0,""2026-09-17T03:06:53.103Z""],[""central hub"",14,0,""2026-09-14T00:05:11.225Z""],[""challenge"",11,0,""2026-09-16T00:00:55.793Z""],[""characteristics"",26,0,""2026-09-17T03:14:24.425Z""],[""chassis"",18,0,""2026-09-17T03:02:06.865Z""],[""chassis ground"",6,0,""2026-09-15T00:03:01.253Z""],[""chassis reference"",21,0,""2026-09-20T23:48:53.251Z""],[""checklist"",6,0,""2026-09-14T23:56:03.240Z""],[""chemical conversion coating"",24,0,""2026-09-17T03:05:13.808Z""],[""circumference"",13,0,""2026-09-15T23:50:12.490Z""],[""circumferential"",23,0,""2026-09-18T00:11:49.682Z""],[""cleanliness"",25,0,""2026-09-17T03:09:19.155Z""],[""clearance hole"",8,0,""2026-09-08T00:06:00.324Z""],[""coax shield"",11,0,""2026-09-15T23:53:30.142Z""],[""common pitfall"",6,0,""2026-09-14T09:58:32.928Z""],[""common problem"",5,0,""2026-09-02T09:41:51.857Z""],[""common-mode choke"",5,0,""2026-09-14T23:51:09.870Z""],[""common-mode current"",15,0,""2026-09-14T00:02:01.586Z""],[""compliance"",11,0,""2026-09-15T23:54:57.802Z""],[""compliance matrix"",6,0,""2026-09-14T09:56:57.104Z""],[""composite material"",6,0,""2026-09-15T00:03:46.385Z""],[""compression set"",17,0,""2026-09-17T02:59:18.915Z""],[""compromise"",40,0,""2026-09-17T03:16:03.786Z""],[""concern"",11,0,""2026-09-16T00:03:29.534Z""],[""concise"",11,0,""2026-09-16T00:00:41.554Z""],[""conducted emission"",6,0,""2026-09-14T23:58:48.474Z""],[""conductive chassis"",11,0,""2026-09-15T23:53:49.104Z""],[""conductive coating"",21,0,""2026-09-20T23:51:59.089Z""],[""conductive foil"",6,0,""2026-09-15T00:04:28.270Z""],[""conductive insert"",5,0,""2026-09-15T00:06:37.790Z""],[""conductive mesh"",6,0,""2026-09-15T00:05:00.718Z""],[""conductive tape"",6,0,""2026-09-15T00:05:17.403Z""],[""conductivity"",25,0,""2026-09-17T03:08:47.581Z""],[""conduit"",22,0,""2026-09-20T23:49:25.033Z""],[""connector"",6,0,""2026-09-15T00:06:59.207Z""],[""constraint"",11,0,""2026-09-16T00:02:57.651Z""],[""consultant"",6,0,""2026-09-14T23:56:59.189Z""],[""consultant question"",18,0,""2026-09-14T00:12:36.819Z""],[""contamination"",21,0,""2026-09-15T23:57:52.913Z""],[""continuous"",21,0,""2026-09-18T00:12:04.412Z""],[""control plan"",13,0,""2026-09-13T23:58:33.216Z""],[""controlled interconnection"",21,0,""2026-09-20T23:48:24.239Z""],[""controlled point"",6,0,""2026-09-15T00:02:08.059Z""],[""converter noise"",6,0,""2026-09-14T10:02:18.767Z""],[""coordination"",29,0,""2026-09-17T03:17:43.240Z""],[""copper bar"",6,0,""2026-09-15T00:04:44.020Z""],[""copper braided strap"",15,0,""2026-09-14T00:17:08.969Z""],[""copper busbar"",17,0,""2026-09-14T00:16:58.708Z""],[""copper foil"",6,0,""2026-09-15T00:04:36.150Z""],[""corrosion control"",24,0,""2026-09-17T03:06:19.323Z""],[""countdown"",5,0,""2026-09-14T09:48:43.568Z""],[""counterpoise"",13,0,""2026-09-14T00:09:43.135Z""],[""coupling"",6,0,""2026-09-14T23:59:33.687Z""],[""coupling path"",14,0,""2026-09-14T00:01:15.569Z""],[""coverage ratio"",8,0,""2026-09-08T00:03:41.943Z""],[""crimped"",25,0,""2026-09-17T03:20:46.342Z""],[""current return path"",21,0,""2026-09-17T03:02:16.105Z""],[""current-carrying capability"",21,0,""2026-09-20T23:50:20.578Z""],[""cutting allowance"",8,0,""2026-09-08T00:08:34.835Z""],[""Data Acquisition (DAQ)"",5,0,""2026-09-14T23:51:45.758Z""],[""DC resistance"",21,0,""2026-09-20T23:51:21.434Z""],[""dedicated"",29,0,""2026-09-17T03:17:09.266Z""],[""dedicated return"",21,0,""2026-09-20T23:47:15.183Z""],[""delamination"",29,0,""2026-09-17T03:08:12.233Z""],[""density"",8,0,""2026-09-08T00:04:54.093Z""],[""desense"",13,0,""2026-09-14T00:09:03.352Z""],[""desensitization"",5,0,""2026-09-14T09:38:55.977Z""],[""design review"",6,0,""2026-09-14T23:55:55.359Z""],[""design scope"",10,0,""2026-09-08T00:10:33.946Z""],[""diagram"",13,0,""2026-09-16T00:02:05.254Z""],[""dictate"",22,0,""2026-09-17T03:23:50.743Z""],[""dimensions"",8,0,""2026-09-14T09:55:19.400Z""],[""discharge path"",5,0,""2026-09-14T09:42:34.574Z""],[""dissimilar metal"",28,0,""2026-09-17T03:07:39.462Z""],[""disturb"",23,0,""2026-09-15T23:56:58.117Z""],[""documentation"",5,0,""2026-09-14T09:49:08.145Z""],[""drawing note"",24,0,""2026-09-17T03:11:29.125Z""],[""due to"",5,0,""2026-09-14T09:47:21.902Z""],[""dynamic environment"",18,0,""2026-09-17T03:26:46.617Z""],[""edge frame"",14,0,""2026-09-14T00:05:01.088Z""],[""edge lifting"",14,0,""2026-09-15T23:49:08.392Z""],[""EED"",1,0,""2026-08-05T09:44:49.892Z""],[""EED shielding"",1,0,""2026-08-05T09:45:07.601Z""],[""effectiveness"",11,0,""2026-09-16T00:04:25.749Z""],[""electrical"",25,0,""2026-09-17T03:17:58.985Z""],[""Electro-Explosive Device (EED)"",5,0,""2026-09-14T09:37:33.141Z""],[""Electro-Explosive Device (EED) shielding"",4,0,""2026-09-14T09:37:56.574Z""],[""electrolyte"",26,0,""2026-09-17T03:07:22.172Z""],[""Electromagnetic Compatibility (EMC)"",6,0,""2026-09-14T23:57:09.684Z""],[""Electromagnetic Compatibility (EMC) chamber"",6,0,""2026-09-14T23:55:38.710Z""],[""Electromagnetic Compatibility (EMC) control plan"",5,0,""2026-09-14T09:49:33.925Z""],[""electromagnetic environment"",16,0,""2026-09-17T03:00:19.107Z""],[""Electromagnetic Environmental Effects"",13,0,""2026-09-13T23:58:12.225Z""],[""Electromagnetic Environmental Effects (E3)"",7,0,""2026-09-14T23:57:29.400Z""],[""Electromagnetic Environmental Effects (E3) Control Plan"",12,0,""2026-09-13T23:59:01.044Z""],[""Electronic Power Distribution System (EPDS)"",6,0,""2026-09-15T00:10:47.289Z""],[""enclosure"",10,0,""2026-09-15T23:54:04.542Z""],[""end-to-end resistance"",21,0,""2026-09-20T23:51:31.104Z""],[""engineering design assumption"",17,0,""2026-09-14T00:15:32.772Z""],[""engineering drawing"",26,0,""2026-09-17T03:11:21.241Z""],[""entail"",22,0,""2026-09-17T03:24:06.728Z""],[""equipment rack"",19,0,""2026-09-17T02:59:36.479Z""],[""equipotential"",17,0,""2026-09-17T03:01:44.160Z""],[""ESD"",4,0,""2026-09-14T09:41:15.212Z""],[""ESD control"",5,0,""2026-09-14T09:42:17.498Z""],[""especially"",33,0,""2026-09-17T03:16:19.912Z""],[""essential"",25,0,""2026-09-17T03:14:07.072Z""],[""establishes"",20,0,""2026-09-14T00:16:49.248Z""],[""EtherCAN"",6,0,""2026-09-15T00:09:48.609Z""],[""Ethernet"",6,0,""2026-09-15T00:09:19.671Z""],[""evaluate"",5,0,""2026-09-14T09:44:34.126Z""],[""evidence"",18,0,""2026-09-14T00:14:11.985Z""],[""experience"",12,0,""2026-09-16T00:01:49.327Z""],[""exposure"",16,0,""2026-09-14T00:11:08.478Z""],[""external RF Electromagnetic Environment (EME)"",14,0,""2026-09-14T00:00:03.665Z""],[""external source"",16,0,""2026-09-17T03:00:36.043Z""],[""extremity"",29,0,""2026-09-17T03:13:10.385Z""],[""failure"",5,0,""2026-09-14T09:45:22.620Z""],[""failure mode"",6,0,""2026-09-14T23:56:13.164Z""],[""Faraday cage"",7,0,""2026-09-15T00:02:53.248Z""],[""fastener"",5,0,""2026-09-15T00:05:46.372Z""],[""fault current"",17,0,""2026-09-17T03:01:51.944Z""],[""fault protection"",21,0,""2026-09-20T23:49:51.889Z""],[""faying interface"",15,0,""2026-09-14T00:04:27.813Z""],[""faying surface"",19,0,""2026-09-17T03:25:30.541Z""],[""feedthrough"",5,0,""2026-09-15T00:08:55.291Z""],[""feedthrough capacitor"",5,0,""2026-09-14T23:50:51.688Z""],[""filter integration"",5,0,""2026-09-14T10:02:00.522Z""],[""final requirement"",17,0,""2026-09-14T00:15:42.830Z""],[""firing circuit"",5,0,""2026-09-14T09:38:13.043Z""],[""flag note"",24,0,""2026-09-17T03:11:53.363Z""],[""flammable liquids"",23,0,""2026-09-17T03:20:18.786Z""],[""flight article"",14,0,""2026-09-15T23:50:29.783Z""],[""Flight Termination System (FTS)"",4,0,""2026-09-14T09:39:15.784Z""],[""floating conductor"",21,0,""2026-09-20T23:52:07.828Z""],[""floating enclosure"",16,0,""2026-09-14T00:01:24.610Z""],[""floating shield"",16,0,""2026-09-14T00:01:33.350Z""],[""flow-down"",6,0,""2026-09-14T09:55:48.755Z""],[""flowdown"",6,0,""2026-08-14T06:36:59.028Z""],[""for more details"",17,0,""2026-09-14T00:13:42.165Z""],[""foreign matter"",25,0,""2026-09-17T03:09:03.889Z""],[""FTS"",1,0,""2026-08-05T09:46:40.056Z""],[""functional analysis"",23,0,""2026-09-17T03:22:56.846Z""],[""functional degradation"",23,0,""2026-09-15T23:51:13.066Z""],[""galvanic corrosion"",9,0,""2026-09-08T00:10:26.263Z""],[""galvanic series"",25,0,""2026-09-17T03:06:39.155Z""],[""gap"",6,0,""2026-09-15T00:05:31.801Z""],[""gasket"",19,0,""2026-09-17T02:59:10.052Z""],[""general note"",24,0,""2026-09-17T03:11:36.794Z""],[""geometry"",13,0,""2026-09-15T23:55:14.641Z""],[""Global Navigation Satellite System (GNSS)"",6,0,""2026-09-14T09:39:39.803Z""],[""GNSS"",1,0,""2026-08-05T09:47:02.115Z""],[""ground loop"",6,0,""2026-09-15T00:01:19.827Z""],[""ground plane"",6,0,""2026-09-15T00:00:47.073Z""],[""ground reference"",5,0,""2026-09-15T00:00:38.538Z""],[""grounding"",6,0,""2026-09-15T00:00:13.322Z""],[""grounding philosophy"",8,0,""2026-09-14T09:58:06.829Z""],[""harness"",5,0,""2026-09-15T00:06:51.933Z""],[""harness coupling"",5,0,""2026-09-14T10:00:31.967Z""],[""harsh"",16,0,""2026-09-14T00:11:24.429Z""],[""Hazards of Electromagnetic Radiation to Ordnance (HERO)"",6,0,""2026-09-14T10:03:15.610Z""],[""Hazards of Electromagnetic Radiation to Ordnance (HERO) compliance"",5,0,""2026-09-14T10:03:46.042Z""],[""HERO"",1,0,""2026-08-05T09:44:16.151Z""],[""HERO compliance"",1,0,""2026-08-05T09:44:35.575Z""],[""hex-head screw"",8,0,""2026-09-08T00:06:30.515Z""],[""high di/dt"",14,0,""2026-09-14T00:02:12.293Z""],[""high dv/dt"",14,0,""2026-09-14T00:02:23.121Z""],[""high-current load"",5,0,""2026-09-15T00:10:24.334Z""],[""high-frequency"",6,0,""2026-09-14T23:58:10.822Z""],[""historically"",25,0,""2026-09-17T03:18:16.337Z""],[""hole spacing"",8,0,""2026-09-08T00:06:45.814Z""],[""IEPE sensor"",5,0,""2026-09-14T23:52:23.768Z""],[""ignition"",25,0,""2026-09-17T03:13:51.097Z""],[""impedance"",6,0,""2026-09-14T23:59:26.683Z""],[""impedance requirement"",14,0,""2026-09-14T00:00:12.744Z""],[""implementation"",20,0,""2026-09-17T03:23:06.770Z""],[""inadvertently"",27,0,""2026-09-17T03:14:55.609Z""],[""incorporate"",40,0,""2026-09-17T03:15:46.011Z""],[""individual"",7,0,""2026-09-14T09:44:01.208Z""],[""individually"",7,0,""2026-09-14T09:44:17.886Z""],[""induced level"",13,0,""2026-09-14T00:08:45.771Z""],[""inductance"",6,0,""2026-09-14T23:59:03.678Z""],[""ineffective"",11,0,""2026-09-16T00:03:46.135Z""],[""inner wall"",8,0,""2026-09-08T00:02:52.846Z""],[""inspection"",11,0,""2026-09-15T23:52:55.062Z""],[""installation configuration"",8,0,""2026-09-08T00:05:44.254Z""],[""instead of"",17,0,""2026-09-14T00:14:27.999Z""],[""integration"",6,0,""2026-09-14T23:57:37.041Z""],[""integration-stage"",7,0,""2026-09-14T09:53:36.433Z""],[""integration-stage verification"",5,0,""2026-09-14T09:42:45.450Z""],[""intent of"",19,0,""2026-09-17T03:24:38.536Z""],[""inter-ring harness"",5,0,""2026-09-15T00:08:38.967Z""],[""interconnect"",14,0,""2026-09-14T00:17:51.064Z""],[""interconnected"",21,0,""2026-09-20T23:47:04.238Z""],[""interface"",17,0,""2026-09-14T00:14:36.507Z""],[""interface constraint"",21,0,""2026-09-17T03:23:26.725Z""],[""interference"",25,0,""2026-09-17T03:19:43.357Z""],[""intermittent"",26,0,""2026-09-17T03:21:21.032Z""],[""internally"",17,0,""2026-09-14T00:15:02.720Z""],[""intra-system Electromagnetic Compatibility (EMC)"",20,0,""2026-09-16T00:00:09.834Z""],[""introduction"",7,0,""2026-09-14T09:53:13.182Z""],[""isolation"",5,0,""2026-09-14T09:38:20.585Z""],[""issue"",6,0,""2026-09-14T09:53:43.569Z""],[""joint"",22,0,""2026-09-20T23:46:28.939Z""],[""jumper"",18,0,""2026-09-17T02:58:08.327Z""],[""lack of"",11,0,""2026-09-16T00:03:12.672Z""],[""latched fault"",14,0,""2026-09-14T00:07:25.120Z""],[""launch operation"",6,0,""2026-09-14T09:47:40.109Z""],[""length-to-width ratio"",18,0,""2026-09-17T03:01:12.254Z""],[""lesson learned"",5,0,""2026-09-14T09:49:49.920Z""],[""lightning"",4,0,""2026-09-14T09:40:58.573Z""],[""lightning indirect effect"",20,0,""2026-09-18T00:11:32.468Z""],[""lightning indirect effects"",14,0,""2026-09-14T00:03:48.167Z""],[""load step"",14,0,""2026-09-14T00:02:56.367Z""],[""local chassis"",22,0,""2026-09-20T23:49:35.008Z""],[""local note"",23,0,""2026-09-17T03:11:44.427Z""],[""loop area"",21,0,""2026-09-20T23:50:52.677Z""],[""low impedance"",4,0,""2026-08-14T06:44:40.735Z""],[""low inductance"",5,0,""2026-08-14T06:44:49.482Z""],[""low-impedance"",21,0,""2026-09-18T00:12:35.424Z""],[""low-impedance path"",6,0,""2026-09-15T00:01:04.345Z""],[""low-inductance"",21,0,""2026-09-20T23:46:05.693Z""],[""margin"",24,0,""2026-09-17T03:12:01.146Z""],[""material consumption"",8,0,""2026-09-08T00:05:20.073Z""],[""mating surface"",19,0,""2026-09-17T03:25:48.849Z""],[""matrix"",5,0,""2026-09-14T09:50:43.781Z""],[""measurement"",6,0,""2026-09-14T23:56:43.158Z""],[""measurement procedure"",5,0,""2026-09-14T09:43:23.193Z""],[""Mercedes-star"",12,0,""2026-09-16T00:01:33.292Z""],[""metal-to-metal contact"",20,0,""2026-09-17T03:25:58.899Z""],[""metallic liner"",7,0,""2026-09-15T00:04:11.177Z""],[""metallized layer"",20,0,""2026-09-18T00:11:23.189Z""],[""micro-ohmmeter"",21,0,""2026-09-17T03:02:32.626Z""],[""mission electromagnetic environment"",14,0,""2026-09-13T23:59:23.320Z""],[""mission requirement"",25,0,""2026-09-17T03:22:19.608Z""],[""mission-critical"",13,0,""2026-09-14T00:10:33.269Z""],[""mitigation"",28,0,""2026-09-17T03:12:18.215Z""],[""moisture"",28,0,""2026-09-17T03:07:54.765Z""],[""mounting bracket"",18,0,""2026-09-17T02:59:52.744Z""],[""mounting panel"",7,0,""2026-09-15T00:03:53.994Z""],[""mounting surface"",16,0,""2026-09-17T03:00:09.629Z""],[""multi-point bonding"",6,0,""2026-09-15T00:02:16.169Z""],[""nickel plating"",24,0,""2026-09-17T03:04:53.154Z""],[""noise floor"",14,0,""2026-09-14T00:08:01.541Z""],[""noise source"",6,0,""2026-09-14T09:45:30.746Z""],[""non-conductive"",6,0,""2026-09-15T00:03:28.389Z""],[""nonconductive coating"",22,0,""2026-09-17T03:03:08.290Z""],[""on top of"",16,0,""2026-09-13T23:56:33.906Z""],[""onboard"",17,0,""2026-09-17T03:00:27.568Z""],[""open-ended"",22,0,""2026-09-18T00:12:27.794Z""],[""operation mode"",14,0,""2026-09-14T00:07:08.019Z""],[""ordnance circuit"",8,0,""2026-09-14T10:02:45.747Z""],[""overlap"",10,0,""2026-09-08T00:09:11.658Z""],[""overload current"",21,0,""2026-09-20T23:50:00.499Z""],[""P-static"",1,0,""2026-08-05T10:01:17.104Z""],[""packet loss"",14,0,""2026-09-14T00:08:09.176Z""],[""pad"",5,0,""2026-09-14T09:41:28.965Z""],[""pad lightning interface"",5,0,""2026-09-14T09:41:49.573Z""],[""pad RF environment"",4,0,""2026-09-14T09:48:00.827Z""],[""parallel path"",22,0,""2026-09-20T23:48:04.970Z""],[""parasitic capacitance"",19,0,""2026-09-15T23:57:17.915Z""],[""particularly"",40,0,""2026-09-17T03:16:36.492Z""],[""passivation"",26,0,""2026-09-17T03:05:29.441Z""],[""perforation"",26,0,""2026-09-17T03:21:37.553Z""],[""pigtail"",5,0,""2026-09-15T00:08:20.578Z""],[""plating"",22,0,""2026-09-16T23:55:40.606Z""],[""plumbing"",26,0,""2026-09-17T03:12:39.829Z""],[""power electronics"",5,0,""2026-09-15T00:10:15.340Z""],[""power level control"",13,0,""2026-09-14T00:10:25.087Z""],[""power quality"",6,0,""2026-09-14T10:01:10.887Z""],[""power return"",6,0,""2026-09-15T00:09:57.148Z""],[""power survey"",6,0,""2026-09-14T10:02:27.984Z""],[""practical implementation"",17,0,""2026-09-15T23:58:34.764Z""],[""pre-scan"",6,0,""2026-09-14T23:55:24.172Z""],[""precipitation static"",24,0,""2026-09-15T23:58:13.533Z""],[""Precipitation Static (P-static)"",4,0,""2026-09-14T09:42:08.423Z""],[""preliminarily"",24,0,""2026-09-15T23:52:05.976Z""],[""preliminary assumption"",23,0,""2026-09-15T23:51:48.825Z""],[""preload"",19,0,""2026-09-17T03:26:37.398Z""],[""procedure"",5,0,""2026-09-14T09:50:36.064Z""],[""procurement"",12,0,""2026-09-15T23:55:47.213Z""],[""proper"",12,0,""2026-09-15T23:59:41.951Z""],[""property"",14,0,""2026-09-14T00:17:34.727Z""],[""proposed"",12,0,""2026-09-16T00:02:41.996Z""],[""protection"",7,0,""2026-09-14T09:39:47.177Z""],[""protective film"",8,0,""2026-09-08T00:08:04.274Z""],[""purposed"",11,0,""2026-09-16T00:02:25.964Z""],[""pyrotechnics"",26,0,""2026-09-17T03:10:47.215Z""],[""qualification"",6,0,""2026-09-14T23:54:12.326Z""],[""quality record"",21,0,""2026-09-17T03:02:40.754Z""],[""quiet mode"",14,0,""2026-09-14T00:06:19.985Z""],[""radial bus"",21,0,""2026-09-20T23:48:42.966Z""],[""radiated emission"",6,0,""2026-09-14T23:58:39.323Z""],[""range requirements"",7,0,""2026-09-14T09:56:48.039Z""],[""re-radiator"",21,0,""2026-09-20T23:52:26.600Z""],[""react to"",11,0,""2026-09-16T00:04:09.031Z""],[""reactance"",6,0,""2026-09-14T23:59:19.197Z""],[""realistically"",28,0,""2026-09-17T03:19:27.795Z""],[""receiver"",6,0,""2026-09-14T09:38:36.983Z""],[""receiver desense"",13,0,""2026-09-14T00:09:24.508Z""],[""receiver desensitization"",6,0,""2026-09-14T23:53:37.676Z""],[""refer to"",16,0,""2026-09-14T00:12:52.730Z""],[""reference plane"",19,0,""2026-09-17T03:01:28.551Z""],[""reference ring"",14,0,""2026-09-14T00:05:19.184Z""],[""regarding"",11,0,""2026-09-16T00:00:24.881Z""],[""relatively easy with"",30,0,""2026-09-17T03:19:10.560Z""],[""rely on"",28,0,""2026-09-17T03:17:25.719Z""],[""requirement"",6,0,""2026-09-14T23:57:45.699Z""],[""resistance"",6,0,""2026-09-14T23:58:56.142Z""],[""resonance"",25,0,""2026-09-20T23:46:20.378Z""],[""response"",17,0,""2026-09-14T00:12:45.033Z""],[""return loop"",21,0,""2026-09-20T23:50:36.673Z""],[""return path"",6,0,""2026-09-15T00:00:55.079Z""],[""rework"",9,0,""2026-09-08T00:09:50.606Z""],[""RF compatibility"",6,0,""2026-09-14T23:53:16.943Z""],[""RF impedance"",17,0,""2026-09-17T03:00:46.269Z""],[""RF reference"",5,0,""2026-09-14T23:53:07.598Z""],[""RF transmit inhibit"",14,0,""2026-09-14T00:10:15.539Z""],[""RF transmit mode"",14,0,""2026-09-14T00:06:39.046Z""],[""risk"",6,0,""2026-09-14T23:56:20.431Z""],[""rivet"",19,0,""2026-09-17T03:26:29.141Z""],[""root cause"",5,0,""2026-09-14T09:46:03.859Z""],[""routing rule"",5,0,""2026-09-14T09:59:49.748Z""],[""RS-422"",6,0,""2026-09-15T00:09:32.079Z""],[""safety-critical"",13,0,""2026-09-14T00:10:49.953Z""],[""satisfactory"",25,0,""2026-09-17T03:21:04.532Z""],[""scope"",6,0,""2026-09-14T09:53:19.858Z""],[""sealant"",24,0,""2026-09-17T03:03:48.786Z""],[""seam"",6,0,""2026-09-15T00:05:24.197Z""],[""self-compatibility"",11,0,""2026-09-15T23:52:23.914Z""],[""self-compatibility test"",5,0,""2026-09-14T09:43:14.005Z""],[""self-interference"",6,0,""2026-09-14T23:53:55.679Z""],[""sensor cable"",5,0,""2026-09-14T23:52:02.342Z""],[""sensor return"",5,0,""2026-09-14T23:52:58.898Z""],[""shield"",4,0,""2026-09-02T09:57:55.121Z""],[""shield failure"",5,0,""2026-09-14T10:00:48.058Z""],[""shield grounding"",6,0,""2026-09-14T10:00:11.407Z""],[""shield termination"",5,0,""2026-09-15T00:07:40.921Z""],[""shielding"",7,0,""2026-09-15T00:01:36.968Z""],[""shock hazard"",25,0,""2026-09-17T03:15:12.433Z""],[""short circuit"",18,0,""2026-09-17T03:01:59.222Z""],[""soldered terminals"",26,0,""2026-09-17T03:13:35.989Z""],[""solid copper equivalent"",8,0,""2026-09-08T00:04:47.724Z""],[""solvent"",24,0,""2026-09-17T03:09:53.031Z""],[""source-victim matrix"",14,0,""2026-09-14T00:01:07.335Z""],[""spark"",28,0,""2026-09-17T03:13:18.475Z""],[""specific"",23,0,""2026-09-17T03:24:54.708Z""],[""star washer"",5,0,""2026-09-15T00:06:20.215Z""],[""stitching"",20,0,""2026-09-15T23:51:30.011Z""],[""strain gauge"",5,0,""2026-09-14T23:52:31.760Z""],[""strap"",20,0,""2026-09-17T02:58:17.049Z""],[""strike"",26,0,""2026-09-17T03:12:55.130Z""],[""structural element"",21,0,""2026-09-18T00:11:57.435Z""],[""subassembly"",19,0,""2026-09-17T03:25:12.173Z""],[""subject to final confirmation"",22,0,""2026-09-15T23:50:52.809Z""],[""subsystem"",14,0,""2026-09-14T00:17:42.544Z""],[""sufficient"",12,0,""2026-09-15T23:48:15.229Z""],[""support bracket"",8,0,""2026-09-08T00:07:02.175Z""],[""supporting explanation"",20,0,""2026-09-15T23:56:26.322Z""],[""surface"",6,0,""2026-09-14T09:53:58.609Z""],[""surface area"",18,0,""2026-09-17T02:58:55.248Z""],[""surface condition"",22,0,""2026-09-17T03:03:16.434Z""],[""surface conductivity"",21,0,""2026-09-20T23:51:49.982Z""],[""surface preparation"",25,0,""2026-09-17T03:09:39.278Z""],[""surface treatment"",15,0,""2026-09-15T23:49:25.142Z""],[""surge protection"",14,0,""2026-09-14T00:02:40.616Z""],[""susceptibility"",13,0,""2026-09-15T23:48:53.039Z""],[""system emission map"",13,0,""2026-09-14T00:08:29.571Z""],[""system integration"",13,0,""2026-09-13T23:58:00.744Z""],[""system requirement"",23,0,""2026-09-17T03:22:28.171Z""],[""system-level"",7,0,""2026-09-14T23:57:17.697Z""],[""system-level Electromagnetic Compatibility (EMC)"",13,0,""2026-09-13T23:58:25.084Z""],[""table of contents"",7,0,""2026-09-14T09:53:27.969Z""],[""tailoring"",8,0,""2026-09-14T09:56:37.984Z""],[""termination strategy"",23,0,""2026-09-20T23:51:11.920Z""],[""test plan"",6,0,""2026-09-14T23:55:46.804Z""],[""test planning"",5,0,""2026-09-14T09:42:53.415Z""],[""test procedure"",6,0,""2026-09-14T23:56:51.958Z""],[""test report"",5,0,""2026-09-14T09:43:31.156Z""],[""thickness"",10,0,""2026-09-08T00:05:00.727Z""],[""threaded fastener"",19,0,""2026-09-17T03:26:15.877Z""],[""threaded insert"",8,0,""2026-09-08T00:07:17.795Z""],[""tin plating"",22,0,""2026-09-17T03:04:38.006Z""],[""tin whisker"",24,0,""2026-09-17T03:06:01.607Z""],[""tinned copper"",13,0,""2026-09-15T23:52:39.815Z""],[""tolerance"",11,0,""2026-09-08T00:09:26.765Z""],[""torque"",9,0,""2026-09-08T00:07:30.752Z""],[""traceable"",21,0,""2026-09-17T03:23:34.497Z""],[""trade-off"",8,0,""2026-09-08T00:02:22.016Z""],[""transfer impedance"",6,0,""2026-09-14T23:55:07.904Z""],[""transient"",6,0,""2026-09-14T10:01:34.706Z""],[""transient suppression"",5,0,""2026-09-14T23:51:27.945Z""],[""treated like"",26,0,""2026-09-17T03:22:11.001Z""],[""troubleshooting"",4,0,""2026-09-14T09:44:50.172Z""],[""umbilical"",5,0,""2026-09-14T09:48:17.507Z""],[""umbilical transient"",11,0,""2026-09-15T23:54:23.287Z""],[""unfortunately"",26,0,""2026-09-17T03:18:50.819Z""],[""uniform"",23,0,""2026-09-18T00:12:12.279Z""],[""vapor"",25,0,""2026-09-17T03:20:32.500Z""],[""vehicle structure"",22,0,""2026-09-20T23:46:47.918Z""],[""vehicle-level"",6,0,""2026-09-14T09:55:57.649Z""],[""verification"",6,0,""2026-09-14T23:54:03.841Z""],[""verification matrix"",21,0,""2026-09-17T03:02:49.998Z""],[""verification record"",14,0,""2026-09-14T00:00:38.384Z""],[""vibration"",18,0,""2026-09-17T02:57:59.325Z""],[""victim"",14,0,""2026-09-14T00:00:47.220Z""],[""victim circuit"",5,0,""2026-09-14T09:45:47.258Z""],[""voltage drop"",21,0,""2026-09-17T03:02:24.016Z""],[""volume resistivity"",27,0,""2026-09-17T03:08:30.341Z""],[""washer"",8,0,""2026-09-08T00:06:13.674Z""],[""weakens"",25,0,""2026-09-17T03:21:53.431Z""],[""weight estimate"",13,0,""2026-09-15T23:49:55.972Z""],[""wire segregation"",12,0,""2026-09-15T23:48:34.147Z""],[""wiring"",6,0,""2026-09-14T09:59:15.239Z""],[""work instruction"",25,0,""2026-09-17T03:10:27.856Z""],[""workmanship"",25,0,""2026-09-17T03:10:09.503Z""],[""worst-case simultaneous operation"",18,0,""2026-09-14T00:05:43.116Z""]],""s"":{""selected_chapter_id"":""nasa-std-4003a"",""chapter_positions"":{""msfc-hdbk-3697"":""jumper"",""emc航電詞彙整合2"":""electro-explosive device (eed)"",""emc航電詞彙整合1"":""iepe sensor"",""emc顧問回覆與系統整合詞彙"":""system integration"",""nasa-std-4003a"":""metallized layer"",""hard-words"":""approximately"",""複合材質航電環"":""trade-off""},""repeat_all"":true,""repeat_current"":false,""include_examples"":false,""playback_direction"":""forward"",""playback_rate"":1.2,""english_repeat_count"":5,""english_voice"":""en-US-Neural2-J"",""word_vowel_color"":""#eb2424"",""word_consonant_color"":""#1f2937"",""ipa_vowel_color"":""#eb2424"",""ipa_consonant_color"":""#1f2937""},""su"":""2026-09-20T23:52:28.644Z""}"
13,resonance,/ˈrezənəns/,共振,The bonding path should avoid unwanted resonance.,搭接路徑應避免不必要的共振。,A long strap may resonate at certain frequencies.,很長的搭接帶可能在特定頻率產生共振。,Electromagnetic Compatibility (EMC) / RF,4,0,,NASA-STD-4003A,13,2026-09-17T23:57:09.289Z,active,
42,floating conductor,/ˈfloʊtɪŋ kənˈdʌktər/,浮接導體,A floating conductor can behave like an unintended antenna.,浮接導體可能像非預期天線一樣作用。,Copper pieces on the panel should not become floating conductors.,板上的銅片不應變成浮接導體。,Electromagnetic Compatibility (EMC) / Risk,4,0,,NASA-STD-4003A,42,2026-09-17T03:27:29.508Z,mastered,
119,extremity,/ɪkˈstreməti/,端部；末端,Lightning current may enter one extremity of the vehicle.,雷擊電流可能從載具一端進入。,Bonding should provide a current path from one extremity to another.,搭接 應提供從一端到另一端的電流路徑。,Lightning & Transients,Advanced,0,,MSFC-HDBK-3697,119,2026-09-17T03:13:08.837Z,active,
28,nonconductive coating,/ˌnɑːnkənˈdʌktɪv ˈkoʊtɪŋ/,非導電塗層,Nonconductive coating must be removed from the bonding area.,非導電塗層必須從接合區域移除。,A thin nonconductive coating can make a good joint electrically poor.,薄薄的非導電塗層可能讓良好的機械接合變成差的電氣接合。,Materials & Surface,3,0,,MSFC-HDBK-3697,28,2026-09-17T03:03:05.272Z,mastered,
76,equipment rack,/ɪˈkwɪpmənt ræk/,設備機架；設備架,The avionics panel can be treated like a small equipment rack.,航電板可視為小型設備機架。,An equipment rack should provide defined mounting and bonding points.,設備機架應提供明確的安裝與接合點。,Mechanical Integration,3,0,,MSFC-HDBK-3697,76,2026-09-17T02:59:38.055Z,mastered,
36,preload,/ˈpriːloʊd/,預緊力；預載,Proper preload keeps the joint stable under vibration.,適當的預緊力可讓接點在振動下保持穩定。,Loss of preload may increase contact resistance.,預緊力喪失可能增加接觸電阻。,Mechanical Integration,4,0,,MSFC-HDBK-3697,36,2026-09-17T02:58:28.887Z,mastered,
71,compression set,/kəmˈpreʃən set/,壓縮永久變形,Compression set affects whether a gasket can be reused.,壓縮永久變形會影響墊片是否可重複使用。,Low compression set is important for removable covers.,低壓縮永久變形對可拆蓋板很重要。,Mechanical Integration,4,0,,MSFC-HDBK-3697,71,2026-09-16T09:32:12.133Z,mastered,
42,surface area,/ˈsɜːrfɪs ˈeriə/,表面積；接觸面積,Larger surface area improves current carrying capability.,較大的表面積可改善載流能力。,The design should maximize surface area at RF joints.,設計應最大化 RF 接點的接觸面積。,Mechanical Integration,3,0,,MSFC-HDBK-3697,42,2026-09-16T09:31:34.825Z,mastered,
37,dynamic environment,/daɪˈnæmɪk ɪnˈvaɪrənmənt/,動態環境,The joint must maintain contact in a dynamic environment.,接點必須在動態環境下維持接觸。,Vibration and shock are part of the dynamic environment.,振動與衝擊是動態環境的一部分。,Mechanical Integration,3,0,,MSFC-HDBK-3697,37,2026-09-16T09:30:50.558Z,mastered,
66,IEPE sensor,/ˌaɪ iː piː ˈiː ˈsen.sɚ/,IEPE 感測器,IEPE sensors require low-noise signal wiring.,IEPE 感測器需要低雜訊訊號佈線。,IEPE cable shields should be terminated according to the Data Acquisition (DAQ) design.,IEPE 線纜屏蔽應依 DAQ 設計端接。,Data Acquisition (DAQ) / Sensors,3,1,Wed Jun 17 2026 00:00:00 GMT+0800 (Taiwan Standard Time),EMC航電詞彙整合1,66,2026-09-15T23:44:12.636Z,mastered,
63,common-mode choke,/ˈkɑː.mən moʊd tʃoʊk/,共模扼流圈,A common-mode choke can suppress common-mode noise.,共模扼流圈可抑制共模雜訊。,Power and communication lines may require common-mode chokes.,電源與通訊線可能需要共模扼流圈。,Power / Return Path / Filtering,4,1,Wed Jun 17 2026 00:00:00 GMT+0800 (Taiwan Standard Time),EMC航電詞彙整合1,63,2026-09-15T23:44:00.318Z,mastered,
61,battery power system,/ˈbæt.ər.i ˈpaʊ.ɚ ˈsɪs.təm/,電池供電系統,The battery power system supplies high-current loads.,電池供電系統供電給大電流負載。,Battery return and chassis bonding must be clearly defined.,電池回流與機殼搭接必須明確定義。,Power / Return Path / Filtering,3,1,Wed Jun 17 2026 00:00:00 GMT+0800 (Taiwan Standard Time),EMC航電詞彙整合1,61,2026-09-15T23:43:50.521Z,mastered,
19,controlled point,/kənˈtroʊld pɔɪnt/,受控連接點,Power return may be connected to chassis at a controlled point.,電源回流可能需要在受控點連接到機殼地。,A controlled point helps manage return current flow.,受控連接點有助於管理回流電流。,Grounding / Bonding / Shielding,4,1,Wed Jun 17 2026 00:00:00 GMT+0800 (Taiwan Standard Time),EMC航電詞彙整合1,19,2026-09-15T00:01:55.713Z,mastered,
18,ground loop,/ɡraʊnd luːp/,接地迴路,A ground loop can introduce noise into sensor signals.,地迴路可能把雜訊導入感測器訊號。,We need to avoid large uncontrolled ground loops.,我們需要避免大型且未受控的地迴路。,Grounding / Bonding / Shielding,4,1,Wed Jun 17 2026 00:00:00 GMT+0800 (Taiwan Standard Time),EMC航電詞彙整合1,18,2026-09-15T00:01:20.336Z,mastered,
52,sensor cable,/ˈsen.sɚ ˈkeɪ.bəl/,感測器線纜,Sensor cables are sensitive to conducted and radiated noise.,感測器線纜容易受到傳導與輻射雜訊影響。,Sensor cables should be routed away from power electronics.,感測器線纜應遠離電力電子設備。,Data Acquisition (DAQ) / Sensors,3,1,Wed Jun 17 2026 00:00:00 GMT+0800 (Taiwan Standard Time),EMC航電詞彙整合1,52,2026-09-14T23:52:01.400Z,mastered,
32,shield grounding,/ʃiːld ˈɡraʊn.dɪŋ/,屏蔽層接地,Shield grounding must match the system grounding plan.,屏蔽層接地必須符合系統接地規劃。,Incorrect shield grounding can create a noise injection path.,錯誤的屏蔽層接地可能形成雜訊注入路徑。,Harness / Wiring / Shielding,5,1,Wed Jun 17 2026 00:00:00 GMT+0800 (Taiwan Standard Time),EMC航電詞彙整合2,32,2026-09-14T09:59:59.315Z,mastered,
65,volume resistivity,/ˈvɑːljuːm rɪˌzɪstɪˈvɪti/,體積電阻率,Volume resistivity determines whether a material can dissipate charge.,體積電阻率決定材料是否能釋放電荷。,Nonmetallic tubing may need a volume resistivity limit.,非金屬管路可能需要體積電阻率限制。,Materials & Surface,4,0,,MSFC-HDBK-3697,65,2026-09-08T00:18:34.083Z,active,
27,procurement,/prəˈkjʊrmənt/ | https://youglish.com/pronounce/procurement/english,採購,Procurement should confirm copper foil availability before design freeze.,設計凍結前，採購應確認銅箔供應可行性。,The procurement quantity should include expected cutting loss.,採購數量應包含預期裁切損耗。,Manufacturing / Procurement,Intermediate,0,,複合材質航電環,27,2026-09-07T10:36:59.426Z,active,
43,surface condition,/ˈsɜːrfɪs kənˈdɪʃən/,表面狀態,Surface condition affects contact resistance.,表面狀態會影響接觸電阻。,Roughness and hardness are part of surface condition.,粗糙度與硬度屬於表面狀態的一部分。,Materials & Surface,3,0,,MSFC-HDBK-3697,43,2026-09-04T00:04:06.408Z,mastered,
46,abrasive material,/əˈbreɪsɪv məˈtɪriəl/,研磨材料,Use abrasive material carefully to avoid damaging the base metal.,使用研磨材料時要小心，避免損傷基材。,The abrasive material should be compatible with the surface.,研磨材料應與表面材料相容。,Materials & Surface,3,0,,MSFC-HDBK-3697,46,2026-09-04T00:04:04.451Z,removed,
120,spark,/spɑːrk/,火花；產生火花,A poor joint can create a spark during a lightning event.,不良接合可能在雷擊事件中產生火花。,Sparks must not jump between metallic structures near fuel.,火花不得在燃料附近的金屬結構間跳躍。,Lightning & Transients,Basic,0,,MSFC-HDBK-3697,120,2026-09-03T12:12:14.027Z,mastered,
3,briefing document,/ˈbriːfɪŋ ˈdɑːkjumənt/,簡報文件；說明文件,Please refer to the briefing document for more details.,更多細節請參考簡報文件。,The briefing document summarizes the current grounding concept.,該簡報文件彙整了目前的接地概念。,Consultant Communication / Reply,Basic,0,,EMC顧問回覆與系統整合詞彙,3,2026-09-03T00:06:16.121Z,active,
4,supporting explanation,/səˈpɔːrtɪŋ ˌekspləˈneɪʃən/,補充說明；佐證說明,The attached file includes our responses and supporting explanations.,附件包含我們的回覆與補充說明。,A supporting explanation is provided for the proposed bonding method.,針對建議的搭接方法已提供補充說明。,Consultant Communication / Reply,Intermediate,0,,EMC顧問回覆與系統整合詞彙,4,2026-09-03T00:06:12.596Z,active,
67,strain gauge,/streɪn ɡeɪdʒ/,應變規,Strain gauge signals are very small and noise-sensitive.,應變規訊號很小，且對雜訊敏感。,Strain gauge wiring must be separated from high-current cables.,應變規線路必須與大電流線纜分開。,Data Acquisition (DAQ) / Sensors,4,1,Wed Jun 17 2026 00:00:00 GMT+0800 (Taiwan Standard Time),EMC航電詞彙整合1,67,2026-09-02T00:09:30.149Z,mastered,
16,thickness,/ˈθɪknəs/ | https://youglish.com/pronounce/thickness/english,厚度,Copper foil thickness has a major impact on total weight.,銅箔厚度對總重量有很大影響。,The busbar thickness options are 1 millimeter and 2 millimeters.,銅排厚度選項為 1 毫米與 2 毫米。,Material Properties / Estimation,Basic,0,,複合材質航電環,16,2026-08-27T23:59:49.580Z,mastered_active,
15,density,/ˈdensəti/ | https://youglish.com/pronounce/density/english,密度,Copper density is used to convert volume into weight.,銅密度用來將體積換算成重量。,The report uses stainless-steel density for the screw and washer calculation.,報告使用不鏽鋼密度來計算螺絲與墊片重量。,Material Properties / Estimation,Basic,0,,複合材質航電環,15,2026-08-27T23:50:06.758Z,mastered,
136,specific,/spəˈsɪfɪk/,特定的；明確的,The handbook helps determine bonding requirements applicable to specific hardware.,本手冊協助判定適用於特定硬體的 bonding 要求。,Program documents may include requirements for a specific project.,計畫文件可能包含特定專案的要求。,Requirements & Process,Basic,0,,MSFC-HDBK-3697,136,2026-08-18T09:30:59.944Z,active,
80,disturb,/dɪˈstɝːb/,干擾；擾亂,High-frequency current can disturb low-level sensor signals.,高頻電流可能干擾低電位感測器訊號。,Switching noise may disturb the Data Acquisition (DAQ) channels.,切換雜訊可能干擾 DAQ 通道。,System Behavior / Verification,Intermediate,0,,EMC顧問回覆與系統整合詞彙,80,2026-08-18T00:01:50.292Z,active,
37,parasitic capacitance,/ˌpærəˈsɪtɪk kəˈpæsɪtəns/ | https://youglish.com/pronounce/parasitic%20capacitance/english,寄生電容,Parasitic capacitance can couple actuator noise into a nearby sensor line.,寄生電容可能將致動器雜訊耦合到附近感測器線路。,A conductive reference surface helps control parasitic capacitance paths.,導電參考面有助於控制寄生電容路徑。,Electromagnetic Compatibility (EMC) Risk / Coupling Paths,Advanced,0,,EMC顧問回覆與系統整合詞彙,37,2026-08-17T23:48:30.961Z,active,
26,external RF Electromagnetic Environment (EME),/ɪkˈstɜːrnl ˌɑːr ˈef ˌiː em ˈiː/ | https://youglish.com/pronounce/external%20RF%20EME/english,外部射頻電磁環境,External RF Electromagnetic Environment (EME) should be tailored to the launch and test environment.,外部 RF 電磁環境應依發射與測試環境裁剪。,The RF receiver must remain functional under the specified external RF Electromagnetic Environment (EME).,RF 接收器必須在指定外部 RF 電磁環境下維持功能。,Electromagnetic Compatibility (EMC) / Electromagnetic Environmental Effects (E3) Planning,Advanced,0,,EMC顧問回覆與系統整合詞彙,26,2026-08-17T23:46:31.904Z,mastered,
22,system-level Electromagnetic Compatibility (EMC),/ˈsɪstəm ˈlevl ˌiː em ˈsiː/ | https://youglish.com/pronounce/system-level%20EMC/english,系統層級 EMC,System-level Electromagnetic Compatibility (EMC) can fail even if each electronic box passes Military Standard 461 (MIL-STD-461).,即使每個電子盒都通過 MIL-STD-461，系統層級 EMC 仍可能失敗。,The consultant should review the system-level Electromagnetic Compatibility (EMC) risk after installation on the avionics ring.,顧問應審查航電環安裝後的系統層級 EMC 風險。,Electromagnetic Compatibility (EMC) / Electromagnetic Environmental Effects (E3) Planning,Advanced,0,,EMC顧問回覆與系統整合詞彙,22,2026-08-17T23:44:49.433Z,mastered,
95,mitigation,/ˌmɪtɪˈɡeɪʃən/,緩解；降低風險措施,Corrosion mitigation must be included in the design.,設計中必須包含腐蝕緩解措施。,The copper reference ring is one mitigation for RF coupling.,銅參考環是降低 RF 耦合的一項措施。,Engineering General,3,0,,MSFC-HDBK-3697,95,2026-08-17T09:57:30.209Z,active,
11,low-inductance,/loʊ ɪnˈdʌktəns/,低電感的,Use short and wide conductors to create a low-inductance path.,使用短而寬的導體建立低電感路徑。,A low-inductance path is more important than DC resistance at high frequency.,在高頻時，低電感路徑比 DC 電阻更重要。,Electromagnetic Compatibility (EMC) / Electrical,4,0,,NASA-STD-4003A,11,2026-08-17T00:10:26.226Z,mastered,
10,low-impedance,/loʊ ɪmˈpiːdəns/,低阻抗的,The reference ring should provide a low-impedance path.,參考環應提供低阻抗路徑。,A low-impedance connection is essential for RF return current.,低阻抗連接對 RF 回流電流很重要。,Electromagnetic Compatibility (EMC) / Electrical,3,0,,NASA-STD-4003A,10,2026-08-17T00:10:18.756Z,mastered,
18,uniform,/ˈjuːnɪfɔːrm/,均勻的；一致的,The bonding network should have uniform low impedance.,搭接網路應具有均勻的低阻抗。,A uniform reference helps reduce unexpected current paths.,一致的參考面有助於降低非預期電流路徑。,Design Requirement,3,0,,NASA-STD-4003A,18,2026-08-17T00:09:31.984Z,mastered_active,
30,overload current,/ˈoʊvərloʊd ˈkɜːrənt/,過載電流,The path should survive the specified overload current.,該路徑應能承受規定的過載電流。,Overload current may heat a narrow conductor quickly.,過載電流可能快速加熱狹窄導體。,Safety / Power,4,0,,NASA-STD-4003A,30,2026-08-17T00:04:58.195Z,mastered,
27,local chassis,/ˈloʊkəl ˈʃæsi/,局部機殼；本地底盤,The shield should terminate to the local chassis.,屏蔽層應端接到局部機殼。,Local chassis bonding reduces cable shield current loops.,局部機殼搭接可降低電纜屏蔽層電流迴路。,Electromagnetic Compatibility (EMC) / Hardware,3,0,,NASA-STD-4003A,27,2026-08-17T00:04:21.079Z,mastered,
46,chassis reference,/ˈʃæsi ˈrefərəns/,機殼參考點；底盤參考,The chassis reference should be defined before cable routing.,在電纜佈線前應先定義機殼參考點。,A stable chassis reference improves Electromagnetic Interference (EMI) repeatability.,穩定的機殼參考可改善 EMI 測試重複性。,Electromagnetic Compatibility (EMC) / Architecture,3,0,,NASA-STD-4003A,46,2026-08-17T00:03:37.648Z,mastered,
19,dedicated return,/ˈdedɪkeɪtɪd rɪˈtɜːrn/,專用回流線；專用回流路徑,The 28 V supply should use a dedicated return conductor.,28 V 電源應使用專用回流導體。,A dedicated return keeps load current out of the reference ring.,專用回流可避免負載電流流入參考環。,Power / Electromagnetic Compatibility (EMC),4,0,,NASA-STD-4003A,19,2026-08-17T00:01:56.557Z,mastered,
14,joint,/dʒɔɪnt/,接合點；搭接點,Each joint should be inspected and measured.,每個接合點都應檢查與量測。,A loose joint can increase resistance and noise.,鬆動的接合點會增加電阻與雜訊。,Mechanical / Verification,3,0,,NASA-STD-4003A,14,2026-08-17T00:00:54.225Z,mastered,
16,structural element,/ˈstrʌktʃərəl ˈelɪmənt/,結構元件,Each structural element should be part of the controlled reference network.,每個結構元件都應納入受控參考網路。,An isolated structural element may become a noise source.,孤立的結構元件可能變成雜訊源。,Mechanical / Electromagnetic Compatibility (EMC),3,0,,NASA-STD-4003A,16,2026-08-16T23:58:37.053Z,mastered,
47,lightning indirect effect,/ˈlaɪtnɪŋ ˌɪndəˈrekt ɪˈfekt/,雷擊間接效應,Lightning indirect effects can couple into long cables.,雷擊間接效應可能耦合到長電纜中。,"Reference rings help control some lightning indirect effects, but they are not enough alone.",參考環有助於控制部分雷擊間接效應，但單靠它們並不足夠。,System Electromagnetic Environmental Effects (E3),4,0,,NASA-STD-4003A,47,2026-08-16T23:57:55.904Z,mastered,
38,DC resistance,/ˌdiː ˈsiː rɪˈzɪstəns/,直流電阻,DC resistance alone does not prove good RF performance.,僅有直流電阻無法證明良好的 RF 性能。,Use a four-wire meter for low DC resistance measurements.,使用四線式電表量測低直流電阻。,Verification,3,0,,NASA-STD-4003A,38,2026-08-16T23:56:01.375Z,mastered,
4,continuous,/kənˈtɪnjuəs/,連續的,The metal layer should be continuous around the ring.,金屬層應沿著環形結構連續一圈。,A continuous path is better than several isolated metal strips.,連續路徑比數段孤立金屬條更好。,Design Requirement,2,0,,NASA-STD-4003A,4,2026-08-14T07:08:52.578Z,mastered,
41,conductive coating,/kənˈdʌktɪv ˈkoʊtɪŋ/,導電塗層,The conductive coating must not be left floating.,導電塗層不能處於浮接狀態。,Conductive coating can help control static charge on a composite surface.,導電塗層可協助控制複材表面的靜電荷。,Material / ESD,3,0,,NASA-STD-4003A,41,2026-08-14T07:06:43.362Z,mastered,
37,end-to-end resistance,/end tuː end rɪˈzɪstəns/,端到端電阻,Measure the end-to-end resistance from the A1 ring to the A4 ring.,量測 A1 參考環到 A4 參考環的端到端電阻。,End-to-end resistance is different from single-joint resistance.,端到端電阻不同於單一接合點電阻。,Verification,3,0,,NASA-STD-4003A,37,2026-08-14T07:06:12.346Z,mastered,
91,verification matrix,/ˌverɪfɪˈkeɪʃən ˈmeɪtrɪks/,驗證矩陣,A verification matrix maps each bonding path to a test method.,驗證矩陣會將每條接合路徑對應到測試方法。,The avionics ring should have its own verification matrix.,航電環應建立自己的驗證矩陣。,Verification,4,0,,MSFC-HDBK-3697,91,2026-08-14T06:13:37.667Z,mastered,
78,contamination,/kənˌtæm.əˈneɪ.ʃən/,污染；污染物,Surface contamination increases bonding resistance.,表面污染會增加搭接電阻。,Inspection should identify contamination before assembly.,檢查應在組裝前找出污染物。,Environmental Exposure / Contamination,Intermediate,0,,EMC顧問回覆與系統整合詞彙,78,2026-08-12T00:16:11.545Z,active,
71,refer to,/rɪˈfɝː tuː/,參考；查閱,Please refer to the Electromagnetic Compatibility (EMC) test report for the measured limits.,請參考 EMC 測試報告中的量測限制。,The response should refer to the latest grounding diagram.,回覆內容應參照最新的接地圖。,Consultant Communication / Reply,Basic,0,,EMC顧問回覆與系統整合詞彙,71,2026-08-12T00:14:49.877Z,mastered,
69,mission-critical,/ˈmɪʃn ˈkrɪtɪkl/ | https://youglish.com/pronounce/mission-critical/english,任務關鍵的,Flight control and navigation are mission-critical functions.,飛控與導航是任務關鍵功能。,Mission-critical data should be monitored during all Electromagnetic Compatibility (EMC) test scenarios.,所有 EMC 測試情境都應監測任務關鍵資料。,System Safety / Reliability,Intermediate,0,,EMC顧問回覆與系統整合詞彙,69,2026-08-11T23:56:25.065Z,mastered,
67,RF transmit inhibit,/ɑːr ef trænzˈmɪt ɪnˈhɪbɪt/ | https://youglish.com/pronounce/RF%20transmit%20inhibit/english,RF 發射禁止；發射抑制,RF transmit inhibit may be required during sensitive ground operations.,敏感地面操作期間可能需要 RF 發射禁止。,The test procedure should verify the RF transmit inhibit function.,測試程序應驗證 RF 發射禁止功能。,RF / Antenna Operations,Advanced,0,,EMC顧問回覆與系統整合詞彙,67,2026-08-11T23:55:57.539Z,mastered_active,
56,protection,/prəˈtek.ʃən/,保護,Global Navigation Satellite System (GNSS) protection is required near high-power transmitters.,在高功率發射機附近需要 GNSS 保護。,Protection measures should be verified during integration testing.,保護措施應在整合測試期間驗證。,RF Compatibility,3,0,,EMC航電詞彙整合2,56,2026-08-11T12:33:40.475Z,mastered,
63,ESD control,/ˌiː es ˈdiː kənˈtroʊl/,靜電控制,ESD control is required during integration.,整合期間需要靜電控制。,"ESD control includes grounding straps, mats, and handling procedures.",ESD 控制包含接地腕帶、靜電墊與操作程序。,Lightning / ESD,4,1,Wed Jun 17 2026 00:00:00 GMT+0800 (Taiwan Standard Time),EMC航電詞彙整合2,63,2026-08-11T12:30:53.047Z,mastered,
85,documentation,/ˌdɑː.kjə.menˈteɪ.ʃən/,文件化、文件資料,Good documentation helps future troubleshooting.,良好的文件化有助於未來排查問題。,Documentation should include design assumptions and test evidence.,文件資料應包含設計假設與測試證據。,Documentation / Lessons Learned,3,0,,EMC航電詞彙整合2,85,2026-08-11T12:23:24.683Z,mastered,
91,matrix,/ˈmeɪ.trɪks/,矩陣、表格,A matrix is useful for tracking requirement compliance.,矩陣很適合用來追蹤需求符合性。,The review matrix shows open issues and responsible owners.,審查矩陣顯示未解問題與負責人。,Documentation / Lessons Learned,3,1,Wed Jun 17 2026 00:00:00 GMT+0800 (Taiwan Standard Time),EMC航電詞彙整合2,91,2026-08-11T12:21:04.086Z,mastered,
30,acceptance record,/əkˈseptəns ˈrekərd/ | https://youglish.com/pronounce/acceptance%20record/english,驗收紀錄,Each bonding measurement should be stored as an acceptance record.,每項搭接量測都應保存為驗收紀錄。,The consultant may ask for the acceptance record before Electromagnetic Compatibility (EMC) testing.,顧問可能會在 EMC 測試前要求查看驗收紀錄。,Verification / Requirements,Intermediate,0,,EMC顧問回覆與系統整合詞彙,30,2026-08-09T23:57:56.283Z,mastered,
60,packet loss,/ˈpækɪt lɔːs/ | https://youglish.com/pronounce/packet%20loss/english,封包遺失,Packet loss must be monitored during RF and actuator tests.,RF 與致動器測試期間必須監測封包遺失。,A sudden increase in packet loss may indicate Electromagnetic Compatibility (EMC) susceptibility.,封包遺失突然增加可能表示 EMC 易受擾。,Measurement / Data Quality,Intermediate,0,,EMC顧問回覆與系統整合詞彙,60,2026-08-07T06:28:04.296Z,mastered,
49,central hub,/ˈsentrəl hʌb/ | https://youglish.com/pronounce/central%20hub/english,中央集線座；中央搭接匯集點,The central hub provides a low-impedance connection between the three panels.,中央 hub 提供三片板之間的低阻抗連接。,Sensitive electronics should not be mounted directly on the central hub.,敏感電子設備不應直接安裝在中央 hub 上。,Assembly / Ground Reference,Intermediate,0,,EMC顧問回覆與系統整合詞彙,49,2026-08-07T06:26:20.217Z,mastered,
50,reference ring,/ˈrefrəns rɪŋ/ | https://youglish.com/pronounce/reference%20ring/english,參考環,The reference ring provides a continuous path around the avionics ring.,參考環在航電環周圍提供連續路徑。,Each panel should connect to the reference ring at multiple points.,每片板都應以多點連接到參考環。,Assembly / Ground Reference,Intermediate,0,,EMC顧問回覆與系統整合詞彙,50,2026-08-07T06:26:09.272Z,mastered,
43,precipitation static,/prɪˌsɪpɪˈteɪʃn ˈstætɪk/ | https://youglish.com/pronounce/precipitation%20static/english,降水靜電；P-static,Precipitation static can accumulate on non-conductive surfaces.,降水靜電可能累積在不導電表面上。,The avionics ring needs a controlled discharge path for precipitation static.,航電環需要為降水靜電提供可控洩放路徑。,ESD / Precipitation Static (P-static) / Lightning,Advanced,0,,EMC顧問回覆與系統整合詞彙,43,2026-08-07T00:46:10.129Z,active,
38,common-mode current,/ˈkɑːmən moʊd ˈkɜːrənt/ | https://youglish.com/pronounce/common-mode%20current/english,共模電流,Common-mode current on a cable can increase radiated emissions.,線纜上的共模電流可能增加輻射發射。,Shield termination and filtering are used to control common-mode current.,屏蔽終端與濾波可用來控制共模電流。,Electromagnetic Compatibility (EMC) Risk / Coupling Paths,Advanced,0,,EMC顧問回覆與系統整合詞彙,38,2026-08-05T23:59:03.966Z,mastered,
116,practical implementation,/ˈpræk.tɪ.kəl ˌɪm.plə.menˈteɪ.ʃən/,實際執行；實作方式,"We need practical implementation guidance, not only theoretical Electromagnetic Compatibility (EMC) advice.",我們需要實際執行的指導，而不只是理論上的 EMC 建議。,The consultant should recommend practical implementation methods for composite structures.,顧問應建議適用於複合材質結構的實作方式。,Documentation / Lessons Learned,3,0,,EMC航電詞彙整合2,116,2026-08-05T23:48:10.416Z,active,
83,countdown,/ˈkaʊnt.daʊn/,倒數計時,Electromagnetic Compatibility (EMC) constraints must be checked during countdown.,倒數期間必須確認 EMC 限制。,Some transmitters may be disabled during the countdown.,某些發射機可能在倒數期間停用。,Launch Operations,3,0,,EMC航電詞彙整合2,83,2026-08-05T23:42:28.415Z,mastered,
70,test report,/test rɪˈpɔːrt/,測試報告,The test report records results and anomalies.,測試報告記錄結果與異常。,"The test report should include photos, setup diagrams, and raw data.",測試報告應包含照片、架設圖與原始數據。,Verification / Testing,3,0,,EMC航電詞彙整合2,70,2026-08-05T23:36:53.640Z,mastered,
76,noise source,/nɔɪz sɔːrs/,雜訊源,The switching converter was identified as the noise source.,切換式轉換器被確認為雜訊源。,Finding the noise source is the first step in Electromagnetic Compatibility (EMC) troubleshooting.,找出雜訊源是 EMC 故障排查的第一步。,Troubleshooting,4,1,Wed Jun 17 2026 00:00:00 GMT+0800 (Taiwan Standard Time),EMC航電詞彙整合2,76,2026-08-05T12:50:20.771Z,mastered,
73,common problem,/ˈkɑː.mən ˈprɑː.bləm/,常見問題,Converter noise is a common problem in power systems.,轉換器雜訊是電源系統中的常見問題。,A common problem during integration is incomplete shield termination.,整合期間常見問題是不完整的屏蔽端接。,Troubleshooting,3,1,Wed Jun 17 2026 00:00:00 GMT+0800 (Taiwan Standard Time),EMC航電詞彙整合2,73,2026-08-05T12:49:54.119Z,mastered,
68,measurement procedure,/ˈmeʒ.ɚ.mənt prəˈsiː.dʒɚ/,量測程序,The measurement procedure defines equipment setup and limits.,量測程序定義設備架設與限制值。,A repeatable measurement procedure improves test credibility.,可重複的量測程序可提升測試可信度。,Verification / Testing,4,1,Wed Jun 17 2026 00:00:00 GMT+0800 (Taiwan Standard Time),EMC航電詞彙整合2,68,2026-08-05T12:48:51.735Z,mastered,
66,test planning,/test ˈplæn.ɪŋ/,測試規劃,Test planning should start before hardware integration.,測試規劃應在硬體整合前開始。,Good test planning reduces schedule risk during Electromagnetic Compatibility (EMC) qualification.,良好的測試規劃可降低 EMC 鑑定期間的時程風險。,Verification / Testing,3,1,Wed Jun 17 2026 00:00:00 GMT+0800 (Taiwan Standard Time),EMC航電詞彙整合2,66,2026-08-05T12:48:33.523Z,mastered,
65,integration-stage verification,/ˌɪn.təˈɡreɪ.ʃən steɪdʒ ˌver.ə.fəˈkeɪ.ʃən/,整合階段驗證,Integration-stage verification confirms system-level Electromagnetic Compatibility (EMC) behavior.,整合階段驗證確認系統級 EMC 行為。,Integration-stage verification should be planned before final assembly.,整合階段驗證應在最終組裝前規劃。,Verification / Testing,5,1,Wed Jun 17 2026 00:00:00 GMT+0800 (Taiwan Standard Time),EMC航電詞彙整合2,65,2026-08-05T12:48:22.685Z,mastered,
51,antenna coupling,/ænˈten.ə ˈkʌp.lɪŋ/,天線耦合,Antenna coupling can disturb nearby receivers.,天線耦合可能干擾附近接收器。,"Antenna coupling depends on distance, frequency, and orientation.",天線耦合取決於距離、頻率與方向。,RF Compatibility,5,1,Wed Jun 17 2026 00:00:00 GMT+0800 (Taiwan Standard Time),EMC航電詞彙整合2,51,2026-08-05T12:46:34.429Z,mastered,
42,power survey,/ˈpaʊ.ɚ ˈsɝː.veɪ/,電源調查 / 電源量測,A power survey checks voltage ripple and transients.,電源調查會檢查電壓漣波與暫態。,The power survey should be repeated after major harness changes.,重大線束變更後應重複執行電源調查。,Power Quality / Filtering,4,1,Wed Jun 17 2026 00:00:00 GMT+0800 (Taiwan Standard Time),EMC航電詞彙整合2,42,2026-08-05T12:44:53.656Z,mastered,
35,power quality,/ˈpaʊ.ɚ ˈkwɑː.lə.t̬i/,電源品質,Power quality affects both reliability and Electromagnetic Compatibility (EMC) performance.,電源品質會影響可靠度與 EMC 表現。,Power quality should be checked under maximum load conditions.,電源品質應在最大負載條件下檢查。,Power Quality / Filtering,4,1,Wed Jun 17 2026 00:00:00 GMT+0800 (Taiwan Standard Time),EMC航電詞彙整合2,35,2026-08-05T12:44:29.257Z,mastered,
30,shield,/ʃiːld/,屏蔽；屏蔽層,The cable shield must be terminated correctly.,線纜屏蔽層必須正確端接。,A damaged shield can reduce cable immunity.,受損的屏蔽層可能降低線纜抗擾能力。,Harness / Wiring / Shielding,3,0,,EMC航電詞彙整合2,30,2026-08-05T12:43:59.584Z,mastered,
17,compliance matrix,/kəmˈplaɪ.əns ˈmeɪ.trɪks/,符合性矩陣,A compliance matrix tracks every Electromagnetic Compatibility (EMC) requirement.,符合性矩陣追蹤每項 EMC 需求。,The compliance matrix should identify verification status and evidence.,符合性矩陣應標示驗證狀態與證據。,Requirements / Standards,5,1,Wed Jun 17 2026 00:00:00 GMT+0800 (Taiwan Standard Time),EMC航電詞彙整合2,17,2026-08-05T12:43:09.488Z,mastered_active,
15,range requirements,/reɪndʒ rɪˈkwaɪr.mənts/,發射場 / 靶場要求,Range requirements may add extra safety constraints.,發射場要求可能增加額外安全限制。,Range requirements can affect RF operations during countdown.,發射場要求可能影響倒數期間的 RF 操作。,Requirements / Standards,4,1,Wed Jun 17 2026 00:00:00 GMT+0800 (Taiwan Standard Time),EMC航電詞彙整合2,15,2026-08-05T12:43:03.216Z,mastered,
40,filter integration,/ˈfɪl.tɚ ˌɪn.təˈɡreɪ.ʃən/,濾波器整合,Filter integration must consider grounding and layout.,濾波器整合必須考慮接地與佈局。,Bad filter integration may reduce attenuation at high frequency.,不良濾波器整合可能降低高頻衰減效果。,Power Quality / Filtering,5,1,Wed Jun 17 2026 00:00:00 GMT+0800 (Taiwan Standard Time),EMC航電詞彙整合2,40,2026-08-05T09:42:51.456Z,mastered,
21,bonding requirement,/ˈbɑːn.dɪŋ rɪˈkwaɪr.mənt/,搭接要求,The bonding requirement defines the maximum resistance.,搭接要求定義最大電阻值。,Each bonding requirement should include an inspection method.,每項搭接要求都應包含檢查方法。,Grounding / Bonding,5,1,Wed Jun 17 2026 00:00:00 GMT+0800 (Taiwan Standard Time),EMC航電詞彙整合2,21,2026-08-05T00:52:26.394Z,mastered,
1,integration-stage,/ˌɪn.təˈɡreɪ.ʃən steɪdʒ/,整合階段,Electromagnetic Compatibility (EMC) problems often appear during the integration stage.,EMC 問題常在整合階段出現。,Integration-stage verification should include bonding and power checks.,整合階段驗證應包含搭接與電源檢查。,Overview / Scope,4,1,Wed Jun 17 2026 00:00:00 GMT+0800 (Taiwan Standard Time),EMC航電詞彙整合2,1,2026-08-05T00:50:51.765Z,mastered,
8,table of contents,/ˈteɪ.bəl əv ˈkɑːn.tents/,目錄,The table of contents lists all major Electromagnetic Compatibility (EMC) topics.,目錄列出所有主要 EMC 主題。,A clear table of contents helps reviewers find each section quickly.,清楚的目錄可幫助審查者快速找到各章節。,Overview / Scope,2,0,,EMC航電詞彙整合2,8,2026-08-05T00:50:20.351Z,mastered,
90,test procedure,/test prəˈsiː.dʒɚ/,測試程序,The test procedure should describe how to measure bonding resistance.,測試程序應描述如何量測搭接電阻。,A clear test procedure reduces ambiguity during integration.,清楚的測試程序可降低整合時的模糊性。,Verification / Testing,3,1,Wed Jun 17 2026 00:00:00 GMT+0800 (Taiwan Standard Time),EMC航電詞彙整合1,90,2026-08-05T00:47:33.670Z,mastered,
89,measurement,/ˈmeʒ.ɚ.mənt/,量測,Resistance measurement is required for bonding verification.,搭接驗證需要電阻量測。,Measurement points should be defined in the test procedure.,量測點應在測試程序中定義。,Verification / Testing,2,0,,EMC航電詞彙整合1,89,2026-08-05T00:47:23.888Z,mastered,
86,failure mode,/ˈfeɪl.jɚ moʊd/,失效模式；問題模式,Ground loops are a common Electromagnetic Compatibility (EMC) failure mode.,地迴路是常見的 EMC 失效模式。,We should ask the consultant about common integration failure modes.,我們應詢問顧問常見的整合失效模式。,Verification / Testing,3,1,Wed Jun 17 2026 00:00:00 GMT+0800 (Taiwan Standard Time),EMC航電詞彙整合1,86,2026-08-05T00:47:12.420Z,mastered,
83,test plan,/test plæn/,測試計畫,We need a test plan for system-level Electromagnetic Compatibility (EMC) verification.,我們需要系統級 EMC 驗證測試計畫。,The test plan should include bonding checks and RF self-compatibility tests.,測試計畫應包含搭接檢查與 RF 自相容測試。,Verification / Testing,2,0,,EMC航電詞彙整合1,83,2026-08-05T00:47:02.813Z,mastered,
82,Electromagnetic Compatibility (EMC) chamber,/ˌiː.emˈsiː ˈtʃeɪm.bɚ/,EMC 測試室；電磁相容性測試室,The integrated avionics system should be tested in an Electromagnetic Compatibility (EMC) chamber.,整合後的航電系統應在 EMC 測試艙中測試。,Chamber testing helps reveal radiated emission problems.,Chamber 測試有助於發現輻射發射問題。,Verification / Testing,3,0,,EMC航電詞彙整合1,82,2026-08-05T00:46:55.368Z,mastered,
69,sensor return,/ˈsen.sɚ rɪˈtɝːn/,感測器回流,Sensor return should be separated from noisy power return.,感測器回流應與高雜訊電源回流分開。,Uncontrolled sensor return may create measurement error.,未受控的感測器回流可能造成量測誤差。,Data Acquisition (DAQ) / Sensors,4,1,Wed Jun 17 2026 00:00:00 GMT+0800 (Taiwan Standard Time),EMC航電詞彙整合1,69,2026-08-05T00:46:32.118Z,mastered,
12,RF reference,/ˌɑːrˈef ˈref.ər.əns/,射頻參考,A metal chassis often acts as an RF reference.,金屬機殼通常可作為射頻參考。,We need to create an RF reference inside the composite structure.,我們需要在複材結構內建立射頻參考。,RF / Communication,4,1,Wed Jun 17 2026 00:00:00 GMT+0800 (Taiwan Standard Time),EMC航電詞彙整合1,12,2026-08-05T00:46:24.367Z,mastered,
70,RF compatibility,/ˌɑːrˈef kəmˌpæt.əˈbɪl.ə.ti/,射頻相容性,RF compatibility is critical for communication modules.,RF 相容性對通訊模組非常關鍵。,"We need to verify RF compatibility between S-band, UHF, and C-band systems.",我們需要驗證 S-band、UHF 與 C-band 系統之間的 RF 相容性。,RF / Communication,4,1,Wed Jun 17 2026 00:00:00 GMT+0800 (Taiwan Standard Time),EMC航電詞彙整合1,70,2026-08-05T00:46:14.968Z,mastered,
44,cable shield,/ˈkeɪ.bəl ʃiːld/,線纜屏蔽層,The cable shield must not be left floating.,線纜屏蔽層不應懸空。,Cable shields should be terminated consistently across the system.,線纜屏蔽層應在系統中一致地端接。,Harness / Connector / Cable Shielding,3,1,Wed Jun 17 2026 00:00:00 GMT+0800 (Taiwan Standard Time),EMC航電詞彙整合1,44,2026-08-05T00:42:19.083Z,mastered,
42,connector,/kəˈnek.tɚ/,連接器,Each connector should have a defined shield termination method.,每個連接器都應有明確的屏蔽端接方式。,Connector backshell bonding must be reviewed.,連接器後殼搭接必須審查。,Harness / Connector / Cable Shielding,2,0,,EMC航電詞彙整合1,42,2026-08-05T00:41:39.352Z,mastered,
29,copper bar,/ˈkɑː.pɚ bɑːr/,銅排,A copper bar can serve as a low-impedance bonding bus.,銅排可以作為低阻抗搭接匯流排。,Subsystem enclosures can be bonded to the copper bar.,子系統外殼可以搭接到銅排。,Composite Structure / Conductive Hardware,3,1,Wed Jun 17 2026 00:00:00 GMT+0800 (Taiwan Standard Time),EMC航電詞彙整合1,29,2026-08-05T00:40:39.738Z,mastered,
28,copper foil,/ˈkɑː.pɚ fɔɪl/,銅箔,Copper foil can create a local shielding surface.,銅箔可以建立局部屏蔽面。,Copper foil must be bonded to the main grounding network.,銅箔必須搭接到主接地網路。,Composite Structure / Conductive Hardware,3,0,,EMC航電詞彙整合1,28,2026-08-05T00:40:30.375Z,mastered,
24,mounting panel,/ˈmaʊn.tɪŋ ˈpæn.əl/,安裝板,The subsystems are mounted on vertical composite mounting panels.,子系統安裝在垂直複合材質安裝板上。,Each mounting panel may need a local ground plane.,每片安裝板可能需要局部接地平面。,Composite Structure / Conductive Hardware,2,0,,EMC航電詞彙整合1,24,2026-08-05T00:39:21.245Z,mastered,
21,non-conductive,/ˌnɑːn kənˈdʌk.tɪv/,不導電的,The avionics ring is made of non-conductive composite material.,航電環是由不導電的複合材質製成。,Non-conductive structures require additional bonding design.,不導電結構需要額外的搭接設計。,Composite Structure / Conductive Hardware,3,1,Wed Jun 17 2026 00:00:00 GMT+0800 (Taiwan Standard Time),EMC航電詞彙整合1,21,2026-08-05T00:38:28.314Z,mastered,
57,chassis ground,/ˈʃæs.i ɡraʊnd/,機殼地,Chassis ground is used as a bonding reference.,機殼地用作搭接參考。,"In our design, there is no natural chassis ground.",在我們的設計中，沒有天然機殼地。,Grounding / Bonding / Shielding,3,0,,EMC航電詞彙整合1,57,2026-08-05T00:37:38.922Z,mastered,
31,bonding hub,/ˈbɑːn.dɪŋ hʌb/,搭接中心點；接地匯集點,A central bonding hub may connect the three panels together.,中央搭接點可將三片板連接在一起。,The consultant should review whether a bonding hub is appropriate.,顧問應審查搭接中心點是否合適。,Grounding / Bonding / Shielding,4,1,Wed Jun 17 2026 00:00:00 GMT+0800 (Taiwan Standard Time),EMC航電詞彙整合1,31,2026-08-05T00:37:20.784Z,mastered,
30,bonding strap,/ˈbɑːn.dɪŋ stræp/,搭接編織帶；接地編織帶,A bonding strap should be short and wide.,搭接編織帶應該短而寬。,Long bonding straps are ineffective at high frequency.,過長的搭接編織帶在高頻下效果不佳。,Grounding / Bonding / Shielding,4,1,Wed Jun 17 2026 00:00:00 GMT+0800 (Taiwan Standard Time),EMC航電詞彙整合1,30,2026-08-05T00:37:04.806Z,mastered_active,
20,multi-point bonding,/ˈmʌl.ti pɔɪnt ˈbɑːn.dɪŋ/,多點搭接,Multi-point bonding is often preferred for high-frequency Electromagnetic Compatibility (EMC) control.,高頻 EMC 控制通常偏好多點搭接。,The rings may require multi-point bonding around the circumference.,航電環可能需要沿圓周做多點搭接。,Grounding / Bonding / Shielding,4,1,Wed Jun 17 2026 00:00:00 GMT+0800 (Taiwan Standard Time),EMC航電詞彙整合1,20,2026-08-05T00:36:54.168Z,mastered,
16,low-impedance path,/loʊ ɪmˈpiː.dəns pæθ/,低阻抗路徑,Bonding straps should provide a low-impedance path.,搭接編織帶應提供低阻抗路徑。,A long wire is not a low-impedance path at high frequency.,長導線在高頻下不是低阻抗路徑。,Grounding / Bonding / Shielding,4,1,Wed Jun 17 2026 00:00:00 GMT+0800 (Taiwan Standard Time),EMC航電詞彙整合1,16,2026-08-05T00:36:05.941Z,mastered,
15,return path,/rɪˈtɝːn pæθ/,回流路徑,High-frequency current follows the lowest impedance return path.,高頻電流會沿著最低阻抗回流路徑流動。,An uncontrolled return path may cause Electromagnetic Compatibility (EMC) problems.,未受控的回流路徑可能造成 EMC 問題。,Grounding / Bonding / Shielding,4,1,Wed Jun 17 2026 00:00:00 GMT+0800 (Taiwan Standard Time),EMC航電詞彙整合1,15,2026-08-05T00:35:54.297Z,mastered,
14,ground plane,/ɡraʊnd pleɪn/,接地平面,A ground plane can provide a local return path.,接地平面可提供局部回流路徑。,We may need to add a metallic ground plane to each composite panel.,我們可能需要在每片複合板上增加金屬接地平面。,Grounding / Bonding / Shielding,3,0,,EMC航電詞彙整合1,14,2026-08-05T00:35:35.093Z,mastered,
11,ground reference,/ɡraʊnd ˈref.ər.əns/,接地參考；地參考,The system needs a stable ground reference.,系統需要穩定的接地參考。,Cable shields must be terminated to a proper ground reference.,線纜屏蔽層必須端接到適當的地參考。,Grounding / Bonding / Shielding,4,1,Wed Jun 17 2026 00:00:00 GMT+0800 (Taiwan Standard Time),EMC航電詞彙整合1,11,2026-08-05T00:35:26.504Z,mastered,
10,shielding,/ˈʃiːl.dɪŋ/,屏蔽,Shielding reduces radiated emissions and susceptibility.,屏蔽可降低輻射發射與敏感度。,The composite ring does not naturally provide shielding.,複合材質航電環本身不會自然提供屏蔽。,Grounding / Bonding / Shielding,3,1,Wed Jun 17 2026 00:00:00 GMT+0800 (Taiwan Standard Time),EMC航電詞彙整合1,10,2026-08-05T00:35:05.047Z,mastered,
9,bonding,/ˈbɑːn.dɪŋ/,搭接；等電位連接,Bonding provides a low-impedance path between metal parts.,搭接提供金屬部件之間的低阻抗路徑。,Each enclosure should have a defined bonding path.,每個外殼都應有明確的搭接路徑。,Grounding / Bonding / Shielding,4,1,Wed Jun 17 2026 00:00:00 GMT+0800 (Taiwan Standard Time),EMC航電詞彙整合1,9,2026-08-05T00:34:58.152Z,mastered,
8,grounding,/ˈɡraʊn.dɪŋ/,接地,Grounding is difficult when the structure is non-conductive.,當結構不導電時，接地會變得困難。,We need a clear grounding strategy for the avionics rings.,我們需要明確的航電環接地策略。,Grounding / Bonding / Shielding,3,1,Wed Jun 17 2026 00:00:00 GMT+0800 (Taiwan Standard Time),EMC航電詞彙整合1,8,2026-08-05T00:34:48.364Z,mastered,
4,Electromagnetic Environmental Effects (E3),/ˌiː θriː/,電磁環境效應,MIL-STD-464 focuses on system-level Electromagnetic Environmental Effects (E3) requirements.,MIL-STD-464 著重於系統級 E3 要求。,We need to control Electromagnetic Environmental Effects (E3) risks before vehicle integration.,我們需要在載具整合前控制 E3 風險。,Electromagnetic Compatibility (EMC) / Electromagnetic Environmental Effects (E3) Core Terms,4,1,Wed Jun 17 2026 00:00:00 GMT+0800 (Taiwan Standard Time),EMC航電詞彙整合1,4,2026-08-05T00:33:40.286Z,mastered,
3,Electromagnetic Compatibility (EMC),/ˌiː.emˈsiː/,電磁相容性,Electromagnetic Compatibility (EMC) problems often appear during system integration.,EMC 問題常在系統整合階段出現。,The avionics ring must be designed with Electromagnetic Compatibility (EMC) in mind.,航電環設計時必須考慮 EMC。,Electromagnetic Compatibility (EMC) / Electromagnetic Environmental Effects (E3) Core Terms,3,1,Wed Jun 17 2026 00:00:00 GMT+0800 (Taiwan Standard Time),EMC航電詞彙整合1,3,2026-08-05T00:33:11.090Z,mastered,
96,coupling,/ˈkʌp.lɪŋ/,耦合,Capacitive coupling may introduce noise into the receiver input.,電容耦合可能把雜訊導入接收器輸入端。,Reducing cable coupling is important for aircraft Electromagnetic Compatibility (EMC) design.,降低電纜耦合對飛機 EMC 設計很重要。,Electrical / Electromagnetic Compatibility (EMC) Fundamentals,3,0,,EMC航電詞彙整合1,96,2026-08-05T00:02:42.126Z,mastered,
75,conducted emission,/kənˈdʌk.tɪd ɪˈmɪʃ.ən/,傳導發射,Conducted emission can travel through power lines.,傳導發射可透過電源線傳播。,Power filters help reduce conducted emission.,電源濾波器有助於降低傳導發射。,Electromagnetic Compatibility (EMC) / Electromagnetic Environmental Effects (E3) Core Terms,4,1,Wed Jun 17 2026 00:00:00 GMT+0800 (Taiwan Standard Time),EMC航電詞彙整合1,75,2026-08-05T00:01:40.534Z,mastered,
74,radiated emission,/ˈreɪ.diˌeɪ.tɪd ɪˈmɪʃ.ən/,輻射發射,Radiated emission may increase after harness integration.,線束整合後，輻射發射可能增加。,The avionics assembly should be checked for radiated emission issues.,航電組件應檢查輻射發射問題。,Electromagnetic Compatibility (EMC) / Electromagnetic Environmental Effects (E3) Core Terms,4,1,Wed Jun 17 2026 00:00:00 GMT+0800 (Taiwan Standard Time),EMC航電詞彙整合1,74,2026-08-05T00:01:30.395Z,mastered,
105,incorporate,/ɪnˈkɔːrpəreɪt/,納入；整合；包含,The designer must incorporate mechanical and thermal requirements.,設計師必須納入機械與熱要求。,The panel design should incorporate dedicated bonding points.,板件設計應納入專用 bonding 點。,Design Integration,Intermediate,0,,MSFC-HDBK-3697,105,2026-08-04T23:51:42.337Z,active,
106,compromise,/ˈkɑːmprəmaɪz/,妥協；折衷；取捨,The final design may require a compromise between weight and Electromagnetic Compatibility (EMC) margin.,最終設計可能需要在重量和 EMC 裕度之間取捨。,Avoid a compromise that weakens the fault-current path.,避免做出會削弱故障電流路徑的妥協。,Design Tradeoff,Intermediate,0,,MSFC-HDBK-3697,106,2026-08-04T23:51:32.810Z,active,
121,particularly,/pərˈtɪkjələrli/,特別地；尤其,This is particularly important around fuel and pyrotechnics.,這在燃料與火工品周圍特別重要。,Class R bonding is particularly sensitive to strap length.,Class R bonding 對 strap 長度特別敏感。,General English,Basic,0,,MSFC-HDBK-3697,121,2026-08-04T23:51:22.829Z,active,
94,margin,/ˈmɑːrdʒɪn/,裕度；安全餘裕,The design should keep enough electrical and thermal margin.,設計應保留足夠的電氣與熱裕度。,A poor bonding path can reduce Electromagnetic Compatibility (EMC) margin.,不良接合路徑可能降低 EMC 裕度。,Engineering General,2,0,,MSFC-HDBK-3697,94,2026-08-04T23:46:22.681Z,mastered,
86,drawing note,/ˈdrɔːɪŋ noʊt/,圖面註記,A drawing note should specify cleaning and resistance requirements.,圖面註記應指定清潔與電阻要求。,Use a local drawing note for a special bonding location.,對特殊接合位置使用局部圖面註記。,Drawing & Documentation,3,0,,MSFC-HDBK-3697,86,2026-08-04T00:44:01.664Z,mastered,
29,fault protection,/fɔːlt prəˈtekʃən/,故障保護,Fault protection prevents overheating during a short circuit.,故障保護可避免短路時過熱。,Bonding for fault protection is different from RF bonding.,故障保護用搭接與 RF 搭接不同。,Safety / Power,3,0,,NASA-STD-4003A,29,2026-07-31T12:44:25.150Z,removed,
6,system requirement,/ˈsɪstəm rɪˈkwaɪərmənt/,系統需求,The system requirement must be traceable to the mission objective.,系統需求必須能追溯到任務目標。,A clear system requirement prevents different teams from using different assumptions.,清楚的系統需求可避免不同團隊使用不同假設。,Requirements & Process,3,0,,MSFC-HDBK-3697,6,2026-07-30T23:41:33.417Z,mastered,
93,traceable,/ˈtreɪsəbəl/,可追溯的,Each measurement result should be traceable to a specific joint.,每個量測結果都應可追溯到特定接點。,Requirements should be traceable from system level to design drawings.,要求應可從系統層級追溯到設計圖面。,Requirements & Process,3,0,,MSFC-HDBK-3697,93,2026-07-29T14:56:53.300Z,mastered,
89,flag note,/flæɡ noʊt/,旗標註記；符號註記,A flag note can be reused at multiple drawing locations.,旗標註記可重複用於圖面多個位置。,The flag note identifies surfaces that require preparation.,旗標註記可標示需要表面準備的位置。,Drawing & Documentation,3,0,,MSFC-HDBK-3697,89,2026-07-29T14:56:36.940Z,mastered,
88,local note,/ˈloʊkəl noʊt/,局部註記,A local note applies only to a specific location.,局部註記只適用於特定位置。,Use a local note when one joint has a different resistance limit.,當某個接點有不同電阻限制時，使用局部註記。,Drawing & Documentation,2,0,,MSFC-HDBK-3697,88,2026-07-29T14:56:30.498Z,mastered,
87,general note,/ˈdʒenrəl noʊt/,一般註記,A general note applies to the entire drawing.,一般註記適用於整張圖面。,The general note can define the default cleaning requirement.,一般註記可定義預設清潔要求。,Drawing & Documentation,2,0,,MSFC-HDBK-3697,87,2026-07-29T14:56:23.827Z,mastered,
84,quality record,/ˈkwɑːləti ˈrekərd/,品質紀錄,Quality records should include bonding resistance measurements.,品質紀錄應包含接合電阻量測值。,The quality record supports final acceptance.,品質紀錄可支援最終驗收。,Verification,3,0,,MSFC-HDBK-3697,84,2026-07-29T14:28:01.959Z,mastered,
36,floating shield,/ˈfloʊtɪŋ ʃiːld/ | https://youglish.com/pronounce/floating%20shield/english,浮接屏蔽層,A floating shield may act like a long antenna instead of a shield.,浮接屏蔽層可能像長天線，而不是屏蔽。,The design must prevent the cable shield from becoming a floating shield.,設計必須避免線纜屏蔽層變成浮接屏蔽層。,Electromagnetic Compatibility (EMC) Risk / Coupling Paths,Intermediate,0,,EMC顧問回覆與系統整合詞彙,36,2026-07-29T12:31:34.009Z,mastered,
35,floating enclosure,/ˈfloʊtɪŋ ɪnˈkloʊʒər/ | https://youglish.com/pronounce/floating%20enclosure/english,浮接機殼,A floating enclosure may develop a different potential from nearby equipment.,浮接機殼可能與附近設備形成不同電位。,Floating enclosures can make the Electromagnetic Compatibility (EMC) result sensitive to cable placement.,浮接機殼會讓 EMC 結果容易受到線束擺放影響。,Electromagnetic Compatibility (EMC) Risk / Coupling Paths,Intermediate,0,,EMC顧問回覆與系統整合詞彙,35,2026-07-29T12:31:32.033Z,mastered,
34,coupling path,/ˈkʌplɪŋ pæθ/ | https://youglish.com/pronounce/coupling%20path/english,耦合路徑,A long cable shield can become a coupling path for RF noise.,長距離線纜屏蔽層可能變成 RF 雜訊的耦合路徑。,The review should identify every major coupling path between noisy and sensitive subsystems.,審查應識別強干擾與敏感子系統之間的主要耦合路徑。,Electromagnetic Compatibility (EMC) Risk / Coupling Paths,Intermediate,0,,EMC顧問回覆與系統整合詞彙,34,2026-07-29T12:31:21.922Z,mastered,
33,victim,/ˈvɪktɪm/ | https://youglish.com/pronounce/victim/english,受害者；易受干擾設備,The Data Acquisition (DAQ) module is a likely victim of actuator switching noise.,DAQ 模組很可能是致動器切換雜訊的受害者。,A victim should be monitored during each worst-case Electromagnetic Compatibility (EMC) test.,每個最壞情境 EMC 測試都應監測受害設備。,Electromagnetic Compatibility (EMC) Risk / Coupling Paths,Intermediate,0,,EMC顧問回覆與系統整合詞彙,33,2026-07-29T12:31:11.949Z,mastered,
31,verification record,/ˌverɪfɪˈkeɪʃn ˈrekərd/ | https://youglish.com/pronounce/verification%20record/english,驗證紀錄,A verification record should show the measured value and the acceptance limit.,驗證紀錄應顯示量測值與允收限制。,The verification record supports the final MIL-STD-464 compliance review.,驗證紀錄支援最終 MIL-STD-464 符合性審查。,Verification / Requirements,Intermediate,0,,EMC顧問回覆與系統整合詞彙,31,2026-07-29T12:31:02.008Z,mastered,
28,acceptance value,/əkˈseptəns ˈvæljuː/,驗收值,The acceptance values in the table are preliminary assumptions.,表格中的驗收值為初步假設。,Each acceptance value should be confirmed by test requirements.,每個驗收值都應由測試需求確認。,Verification / Requirements,Intermediate,0,,EMC顧問回覆與系統整合詞彙,28,2026-07-29T12:30:53.271Z,mastered,
27,impedance requirement,/ɪmˈpiːdəns rɪˈkwaɪərmənt/,阻抗要求,The impedance requirement should be confirmed before final design release.,阻抗要求應在最終設計發行前確認。,Each bonding interface may have a different impedance requirement.,每個搭接介面可能有不同的阻抗要求。,Verification / Requirements,Advanced,0,,EMC顧問回覆與系統整合詞彙,27,2026-07-29T12:30:42.994Z,mastered,
21,Electromagnetic Environmental Effects,/ɪˌlektroʊmæɡˈnetɪk ɪnˌvaɪrənˈmentl ɪˈfekts/ | https://youglish.com/pronounce/Electromagnetic%20Environmental%20Effects/english,電磁環境效應,MIL-STD-464 defines requirements for Electromagnetic Environmental Effects at the system level.,MIL-STD-464 定義系統層級電磁環境效應的要求。,"Lightning, ESD, RF exposure, and intra-system Electromagnetic Compatibility (EMC) are part of Electromagnetic Environmental Effects.",雷擊、ESD、RF 暴露與系統內 EMC 都屬於電磁環境效應的一部分。,Electromagnetic Compatibility (EMC) / Electromagnetic Environmental Effects (E3) Planning,Advanced,0,,EMC顧問回覆與系統整合詞彙,21,2026-07-29T12:29:53.035Z,mastered,
17,property,/ˈprɑːpərti/,特性；性質,The material has ESD protection properties.,該材料具有 ESD 保護特性。,Electrical conductivity is an important material property.,導電性是一項重要的材料特性。,Materials / Conductive Hardware,Basic,0,,EMC顧問回覆與系統整合詞彙,17,2026-07-29T12:29:40.661Z,mastered_active,
15,copper braided strap,/ˈkɑːpər ˈbreɪdɪd stræp/,銅編織帶；導電編織帶,Copper braided straps will be used to interconnect the panels and the avionics ring.,銅編織帶將用於互連面板與航電環。,A short copper braided strap reduces bonding inductance.,短的銅編織帶可以降低搭接電感。,Materials / Conductive Hardware,Intermediate,0,,EMC顧問回覆與系統整合詞彙,15,2026-07-29T12:29:18.604Z,mastered_active,
14,copper busbar,/ˈkɑːpər ˈbʌsbɑːr/,銅排；銅匯流排,Copper busbars will be installed on top of the copper foil.,銅排將安裝在銅箔上方。,The subsystem chassis is bonded to the copper busbar.,子系統機殼與銅排進行搭接。,Materials / Conductive Hardware,Intermediate,0,,EMC顧問回覆與系統整合詞彙,14,2026-07-29T12:29:12.333Z,mastered,
13,on top of,/ɑːn tɑːp əv/,在……上方；在……之上,Copper busbars will be installed on top of the copper foil.,銅排將安裝在銅箔上方。,The bonding washer is placed on top of the conductive surface.,搭接墊片放置在導電表面上方。,Engineering Documentation / Assumptions,Basic,0,,EMC顧問回覆與系統整合詞彙,13,2026-07-29T12:29:06.838Z,mastered_active,
10,engineering design assumption,/ˌendʒɪˈnɪrɪŋ dɪˈzaɪn əˈsʌmpʃən/,工程設計假設,The following are engineering design assumptions.,以下是工程設計假設。,Engineering design assumptions should be clearly separated from final requirements.,工程設計假設應與最終需求清楚區分。,Engineering Documentation / Assumptions,Intermediate,0,,EMC顧問回覆與系統整合詞彙,10,2026-07-29T12:28:18.177Z,mastered,
8,internally,/ɪnˈtɜːrnəli/,在內部；內部地,The copper foil and busbars will be installed internally.,銅箔與銅排將安裝在內部。,This change should be reviewed internally before sending it to the consultant.,此變更在送給顧問前應先進行內部審查。,Engineering Documentation / Assumptions,Basic,0,,EMC顧問回覆與系統整合詞彙,8,2026-07-29T12:28:05.548Z,mastered,
35,gap,/ɡæp/,縫隙；間隙,Small gaps can become leakage paths for RF energy.,小縫隙可能成為 RF 能量洩漏路徑。,We should minimize gaps in the shielding structure.,我們應盡量減少屏蔽結構中的縫隙。,Composite Structure / Conductive Hardware,2,0,,EMC航電詞彙整合1,35,2026-07-27T00:28:25.072Z,mastered,
34,seam,/siːm/,接縫,Gaps and seams can reduce shielding effectiveness.,縫隙與接縫會降低屏蔽效果。,Each seam should be bonded or overlapped properly.,每個接縫都應適當搭接或重疊。,Composite Structure / Conductive Hardware,3,1,Wed Jun 17 2026 00:00:00 GMT+0800 (Taiwan Standard Time),EMC航電詞彙整合1,34,2026-07-27T00:28:18.319Z,mastered,
52,receiver,/rɪˈsiː.vɚ/,接收器,The receiver must be protected from strong transmitters.,接收器必須避免受到強發射機影響。,A receiver can lose sensitivity in a high RF environment.,接收器在高 RF 環境中可能失去靈敏度。,RF Compatibility,3,0,,EMC航電詞彙整合2,52,2026-07-24T00:00:50.487Z,mastered,
49,isolation,/ˌaɪ.səˈleɪ.ʃən/,隔離,Firing circuit isolation prevents unintended current paths.,點火電路隔離可避免非預期電流路徑。,Isolation is required between safety-critical and noisy circuits.,安全關鍵電路與噪聲電路之間需要隔離。,Ordnance / HERO,4,1,Wed Jun 17 2026 00:00:00 GMT+0800 (Taiwan Standard Time),EMC航電詞彙整合2,49,2026-07-24T00:00:38.238Z,mastered,
36,bus,/bʌs/,匯流排、電源母線,The 28 V bus supplies power to avionics equipment.,28V 匯流排供電給航電設備。,A noisy power bus can affect multiple subsystems.,有雜訊的電源母線可能影響多個子系統。,Power Quality / Filtering,3,0,,EMC航電詞彙整合2,36,2026-07-24T00:00:01.118Z,mastered,
5,for more details,/fɔːr mɔːr dɪˈteɪlz/,更多細節；詳細內容,Please refer to the attached briefing document for more details.,更多細節請參考附件簡報文件。,"For more details, please see the grounding layout on the next slide.",更多細節請見下一頁的接地配置圖。,Consultant Communication / Reply,Basic,0,,EMC顧問回覆與系統整合詞彙,5,2026-07-23T12:57:30.181Z,mastered,
77,qualification,/ˌkwɑː.lə.fəˈkeɪ.ʃən/,資格測試；鑑定測試,Qualification testing confirms compliance with requirements.,資格測試確認是否符合規範要求。,We should reduce integration risks before qualification testing.,我們應在資格測試前降低整合風險。,Verification / Testing,3,1,Wed Jun 17 2026 00:00:00 GMT+0800 (Taiwan Standard Time),EMC航電詞彙整合1,77,2026-07-23T09:48:26.341Z,mastered,
76,verification,/ˌver.ə.fəˈkeɪ.ʃən/,驗證,We need a verification plan for the bonding network.,我們需要一份搭接網路驗證計畫。,Verification should be performed before formal qualification.,驗證應在正式資格測試前執行。,Verification / Testing,3,0,,EMC航電詞彙整合1,76,2026-07-23T09:48:17.537Z,mastered,
59,high-current load,/haɪ ˈkɝː.ənt loʊd/,大電流負載,Valve controllers and jet vane drivers are high-current loads.,閥門控制器與 JetVane 驅動器屬於大電流負載。,High-current loads should not share uncontrolled return paths with sensors.,大電流負載不應與感測器共用未受控回流路徑。,Power / Return Path / Filtering,4,1,Wed Jun 17 2026 00:00:00 GMT+0800 (Taiwan Standard Time),EMC航電詞彙整合1,59,2026-07-23T09:43:31.797Z,mastered,
27,metal-to-metal contact,/ˈmetəl tə ˈmetəl ˈkɑːntækt/,金屬對金屬接觸,Metal-to-metal contact is preferred for RF performance.,金屬對金屬接觸對 RF 性能較佳。,A gasket may be needed when metal-to-metal contact is not reliable.,當金屬對金屬接觸不可靠時，可能需要墊片。,Mechanical Integration,3,0,,MSFC-HDBK-3697,27,2026-07-10T11:40:38.471Z,mastered,
12,box-level,/bɑːks ˈlev.əl/,設備級、盒級,Box-level tests are performed before integration.,設備級測試會在整合前執行。,Box-level compliance does not guarantee vehicle-level compatibility.,設備級符合性不保證載具級相容性。,Requirements / Standards,4,1,Wed Jun 17 2026 00:00:00 GMT+0800 (Taiwan Standard Time),EMC航電詞彙整合2,12,2026-07-10T09:55:33.291Z,mastered,
11,vehicle-level,/ˈviː.ə.kəl ˈlev.əl/,載具級、整機級,Vehicle-level Electromagnetic Compatibility (EMC) testing verifies the complete system.,載具級 Electromagnetic Compatibility (EMC) 測試驗證完整系統。,Vehicle-level limits are usually stricter than informal bench checks.,載具級限制通常比非正式桌上測試更嚴格。,Requirements / Standards,4,1,Wed Jun 17 2026 00:00:00 GMT+0800 (Taiwan Standard Time),EMC航電詞彙整合2,11,2026-07-10T09:55:31.260Z,mastered,
10,flow-down,/ˈfloʊ daʊn/,需求下展、需求分解,Vehicle-level requirements are flowed down to each box.,載具級需求會下展到每個設備盒。,Requirement flow-down prevents gaps between system and subsystem design.,需求下展可避免系統與子系統設計之間產生落差。,Requirements / Standards,5,1,Wed Jun 17 2026 00:00:00 GMT+0800 (Taiwan Standard Time),EMC航電詞彙整合2,10,2026-07-10T09:55:28.698Z,mastered,
15,current return path,/ˈkɜːrənt rɪˈtɜːrn pæθ/,電流回流路徑,A dedicated current return path is preferred for power circuits.,電源電路最好使用專用的電流回流路徑。,Do not rely on the composite panel as the current return path.,不要依賴複材板作為電流回流路徑。,Electrical Design,4,0,,MSFC-HDBK-3697,15,2026-07-09T09:45:47.065Z,mastered,
39,jumper,/ˈdʒʌmpər/,跳接線；跨接線,A jumper may be used when direct contact is impractical.,當直接接觸不可行時，可使用跳接線。,"The jumper should be short, wide, and easy to inspect.",跳接線應該短、寬且容易檢查。,Mechanical Integration,3,0,,MSFC-HDBK-3697,39,2026-07-07T11:36:18.509Z,mastered,
24,RF impedance,/ˌɑːr ˈef ɪmˈpiːdəns/,RF 阻抗；射頻阻抗,RF impedance is more important than DC resistance for high-frequency bonding.,對高頻接合而言，RF 阻抗比直流電阻更重要。,The reference ring should minimize RF impedance.,參考環應盡量降低 RF 阻抗。,Electromagnetic Compatibility (EMC) / RF,4,0,,MSFC-HDBK-3697,24,2026-07-05T13:24:01.410Z,mastered,
23,micro-ohmmeter,/ˈmaɪkroʊ ˈoʊmˌmiːtər/,微歐姆計,A micro-ohmmeter is used to measure very low bonding resistance.,微歐姆計用於量測很低的接合電阻。,Use a four-wire method with the micro-ohmmeter.,使用微歐姆計時應採用四線式量測。,Verification,4,0,,MSFC-HDBK-3697,23,2026-07-05T13:23:27.187Z,mastered,
22,resistance,/rɪˈzɪstəns/,電阻,DC resistance is easy to measure with a micro-ohmmeter.,直流電阻可用微歐姆計量測。,Low resistance does not always mean good RF performance.,低電阻不一定代表良好的 RF 性能。,Electrical Measurement,2,0,,MSFC-HDBK-3697,22,2026-07-05T13:23:02.558Z,mastered,
20,capacitance,/kəˈpæsɪtəns/,電容,Capacitance between structures can affect RF impedance.,結構之間的電容會影響 RF 阻抗。,The jumper and nearby metal can form unwanted capacitance.,跳接線與附近金屬可能形成非預期電容。,Electromagnetic Compatibility (EMC) / RF,3,0,,MSFC-HDBK-3697,20,2026-07-05T13:22:42.028Z,mastered,
19,inductance,/ɪnˈdʌktəns/,電感,Inductance increases the impedance at high frequency.,電感會提高高頻下的阻抗。,Reducing loop area helps reduce inductance.,減少迴路面積有助於降低電感。,Electromagnetic Compatibility (EMC) / RF,3,0,,MSFC-HDBK-3697,19,2026-07-05T13:22:10.518Z,mastered,
21,reactance,/riˈæktəns/,電抗,Reactance changes with frequency.,電抗會隨頻率改變。,Impedance includes resistance and reactance.,阻抗包含電阻與電抗。,Electromagnetic Compatibility (EMC) / RF,3,0,,MSFC-HDBK-3697,21,2026-07-05T13:21:44.911Z,mastered,
14,short circuit,/ˌʃɔːrt ˈsɜːrkɪt/,短路,A short circuit to the chassis can create a shock hazard.,短路到機殼可能造成觸電危害。,The design should prevent a short circuit from entering the composite structure.,設計應避免短路電流進入複材結構。,Electrical Safety,3,0,,MSFC-HDBK-3697,14,2026-07-03T12:51:46.039Z,mastered,
1,consultant,/kənˈsʌl.tənt/,顧問,We would like to consult with an experienced aerospace Electromagnetic Compatibility (EMC) consultant.,我們想請教一位有航太 Electromagnetic Compatibility (EMC) 經驗的顧問。,The consultant should review our grounding and shielding concept.,顧問應該審查我們的接地與屏蔽概念。,Consultant / Program Context,2,0,,EMC航電詞彙整合1,1,2026-07-03T09:52:53.398Z,mastered,
51,worst-case simultaneous operation,/wɜːrst keɪs ˌsaɪməlˈteɪniəs ˌɑːpəˈreɪʃn/ | https://youglish.com/pronounce/worst-case%20simultaneous%20operation/english,最壞情境同時操作,Worst-case simultaneous operation should include RF transmit and actuator motion.,最壞情境同時操作應包含 RF 發射與致動器動作。,The system must not lose critical data during worst-case simultaneous operation.,系統在最壞情境同時操作時不得遺失關鍵資料。,System Test / Failure Criteria,Advanced,0,,未熟記單字練習,51,2026-07-03T09:39:14.342Z,removed,
18,low inductance,/loʊ ɪnˈdʌktəns/,低電感,High-frequency currents require a low inductance return path.,高頻電流需要低電感回流路徑。,A long narrow strap does not provide low inductance.,又長又窄的帶材無法提供低電感。,Electromagnetic Compatibility (EMC) / RF,4,0,,MSFC-HDBK-3697,18,2026-07-03T00:49:26.053Z,mastered,
17,low impedance,/loʊ ɪmˈpiːdəns/,低阻抗,"RF bonding requires a low impedance path, not just a low DC resistance.",RF 接合需要低阻抗路徑，而不只是低直流電阻。,A wide and short path usually has lower impedance.,寬且短的路徑通常具有較低阻抗。,Electromagnetic Compatibility (EMC) / RF,4,0,,MSFC-HDBK-3697,17,2026-07-03T00:49:23.556Z,mastered,
16,voltage drop,/ˈvoʊltɪdʒ drɑːp/,壓降,The voltage drop must be controlled in the power return path.,電源回流路徑中的壓降必須受到控制。,Excessive voltage drop may reduce equipment margin.,過大的壓降可能降低設備裕度。,Electrical Design,3,0,,MSFC-HDBK-3697,16,2026-07-03T00:49:17.008Z,mastered,
13,fault current,/fɔːlt ˈkɜːrənt/,故障電流,The structure must carry fault current until the protection device opens.,結構必須承載故障電流，直到保護裝置動作斷開。,A small contact area may overheat under fault current.,接觸面積太小可能在故障電流下過熱。,Electrical Safety,4,0,,MSFC-HDBK-3697,13,2026-07-02T14:03:05.287Z,mastered,
72,chassis,/ˈʃæsi/,機殼；底盤,The chassis should be connected to the reference plane.,機殼應連接到參考平面。,A powered chassis must have a safe fault-current path.,有供電的機殼必須具有安全的故障電流路徑。,Electrical Safety,3,0,,MSFC-HDBK-3697,72,2026-07-01T13:36:57.197Z,mastered,
38,vibration,/vaɪˈbreɪʃən/,振動,Vibration can loosen a poorly designed connection.,振動可能使設計不良的連接鬆脫。,The strap must survive vibration without cracking.,該帶材必須能承受振動而不破裂。,Mechanical Integration,2,0,,MSFC-HDBK-3697,38,2026-07-01T13:32:08.971Z,mastered,
40,strap,/stræp/,帶材；接地/接合帶,A flat strap usually has lower inductance than a round wire.,扁平帶材通常比圓線有較低電感。,Keep the strap as short as possible.,盡可能縮短帶材長度。,Mechanical Integration,3,0,,MSFC-HDBK-3697,40,2026-07-01T13:32:02.176Z,mastered,
12,external source,/ɪkˈstɜːrnəl sɔːrs/,外部來源,An external source may couple RF energy into the vehicle harness.,外部來源可能把 RF 能量耦合進載具線路。,Pad RF transmitters are one possible external source.,發射場 RF 發射機是一種可能的外部來源。,Electromagnetic Compatibility (EMC) / RF,3,0,,MSFC-HDBK-3697,12,2026-07-01T13:28:05.844Z,mastered,
1,implementation,/ˌɪmplɪmenˈteɪʃən/,實作；落實；執行,The implementation must be shown on the engineering drawing.,實作方式必須呈現在工程圖面上。,Good implementation makes the design easier to verify.,良好的落實方式會讓設計更容易驗證。,Requirements & Process,3,0,,MSFC-HDBK-3697,1,2026-07-01T13:26:50.863Z,mastered,
3,flowdown,/ˈfloʊ daʊn/,需求下展；要求逐層分配,Requirement flowdown helps each team understand its design responsibility.,需求下展可幫助各團隊了解自己的設計責任。,The Electromagnetic Compatibility (EMC) requirement must flow down to the avionics ring design.,EMC 要求必須下展到航電環設計。,Requirements & Process,4,0,,MSFC-HDBK-3697,3,2026-07-01T13:26:48.683Z,mastered,
96,assumption,/əˈsʌmpʃən/,假設,"The table values are assumptions, not final acceptance limits.",表格數值是假設，不是最終驗收限制。,Every design assumption should be reviewed with the consultant.,每個設計假設都應與顧問確認。,Engineering General,2,0,,MSFC-HDBK-3697,96,2026-07-01T13:26:31.256Z,mastered,
41,length-to-width ratio,/leŋθ tə wɪdθ ˈreɪʃiˌoʊ/,長寬比,The length-to-width ratio of the strap should be kept low.,帶材的長寬比應盡量低。,A high length-to-width ratio increases inductance.,高長寬比會增加電感。,Electromagnetic Compatibility (EMC) / RF,4,0,,MSFC-HDBK-3697,41,2026-07-01T13:25:20.919Z,mastered,
11,onboard,/ˈɑːnbɔːrd/,機載的； onboard 的,Onboard electronics can generate unintentional RF noise.,機載電子設備可能產生非預期 RF 雜訊。,The onboard power system must not disturb sensitive receivers.,機載電源系統不應干擾敏感接收器。,Electromagnetic Compatibility (EMC) / RF,3,0,,MSFC-HDBK-3697,11,2026-07-01T13:22:12.813Z,mastered,
10,electromagnetic environment,/ɪˌlektroʊmæɡˈnetɪk ɪnˈvaɪrənmənt/,電磁環境,The launch vehicle is exposed to a severe electromagnetic environment.,運載火箭會暴露在嚴苛的電磁環境中。,The electromagnetic environment includes onboard and external sources.,電磁環境包含機載與外部來源。,Electromagnetic Compatibility (EMC) / RF,4,0,,MSFC-HDBK-3697,10,2026-07-01T13:21:56.011Z,mastered,
106,proper,/ˈprɑː.pɚ/,適當的；正確的,Proper shield termination is required for high-frequency Electromagnetic Compatibility (EMC) control.,高頻 EMC 控制需要適當的屏蔽端接。,A proper bonding path should be short and low impedance.,適當的搭接路徑應該短且低阻抗。,Harness / Wiring / Shielding,2,0,,EMC航電詞彙整合2,106,2026-07-01T12:31:12.251Z,active,
27,wiring,/ˈwaɪr.ɪŋ/,配線,Good wiring design reduces Electromagnetic Compatibility (EMC) risk.,良好的配線設計可降低 Electromagnetic Compatibility (EMC) 風險。,Wiring changes should be reviewed before retesting.,重新測試前應審查配線變更。,Harness / Wiring / Shielding,3,1,Wed Jun 17 2026 00:00:00 GMT+0800 (Taiwan Standard Time),EMC航電詞彙整合2,27,2026-07-01T11:46:57.756Z,mastered,
5,issue,/ˈɪʃ.uː/,問題、議題,Grounding issues may cause unexpected noise.,接地問題可能造成非預期雜訊。,The team should record each Electromagnetic Compatibility (EMC) issue during integration.,團隊應在整合期間記錄每個 Electromagnetic Compatibility (EMC) 問題。,Overview / Scope,2,0,,EMC航電詞彙整合2,5,2026-07-01T11:46:12.706Z,mastered,
4,scope,/skoʊp/,範圍,The scope of this document covers vehicle-level Electromagnetic Compatibility (EMC) risks.,本文件範圍涵蓋載具級 Electromagnetic Compatibility (EMC) 風險。,The scope must clearly define what is included and excluded.,範圍必須清楚定義包含與排除的項目。,Overview / Scope,2,0,,EMC航電詞彙整合2,4,2026-07-01T11:46:05.177Z,mastered,
3,introduction,/ˌɪn.trəˈdʌk.ʃən/,介紹、導論,The introduction explains the purpose of the Electromagnetic Compatibility (EMC) plan.,導論說明 Electromagnetic Compatibility (EMC) 計畫的目的。,The introduction summarizes the scope and applicable standards.,導論摘要說明範圍與適用標準。,Overview / Scope,2,0,,EMC航電詞彙整合2,3,2026-07-01T11:46:02.399Z,mastered,
84,design review,/dɪˈzaɪn rɪˈvjuː/,設計審查,Grounding and shielding should be reviewed during design review.,接地與屏蔽應在設計審查中檢查。,The consultant can support the Electromagnetic Compatibility (EMC) design review.,顧問可支援 Electromagnetic Compatibility (EMC) 設計審查。,Verification / Testing,2,0,,EMC航電詞彙整合1,84,2026-07-01T11:45:50.091Z,mastered,
87,risk,/rɪsk/,風險,The main risk is poor shielding continuity.,主要風險是屏蔽連續性不佳。,Early testing can reduce Electromagnetic Compatibility (EMC) integration risk.,早期測試可以降低 Electromagnetic Compatibility (EMC) 整合風險。,Verification / Testing,2,0,,EMC航電詞彙整合1,87,2026-07-01T11:45:44.055Z,mastered,
85,checklist,/ˈtʃek.lɪst/,檢查表,A checklist helps ensure consistent bonding inspection.,檢查表有助於確保搭接檢查一致。,We should prepare a grounding and shielding checklist.,我們應準備接地與屏蔽檢查表。,Verification / Testing,2,0,,EMC航電詞彙整合1,85,2026-07-01T11:45:37.560Z,mastered,
56,power return,/ˈpaʊ.ɚ rɪˈtɝːn/,電源回流,Power return should not be confused with chassis bonding.,電源回流不應與機殼搭接混為一談。,High-current power return paths must be carefully controlled.,大電流電源回流路徑必須謹慎控制。,Power / Return Path / Filtering,4,1,Wed Jun 17 2026 00:00:00 GMT+0800 (Taiwan Standard Time),EMC航電詞彙整合1,56,2026-07-01T11:45:13.605Z,mastered,
51,EtherCAN,/ˈiː.θɚ kæn/,EtherCAN 通訊,EtherCAN may be used for inter-subsystem communication.,EtherCAN 可用於子系統間通訊。,EtherCAN shielding should follow the overall bonding strategy.,EtherCAN 屏蔽應遵循整體搭接策略。,Data / Communication Buses,3,1,Wed Jun 17 2026 00:00:00 GMT+0800 (Taiwan Standard Time),EMC航電詞彙整合1,51,2026-07-01T11:45:09.776Z,mastered,
50,CAN bus,/kæn bʌs/,CAN 匯流排,CAN bus is widely used in embedded control systems.,CAN bus 廣泛用於嵌入式控制系統。,CAN bus routing should be separated from high-current power cables.,CAN bus 佈線應與大電流電源線分開。,Data / Communication Buses,2,0,,EMC航電詞彙整合1,50,2026-07-01T11:45:05.765Z,mastered,
49,RS-422,/ˌɑːr es fɔːr ˈtwɛn.ti tuː/,RS-422 通訊介面,RS-422 is used for differential communication.,RS-422 用於差動通訊。,RS-422 cable shields should be handled carefully in a composite structure.,在複材結構中，RS-422 線纜屏蔽要謹慎處理。,Data / Communication Buses,3,1,Wed Jun 17 2026 00:00:00 GMT+0800 (Taiwan Standard Time),EMC航電詞彙整合1,49,2026-07-01T11:45:01.232Z,mastered,
48,Ethernet,/ˈiː.θɚ.net/,乙太網路,Most subsystems communicate through Ethernet.,大多數子系統透過乙太網路通訊。,Shielded Ethernet cables need proper grounding rules.,屏蔽乙太網路線需要適當的接地規則。,Data / Communication Buses,2,0,,EMC航電詞彙整合1,48,2026-07-01T11:44:57.224Z,mastered,
17,high-frequency,/ˌhaɪ ˈfriː.kwən.si/,高頻,High-frequency currents are very sensitive to layout.,高頻電流對佈局非常敏感。,DC resistance alone does not represent high-frequency behavior.,單靠直流電阻無法代表高頻行為。,Electromagnetic Compatibility (EMC) / Electromagnetic Environmental Effects (E3) Core Terms,3,0,,EMC航電詞彙整合1,17,2026-07-01T11:43:46.578Z,mastered,
7,requirement,/rɪˈkwaɪr.mənt/,要求；規範要求,We need to understand the applicable Electromagnetic Compatibility (EMC) requirements.,我們需要了解適用的 Electromagnetic Compatibility (EMC) 要求。,The grounding design should meet vehicle-level requirements.,接地設計應符合載具級要求。,Electromagnetic Compatibility (EMC) / Electromagnetic Environmental Effects (E3) Core Terms,2,0,,EMC航電詞彙整合1,7,2026-07-01T11:43:42.834Z,mastered,
5,integration,/ˌɪn.təˈɡreɪ.ʃən/,整合,The issue becomes critical during avionics integration.,這個問題在航電整合時會變得很關鍵。,Integration testing may reveal grounding weaknesses.,整合測試可能暴露接地弱點。,Electromagnetic Compatibility (EMC) / Electromagnetic Environmental Effects (E3) Core Terms,2,0,,EMC航電詞彙整合1,5,2026-07-01T11:43:37.879Z,mastered,
2,system-level,/ˈsɪs.təm ˈlev.əl/,系統級,This is a system-level Electromagnetic Compatibility (EMC) integration issue.,這是系統級 Electromagnetic Compatibility (EMC) 整合問題。,"We need a system-level grounding architecture, not only box-level compliance.",我們需要系統級接地架構，而不只是單機合規。,Electromagnetic Compatibility (EMC) / Electromagnetic Environmental Effects (E3) Core Terms,3,0,,EMC航電詞彙整合1,2,2026-07-01T11:43:30.625Z,mastered,
28,overlap,/ˈoʊvərlæp/ | https://youglish.com/pronounce/overlap/english,搭接；重疊,Copper foil overlap should be planned near the panel edge.,銅箔搭接應規劃在板邊附近。,Poor overlap can increase contact resistance.,不良搭接可能增加接觸電阻。,Manufacturing / Procurement,Intermediate,0,,複合材質航電環,28,2026-07-01T05:34:17.893Z,mastered,
4,installation configuration,/ˌɪnstəˈleɪʃən kənˌfɪɡjəˈreɪʃən/ | https://youglish.com/pronounce/installation%20configuration/english,安裝配置,The installation configuration affects both Electromagnetic Compatibility (EMC) performance and assembly effort.,安裝配置會同時影響 EMC 表現與組裝工時。,We compared two installation configurations for the A2 section.,我們比較了 A2 段的兩種安裝配置。,Mechanical Installation / Fasteners,Intermediate,0,,複合材質航電環,4,2026-07-01T05:33:43.091Z,mastered,
38,impedance,/ɪmˈpiːdəns/,阻抗,The impedance must be controlled in high-speed avionics wiring.,高速航電線路中的阻抗必須被控制。,Cable impedance affects signal integrity and Electromagnetic Compatibility (EMC) performance.,電纜阻抗會影響訊號完整性與 Electromagnetic Compatibility (EMC) 表現。,Electromagnetic Compatibility (EMC) Behavior / Verification,4,1,Wed Jun 17 2026 00:00:00 GMT+0800 (Taiwan Standard Time),複合材質航電環,38,2026-07-01T01:16:02.650Z,mastered,
29,rework,/ˌriːˈwɜːrk/ | https://youglish.com/pronounce/rework/english,重工；返工,The installation plan should leave enough space for rework.,安裝規劃應保留足夠的重工空間。,Rework may be required if the copper foil edge is damaged.,若銅箔邊緣受損，可能需要重工。,Manufacturing / Procurement,Basic,0,,複合材質航電環,29,2026-07-01T01:07:49.549Z,mastered,
37,baseline,/ˈbeɪslaɪn/ | https://youglish.com/pronounce/baseline/english,基準；基準配置,The A4 baseline uses 100 micrometer copper foil and a 1 millimeter busbar.,A4 基準配置使用 100 微米銅箔與 1 毫米銅排。,A clear baseline helps compare weight changes between options.,明確的基準有助於比較各方案的重量變化。,Scope / Baseline,Basic,0,,複合材質航電環,37,2026-07-01T00:36:44.324Z,mastered,
6,design scope,/dɪˈzaɪn skoʊp/ | https://youglish.com/pronounce/design%20scope/english,設計範圍,The design scope is limited to conductive materials and standard fasteners.,設計範圍限於導電材料與標準固定件。,Adhesive and protective film are outside the current design scope.,黏著劑與保護膜不在目前設計範圍內。,Scope / Baseline,Basic,0,,複合材質航電環,6,2026-07-01T00:24:49.188Z,mastered,
7,functional analysis,/ˈfʌŋkʃənəl əˈnæləsɪs/,功能分析,Functional analysis breaks a high-level requirement into detailed functions.,功能分析會把高層級需求拆成詳細功能。,The team used functional analysis to define bonding interfaces.,團隊使用功能分析來定義接合介面。,Requirements & Process,4,0,,MSFC-HDBK-3697,7,2026-06-30T23:19:15.014Z,mastered,
5,mission requirement,/ˈmɪʃən rɪˈkwaɪərmənt/,任務需求,A mission requirement is usually defined at the highest level.,任務需求通常在最高層級定義。,The mission requirement drives the system-level Electromagnetic Compatibility (EMC) design.,任務需求會推動系統層級的 EMC 設計。,Requirements & Process,3,0,,MSFC-HDBK-3697,5,2026-06-30T13:03:24.136Z,mastered,
2,response,/rɪˈspɑːns/,回覆；回應,Please refer to the attached file for our responses to your questions.,請參考附件中我們對您問題的回覆。,The response should be concise but technically complete.,回覆應簡潔但技術內容完整。,Consultant Communication / Reply,Basic,0,,EMC顧問回覆與系統整合詞彙,2,2026-06-30T13:02:22.305Z,mastered,
68,power level control,/ˈpaʊər ˈlevl kənˈtroʊl/ | https://youglish.com/pronounce/power%20level%20control/english,功率等級控制,Power level control can reduce RF risk during integration testing.,功率等級控制可降低整合測試期間的 RF 風險。,The RF module should support power level control if desense is observed.,若觀察到 desense，RF 模組應支援功率等級控制。,RF / Antenna Operations,Intermediate,0,,EMC顧問回覆與系統整合詞彙,68,2026-06-30T13:01:05.292Z,mastered,
56,operation mode,/ˌɑːpəˈreɪʃn moʊd/ | https://youglish.com/pronounce/operation%20mode/english,操作模式,Each operation mode should have a defined Electromagnetic Compatibility (EMC) observation item.,每個操作模式都應有定義好的 EMC 觀察項目。,Quiet mode and RF transmit mode are two important operation modes.,Quiet mode 與 RF transmit mode 是兩個重要操作模式。,System Test / Failure Criteria,Basic,0,,EMC顧問回覆與系統整合詞彙,56,2026-06-30T12:56:22.456Z,mastered,
40,high dv/dt,/haɪ ˌdiː viː oʊvər ˌdiː ˈtiː/ | https://youglish.com/pronounce/high%20dv/dt/english,高電壓變化率,High dv/dt switching can capacitively couple noise into sensor wiring.,高 dv/dt 切換可能透過電容性耦合把雜訊導入感測器配線。,A shielded enclosure can reduce the effect of high dv/dt switching nodes.,屏蔽外殼可降低高 dv/dt 切換節點的影響。,Power / Transient / Protection,Advanced,0,,EMC顧問回覆與系統整合詞彙,40,2026-06-30T12:17:16.323Z,mastered,
39,high di/dt,/haɪ ˌdiː aɪ oʊvər ˌdiː ˈtiː/ | https://youglish.com/pronounce/high%20di/dt/english,高電流變化率,High di/dt loads such as JetVane drivers require careful routing and filtering.,JetVane 驅動器等高 di/dt 負載需要謹慎走線與濾波。,The high di/dt current loop should be kept as small as possible.,高 di/dt 電流迴路應盡可能縮小。,Power / Transient / Protection,Advanced,0,,EMC顧問回覆與系統整合詞彙,39,2026-06-30T12:17:07.921Z,mastered,
29,control plan,/kənˈtroʊl plæn/ | https://youglish.com/pronounce/control%20plan/english,控制計畫,The control plan links design rules to inspection and test evidence.,控制計畫將設計規則連結到檢查與測試證據。,Bonding checks should be listed in the control plan.,搭接檢查應列入控制計畫。,Verification / Requirements,Intermediate,0,,EMC顧問回覆與系統整合詞彙,29,2026-06-30T12:14:12.797Z,mastered,
20,system integration,/ˈsɪstəm ˌɪntɪˈɡreɪʃn/ | https://youglish.com/pronounce/system%20integration/english,系統整合,Electromagnetic Compatibility (EMC) problems often appear during system integration.,EMC 問題經常在系統整合階段出現。,The grounding condition changes after system integration on a non-conductive ring.,系統整合到不導電環上後，接地條件會改變。,Avionics / System Integration,Intermediate,0,,EMC顧問回覆與系統整合詞彙,20,2026-06-30T12:11:27.866Z,mastered,
19,interconnect,/ˌɪntərkəˈnekt/,互相連接；互連,The copper busbars interconnect the composite panels and the avionics ring.,銅排將複合材料面板與航電環互相連接。,All bonding points should be interconnected with low impedance paths.,所有搭接點應以低阻抗路徑互連。,Avionics / System Integration,Intermediate,0,,EMC顧問回覆與系統整合詞彙,19,2026-06-30T12:11:21.240Z,mastered,
18,subsystem,/ˈsʌbsɪstəm/,子系統,Each subsystem will be bonded to the local copper busbar.,每個子系統都會搭接到局部銅排。,"The avionics ring contains multiple power, RF, and control subsystems.",航電環包含多個電源、射頻與控制子系統。,Avionics / System Integration,Basic,0,,EMC顧問回覆與系統整合詞彙,18,2026-06-30T12:10:57.063Z,mastered,
11,final requirement,/ˈfaɪnəl rɪˈkwaɪərmənt/,最終需求；正式需求,The assumed values shall be confirmed in the final requirements.,假設值應在最終需求中確認。,The final requirement will be defined after consultant review.,最終需求將在顧問審查後定義。,Engineering Documentation / Assumptions,Intermediate,0,,EMC顧問回覆與系統整合詞彙,11,2026-06-30T12:10:19.783Z,mastered,
6,interface,/ˈɪntərfeɪs/,介面；接口,The bonding resistance shall be checked at each interface.,每個介面的搭接電阻都應被檢查。,The interface between the panel and the ring is critical for Electromagnetic Compatibility (EMC).,面板與航電環之間的介面對 EMC 很關鍵。,Engineering Documentation / Assumptions,Intermediate,0,,EMC顧問回覆與系統整合詞彙,6,2026-06-30T12:09:39.242Z,mastered,
1,consultant question,/kənˈsʌltənt ˈkwestʃən/,顧問問題,This slide summarizes the responses to consultant questions.,這張簡報彙整了對顧問問題的回覆。,Each consultant question should be answered with clear supporting information.,每個顧問問題都應以清楚的佐證資訊回覆。,Consultant Communication / Reply,Basic,0,,EMC顧問回覆與系統整合詞彙,1,2026-06-30T12:09:19.138Z,mastered,
25,intra-system Electromagnetic Compatibility (EMC),/ˈɪntrə ˈsɪstəm ˌiː em ˈsiː/ | https://youglish.com/pronounce/intra-system%20EMC/english,系統內 EMC；系統內部相容性,Intra-system Electromagnetic Compatibility (EMC) checks whether one onboard subsystem interferes with another.,系統內 EMC 檢查一個機載子系統是否會干擾另一個子系統。,JetVane operation is a key intra-system Electromagnetic Compatibility (EMC) case for DAQ monitoring.,JetVane 動作是 DAQ 監測的重要系統內 EMC 情境。,Electromagnetic Compatibility (EMC) / Electromagnetic Environmental Effects (E3) Planning,Advanced,0,,EMC顧問回覆與系統整合詞彙,25,2026-06-30T12:09:06.963Z,active,
100,regarding,/rɪˈɡɑːr.dɪŋ/,關於；有關,We would like to consult with you regarding the grounding architecture.,我們想就接地架構向您請教。,The attached file includes discussion topics regarding MIL-STD-464 compliance.,附件包含有關 MIL-STD-464 合規性的討論議題。,Documentation / Lessons Learned,2,0,,EMC航電詞彙整合2,100,2026-06-28T13:52:10.417Z,active,
97,concise,/kənˈsaɪs/,簡潔的；扼要的,Please keep the briefing document concise and focused.,請讓簡報文件保持簡潔且聚焦。,A concise summary helps the consultant understand the main issue quickly.,簡潔的摘要有助於顧問快速了解主要問題。,Documentation / Lessons Learned,2,0,,EMC航電詞彙整合2,97,2026-06-28T13:52:02.449Z,active,
104,challenge,/ˈtʃæl.ɪndʒ/,挑戰,The key challenge is the non-conductive composite structure.,主要挑戰是不導電的複合材質結構。,Cable shield termination is a major challenge in this design.,線纜屏蔽端接是此設計中的主要挑戰。,Troubleshooting,2,0,,EMC航電詞彙整合2,104,2026-06-28T13:51:38.108Z,active,
114,arranged at,/əˈreɪndʒd æt/,以……角度／位置排列,The three composite panels are arranged at 120 degrees.,三片複合板以 120 度排列。,The bonding points should be arranged at regular intervals around the ring.,搭接點應沿航電環以固定間距排列。,Grounding / Bonding,3,0,,EMC航電詞彙整合2,114,2026-06-28T13:21:53.853Z,active,
115,Mercedes-star,/mɚˈseɪ.diːz stɑːr/,賓士星形結構；三叉星形配置,The A1 mounting panels are arranged in a Mercedes-star configuration.,A1 安裝板以賓士星形配置排列。,The Mercedes-star layout provides three vertical mounting surfaces inside the ring.,賓士星形配置在航電環內提供三個垂直安裝面。,Overview / Scope,3,0,,EMC航電詞彙整合2,115,2026-06-28T13:21:35.419Z,active,
102,experience,/ɪkˈspɪr.i.əns/,經驗,We would appreciate your experience in rocket integration testing.,我們很希望了解您在火箭整合測試方面的經驗。,Practical experience is important for grounding and shielding implementation.,實務經驗對接地與屏蔽實作非常重要。,Documentation / Lessons Learned,2,0,,EMC航電詞彙整合2,102,2026-06-28T13:20:31.659Z,active,
110,diagram,/ˈdaɪ.ə.ɡræm/,示意圖；圖解,The diagram shows the bonding connection between the panels and the avionics ring.,示意圖顯示複合板與航電環之間的搭接連接。,A clear diagram will help the consultant understand the installation concept.,清楚的示意圖有助於顧問理解安裝概念。,Documentation / Lessons Learned,2,0,,EMC航電詞彙整合2,110,2026-06-28T13:20:16.185Z,active,
108,purposed,/ˈpɝː.pəst/,有目的的；被設計為某用途的（較少用；名詞建議用 purpose）,The proposed bonding network is purposed to provide a low-impedance reference path.,所提出的搭接網路旨在提供低阻抗參考路徑。,"In most technical writing, use 'intended' or 'designed' instead of 'purposed'.",在多數技術寫作中，建議用 intended 或 designed 取代 purposed。,Documentation / Lessons Learned,3,0,,EMC航電詞彙整合2,108,2026-06-28T13:20:10.186Z,active,
107,proposed,/prəˈpoʊzd/,建議的；提出的,The proposed topics are intended for the consultant's presentation.,這些建議議題是提供給顧問簡報使用的。,We need to review the proposed grounding concept before implementation.,在實作前，我們需要審查建議的接地概念。,Documentation / Lessons Learned,2,0,,EMC航電詞彙整合2,107,2026-06-28T13:19:57.009Z,active,
84,constraint,/kənˈstreɪnt/,限制條件,Countdown constraints may prevent certain RF transmitters from operating.,倒數限制可能禁止某些 RF 發射機運作。,Each constraint should be linked to a safety or Electromagnetic Compatibility (EMC) requirement.,每項限制條件都應連結到安全或 Electromagnetic Compatibility (EMC) 需求。,Launch Operations,3,1,Wed Jun 17 2026 00:00:00 GMT+0800 (Taiwan Standard Time),EMC航電詞彙整合2,84,2026-06-28T13:19:48.980Z,active,
112,lack of,/læk əv/,缺乏；不足,The lack of a conductive chassis is the main system-level concern.,缺乏導電機殼是主要的系統級疑慮。,A lack of shield continuity can reduce Electromagnetic Compatibility (EMC) performance.,缺乏屏蔽連續性會降低 EMC 性能。,Troubleshooting,2,0,,EMC航電詞彙整合2,112,2026-06-28T13:19:39.990Z,active,
101,concern,/kənˈsɝːn/,疑慮；關切；擔心,Our main concern is the lack of a conductive reference structure.,我們主要的疑慮是缺少導電參考結構。,The consultant should understand our system-level Electromagnetic Compatibility (EMC) concerns.,顧問應了解我們的系統級 EMC 疑慮。,Troubleshooting,2,0,,EMC航電詞彙整合2,101,2026-06-28T13:19:36.890Z,active,
96,ineffective,/ˌɪn.əˈfek.tɪv/,無效的；效果不佳的,A long pigtail may make the cable shield ineffective at high frequency.,過長的豬尾線可能使線纜屏蔽在高頻下失效。,Shielding can be ineffective without a proper termination reference.,若沒有適當的端接參考，屏蔽可能無效。,Troubleshooting,3,0,,EMC航電詞彙整合2,96,2026-06-28T13:19:33.248Z,active,
111,react to,/riˈækt tuː/,對……反應；回應（注意：不是「導致」，導致可用 lead to / result in）,We need to understand how the system will react to external Radio Frequency (RF) fields.,我們需要了解系統會如何對外部 RF 場反應。,The Data Acquisition (DAQ) system may react to conducted noise on the power line.,DAQ 系統可能會對電源線上的傳導雜訊產生反應。,RF Compatibility,3,0,,EMC航電詞彙整合2,111,2026-06-28T13:19:05.627Z,active,
103,effectiveness,/ɪˈfek.tɪv.nəs/,有效性；效果,Shielding effectiveness depends on continuity and proper termination.,屏蔽有效性取決於連續性與適當的端接。,We need to verify the effectiveness of the bonding network.,我們需要驗證搭接網路的有效性。,RF Compatibility,3,0,,EMC航電詞彙整合2,103,2026-06-28T13:18:50.963Z,active,
92,although,/ɔːlˈðoʊ/,雖然；儘管,"Although each subsystem passed Military Standard 461 (MIL-STD-461), system-level integration still needs to be verified.",雖然每個子系統都通過 MIL-STD-461，系統級整合仍然需要驗證。,"Although the ring is lightweight, it does not provide a natural conductive reference.",雖然航電環很輕，但它不會提供天然的導電參考。,Overview / Scope,2,0,,EMC航電詞彙整合2,92,2026-06-28T13:18:02.975Z,active,
98,approximately,/əˈprɑːk.sə.mət.li/,大約；約略,The A1 avionics ring is approximately 110 cm in diameter.,A1 航電環直徑約 110 公分。,Each composite panel is approximately 50 cm by 40 cm.,每片複合板尺寸約為 50 公分乘 40 公分。,Overview / Scope,2,0,,EMC航電詞彙整合2,98,2026-06-28T13:17:59.828Z,active,
99,sufficient,/səˈfɪʃ.ənt/,足夠的；充足的,The structure may not provide a sufficient Radio Frequency (RF) reference.,此結構可能無法提供足夠的 RF 參考。,We need sufficient bonding points around the avionics ring.,我們需要在航電環周圍提供足夠的搭接點。,Requirements / Standards,2,0,,EMC航電詞彙整合2,99,2026-06-28T13:17:48.397Z,active,
28,wire segregation,/waɪr ˌseɡ.rəˈɡeɪ.ʃən/,線路隔離、線種分離,Wire segregation prevents noisy cables from coupling into sensitive signals.,線路隔離可避免噪聲線纜耦合到敏感訊號。,"Power, RF, and low-level analog wires need proper wire segregation.",電源、RF 與低位準類比線路需要適當線路隔離。,Harness / Wiring / Shielding,5,1,Wed Jun 17 2026 00:00:00 GMT+0800 (Taiwan Standard Time),EMC航電詞彙整合2,28,2026-06-25T16:07:10.900Z,active,
73,susceptibility,/səˌsep.təˈbɪl.ə.ti/,敏感度；易受干擾性,Susceptibility tests evaluate how equipment reacts to external fields.,敏感度測試評估設備對外部場的反應。,Poor shielding increases system susceptibility.,屏蔽不良會增加系統敏感度。,Electromagnetic Compatibility (EMC) / Electromagnetic Environmental Effects (E3) Core Terms,4,1,Wed Jun 17 2026 00:00:00 GMT+0800 (Taiwan Standard Time),EMC航電詞彙整合1,73,2026-06-25T16:06:03.211Z,active,
30,edge lifting,/edʒ ˈlɪftɪŋ/ | https://youglish.com/pronounce/edge%20lifting/english,邊緣翹起,Edge lifting of copper foil should be avoided during installation.,施工時應避免銅箔邊緣翹起。,Edge lifting can create unreliable electrical contact.,邊緣翹起可能造成不可靠的電氣接觸。,Reliability / Failure Modes,Intermediate,0,,複合材質航電環,30,2026-06-25T16:04:59.598Z,active,
22,surface treatment,/ˈsɜːrfɪs ˈtriːtmənt/ | https://youglish.com/pronounce/surface%20treatment/english,表面處理,Surface treatment must not insulate the bonding contact area.,表面處理不可使搭接接觸面變成絕緣。,"Copper, aluminum, and stainless steel may require different surface treatments.",銅、鋁與不鏽鋼可能需要不同的表面處理。,Manufacturing / Procurement,Intermediate,0,,複合材質航電環,22,2026-06-25T16:04:49.388Z,active,
24,adhesive,/ədˈhiːsɪv/ | https://youglish.com/pronounce/adhesive/english,黏著劑；膠,Adhesive weight is outside the current estimate boundary.,黏著劑重量不在目前估算邊界內。,The adhesive process must prevent copper foil edges from lifting.,黏著製程必須避免銅箔邊緣翹起。,Manufacturing / Procurement,Intermediate,0,,複合材質航電環,24,2026-06-25T16:04:42.961Z,active,
3,weight estimate,/weɪt ˈestɪmət/ | https://youglish.com/pronounce/weight%20estimate/english,重量估算,"The weight estimate includes copper foil, busbars, screws, washers, and braided straps.",重量估算包含銅箔、銅排、螺絲、墊片與編織帶。,This weight estimate does not include adhesive or installation loss.,此重量估算不包含黏著劑或施工耗損。,Material Properties / Estimation,Basic,0,,複合材質航電環,3,2026-06-25T16:03:12.797Z,active,
18,circumference,/sərˈkʌmfərəns/ | https://youglish.com/pronounce/circumference/english,圓周長,The upper ring busbar length is based on the ring circumference.,上方環形銅排長度依據環體圓周長計算。,The circumference is calculated from the ring diameter.,圓周長由環體直徑計算。,Structure / Geometry,Intermediate,0,,複合材質航電環,18,2026-06-25T16:03:04.134Z,active,
35,flight article,/flaɪt ˈɑːrtɪkəl/ | https://youglish.com/pronounce/flight%20article/english,飛行件；實際飛行硬體,The final flight article should use the 100 micrometer copper foil baseline.,最終飛行件應以 100 微米銅箔為基準。,Prototype weights may differ from the flight article weight.,原型件重量可能與飛行件重量不同。,Scope / Baseline,Intermediate,0,,複合材質航電環,35,2026-06-25T16:02:47.777Z,active,
16,aerospace-grade,/ˈeroʊspeɪs ɡreɪd/,航太等級的,We have identified aerospace-grade materials for the outer surface.,我們已找到可用於外表面的航太等級材料。,Aerospace-grade coatings are usually qualified for harsh environments.,航太等級塗層通常會通過嚴苛環境的驗證。,Materials / Conductive Hardware,Intermediate,0,,未熟記單字練習,16,2026-06-25T15:54:47.746Z,removed,
12,subject to final confirmation,/ˈsʌbdʒekt tuː ˈfaɪnəl ˌkɑːnfərˈmeɪʃən/,待最終確認；需最終確認,The values are preliminary assumptions and subject to final confirmation.,這些數值為初步假設，仍待最終確認。,The bonding method is subject to final confirmation by the structural team.,搭接方法仍需由結構團隊做最終確認。,Engineering Documentation / Assumptions,Advanced,0,,EMC顧問回覆與系統整合詞彙,12,2026-06-25T15:53:30.227Z,active,
58,functional degradation,/ˈfʌŋkʃənl ˌdeɡrəˈdeɪʃn/ | https://youglish.com/pronounce/functional%20degradation/english,功能劣化；功能下降,The acceptance criteria should define allowable functional degradation.,驗收標準應定義允許的功能劣化程度。,Mission-critical functions should have no functional degradation during Electromagnetic Compatibility (EMC) testing.,任務關鍵功能在 EMC 測試期間不應有功能劣化。,System Test / Failure Criteria,Advanced,0,,EMC顧問回覆與系統整合詞彙,58,2026-06-25T11:58:17.010Z,active,
47,stitching,/ˈstɪtʃɪŋ/ | https://youglish.com/pronounce/stitching/english,多點縫合式連接；密集搭接點,More stitching points reduce the high-frequency impedance of the panel edge.,更多 stitching 點可降低板邊高頻阻抗。,RF-sensitive areas should use a shorter stitching interval.,RF 敏感區應使用較短的 stitching 間距。,Assembly / Ground Reference,Advanced,0,,EMC顧問回覆與系統整合詞彙,47,2026-06-25T11:56:00.019Z,active,
9,preliminary assumption,/prɪˈlɪməneri əˈsʌmpʃən/,初步假設,The values shown in this table are preliminary assumptions.,此表中的數值為初步假設。,This grounding layout is based on a preliminary assumption.,此接地配置是基於初步假設。,Engineering Documentation / Assumptions,Intermediate,0,,EMC顧問回覆與系統整合詞彙,9,2026-06-25T11:45:28.929Z,active,
7,preliminarily,/prɪˌlɪməˈnerəli/,初步地；暫時地,The structural department has preliminarily agreed to this approach.,結構部門已初步同意此作法。,The acceptance values were preliminarily defined for discussion.,驗收值是為了討論而初步定義的。,Engineering Documentation / Assumptions,Intermediate,0,,EMC顧問回覆與系統整合詞彙,7,2026-06-25T11:41:43.127Z,active,
57,self-compatibility,/self kəmˌpæt̬.əˈbɪl.ə.t̬i/,自相容性,Self-compatibility testing checks interference within the vehicle.,自相容性測試會檢查載具內部干擾。,Self-compatibility problems often appear when multiple radios operate together.,多個無線電同時運作時常會出現自相容性問題。,RF Compatibility,5,1,Wed Jun 17 2026 00:00:00 GMT+0800 (Taiwan Standard Time),EMC航電詞彙整合2,57,2026-06-25T11:33:06.908Z,active,
14,tinned copper,/tɪnd ˈkɑːpər/ | https://youglish.com/pronounce/tinned%20copper/english,鍍錫銅,The braided strap is modeled as tinned copper in the weight estimate.,重量估算中將編織帶視為鍍錫銅。,Tinned copper can improve corrosion resistance compared with bare copper.,相較於裸銅，鍍錫銅可提升耐腐蝕性。,Conductive Materials / Electromagnetic Compatibility (EMC) Hardware,Intermediate,0,,複合材質航電環,14,2026-06-25T02:39:00.454Z,active,
88,inspection,/ɪnˈspek.ʃən/,檢查,Bonding inspection should be performed after installation.,安裝後應執行搭接檢查。,Visual inspection alone is not sufficient for bonding verification.,僅靠目視檢查不足以驗證搭接。,Verification / Testing,2,0,,EMC航電詞彙整合1,88,2026-06-24T16:42:51.037Z,active,
78,acceptance criteria,/əkˈsep.təns kraɪˈtɪr.i.ə/,驗收標準,The consultant should help define acceptance criteria.,顧問應協助定義驗收標準。,Bonding resistance limits should be part of the acceptance criteria.,搭接電阻限制應納入驗收標準。,Verification / Testing,4,1,Wed Jun 17 2026 00:00:00 GMT+0800 (Taiwan Standard Time),EMC航電詞彙整合1,78,2026-06-24T16:42:40.506Z,active,
55,coax shield,/ˈkoʊ.æks ʃiːld/,同軸線屏蔽層,The coax shield should be bonded at the antenna interface.,同軸線屏蔽層應在天線介面搭接。,Poor coax shield bonding may cause RF leakage.,同軸屏蔽搭接不良可能造成 RF 洩漏。,Harness / Connector / Cable Shielding,4,1,Wed Jun 17 2026 00:00:00 GMT+0800 (Taiwan Standard Time),EMC航電詞彙整合1,55,2026-06-24T16:41:55.616Z,active,
13,conductive chassis,/kənˈdʌk.tɪv ˈʃæs.i/,導電機殼；導電底盤,The avionics ring does not have a conductive chassis.,航電環沒有導電機殼。,"Without a conductive chassis, shield termination becomes more difficult.",沒有導電機殼時，屏蔽端接會變得更困難。,Composite Structure / Conductive Hardware,4,1,Wed Jun 17 2026 00:00:00 GMT+0800 (Taiwan Standard Time),EMC航電詞彙整合1,13,2026-06-24T16:41:40.192Z,active,
25,enclosure,/ɪnˈkloʊ.ʒɚ/,外殼；機箱,Each subsystem enclosure should be bonded to the reference network.,每個子系統外殼都應搭接到參考網路。,A floating enclosure may increase radiated emissions.,浮接外殼可能增加輻射發射。,Avionics Ring / Enclosure,3,1,Wed Jun 17 2026 00:00:00 GMT+0800 (Taiwan Standard Time),EMC航電詞彙整合1,25,2026-06-24T16:41:21.222Z,active,
82,umbilical transient,/ʌmˈbɪl.ɪ.kəl ˈtræn.zi.ənt/,臍帶纜線暫態,Umbilical transients may occur during disconnect.,臍帶纜線在斷開時可能產生暫態。,The avionics power input must tolerate umbilical transients.,航電電源輸入必須能承受臍帶纜線暫態。,Launch Operations,5,1,Wed Jun 17 2026 00:00:00 GMT+0800 (Taiwan Standard Time),EMC航電詞彙整合2,82,2026-06-24T16:40:58.000Z,active,
7,applicable standards,/ˈæp.lɪ.kə.bəl ˈstæn.dɚdz/,適用標準,Military Standard 461 (MIL-STD-461) and MIL-STD-464 are applicable standards.,Military Standard 461 (MIL-STD-461) 與 MIL-STD-464 是適用標準。,Applicable standards should be listed before test planning begins.,在測試規劃開始前應列出適用標準。,Overview / Scope,3,1,Wed Jun 17 2026 00:00:00 GMT+0800 (Taiwan Standard Time),EMC航電詞彙整合2,7,2026-06-24T16:39:26.197Z,active,
6,compliance,/kəmˈplaɪ.əns/,符合規範；合規,Our goal is to support MIL-STD-464 compliance.,我們的目標是支撐 MIL-STD-464 合規。,Box-level compliance does not guarantee system-level compliance.,單機合規不代表系統級一定合規。,Electromagnetic Compatibility (EMC) / Electromagnetic Environmental Effects (E3) Core Terms,3,0,,EMC航電詞彙整合1,6,2026-06-24T15:53:50.866Z,active,
17,geometry,/dʒiˈɑːmətri/ | https://youglish.com/pronounce/geometry/english,幾何尺寸；幾何形狀,The weight model is based on the ring geometry and copper coverage.,重量模型以環體幾何尺寸與銅箔覆蓋率為基礎。,Incorrect geometry will lead to an incorrect weight estimate.,幾何尺寸錯誤會導致重量估算錯誤。,Structure / Geometry,Intermediate,0,,複合材質航電環,17,2026-06-24T15:18:20.947Z,active,
